<t24help>
    <header>
        <product>FILEND</product>
        <title> </title>
        <table>AA.ARR.XKELA</table>
    </header>
    <overview>
        <ovdesc>
            <p>Fields in XKELA external property class</p>
        </ovdesc>
        <ovimage>
        </ovimage>
    </overview>
    <menu>
        <t>
            <field>CAP.DUE.DATE</field>
            <desc>
                <p>The date on which the interest has to be capitalized when the confirmation is received. If KELA does not confirm, then for this date the interest and fee has to be made due.</p>
            </desc>
        </t> 
		<t>
            <field>MAX.CAP.PERIOD</field>
            <desc>
                <p>The maximum capitalization period that the account can have interest capitalization. </p>
            </desc>
        </t> 
		<t>
            <field>MAX.REPAYMENT.TERM</field>
            <desc>
                <p>The maximum repayment tenure the account can have. </p>
            </desc>
        </t> 
		<t>
            <field>PAYMENT.PLAN</field>
            <desc>
                <p>The valid repayment plan</p>
            </desc>
        </t> 
		<t>
            <field>PAYMENT.FREQUENCY</field>
            <desc>
                <p>The valid frequency </p>
            </desc>
        </t> 
		<t>
            <field>GUARANTEE.EXP.PERIOD</field>
            <desc>
                <p>The valid period by which the KELA guarantee would expire. </p>
            </desc>
        </t> 
		<t>
            <field>INTEREST.PROPERTY</field>
            <desc>
                <p>The valid Interest property </p>
            </desc>
        </t> 
		<t>
            <field>BILL.ADV.SETTLEMENT</field>
            <desc>
                <p>The days in advance the Bill has to be send </p>
            </desc>
        </t> 
		<t>
            <field>BILL.ADV.NO.SETTLEMENT</field>
            <desc>
                <p>The days in advance the Bill has to be send </p>
            </desc>
        </t> 
		<t>
            <field>KELA.MAX.COUNTER</field>
            <desc>
                <p>The maximum counter after which the repayment has to start. </p>
            </desc>
        </t> 
		<t>
            <field>INVOICING.FEE</field>
            <desc>
                <p>To capture the charge of the account </p>
            </desc>
        </t> 
		<t>
            <field>BILL.TYPE</field>
            <desc>
                <p>To capture the Bill type </p>
            </desc>
        </t> 
		<t>
            <field>ACADEMIC.YEAR</field>
            <desc>
                <p>The no of academic  </p>
            </desc>
        </t> 
		<t>
            <field>GUARANTEE.EXP.DATE</field>
            <desc>
                <p>The guarantee expiry is based on first disbursement.The gurantee expiry date is first disbursement+guarantee expiry period</p>
            </desc>
        </t> 
		<t>
            <field>TERMINATION.REASON.CODE</field>
            <desc>
                <p> Reason for terminating the student loan is updated in this field. Termination fee is charged based on the reasons chosen by user. Mandatory field when termination is processed for a student loan product. </p>
            </desc>
        </t> 
		<t>
            <field>TERMINATION.DATE</field>
            <desc>
                <p>Date on which the loan is terminated by bank. Optional input for reason code A, O and V. Mandatory input when termination reason is E and M. For termination, reason P ands K, this field is auto populated and manual input is not allowed.</p>
            </desc>
        </t> 
		<t>
            <field>MATURITY.DATE</field>
            <desc>
                <p>Date on which the terminated loan will mature. It is updated during termination process. It is auto populated for termination reason code E and M. It is manually input for reasons other than E and M.</p>
            </desc>
        </t> 
		<t>
            <field>PS.REC.ID</field>
            <desc>
                <p>Record id of the AA.ARR.PAYMENT.SCHEDULE that was part of the arrangement before termination process will be stored in this field. If there are multiple terminations, the latest record id of AA.ARR.PAYMENT.SCHEDULE will be stored in this field.</p>
            </desc>
        </t> 
		<t>
            <field>TERMINATION.FLAG</field>
            <desc>
                <p> Yes/No field, which will be updated by Transact when termination is triggered for a loan. It is not a user input field. </p>
            </desc>
        </t> <t>
            <field>TERMINATION.REVERSAL.DATE</field>
            <desc>
                <p>Date on which the termination was reversed. The latest reversal date will be captured in this field. </p>
            </desc>
        </t> 
		<t>
            <field>PREV.REASON.CODE</field>
            <desc>
                <p>If there are multiple termination done for a loan, the reason that was selected during last termination is captured here. This will be a multivalue associated set, starting from Previous Termination Reason Code up to Previous Termination Reversal Date.</p>
            </desc>
        </t> 
		<t>
            <field>PREV.TERMINATION.DATE</field>
            <desc>
                <p>The termination date that was selected during last termination is captured here. This will be a multivalue associated set, starting from Previous Termination Reason Code up to Previous Termination Reversal Date.</p>
            </desc>
        </t> 
		<t>
            <field>PREV.MATURITY.DATE</field>
            <desc>
                <p>The maturity date that was selected during last termination is captured here. This will be a multivalue associated set, starting from Previous Termination Reason Code up to Previous Termination Reversal Date.</p>
            </desc>
        </t> 
		<t>
            <field>PREV.PS.REC.ID</field>
            <desc>
                <p>The payment schedule that was part of the arrangement during last termination is captured here. This will be a multivalue associated set, starting from Previous Termination Reason Code up to Previous Termination Reversal Date.</p>
            </desc>
        </t> 
		<t>
            <field>PREV.REVERSAL.DATE</field>
            <desc>
                <p>The reversal date updated during last termination reversal is captured here. This will be a multivalue associated set, starting from Previous Termination Reason Code up to Previous Termination Reversal Date.</p>
            </desc>
        </t> 
		<t>
            <field>PROHIBITION.FLAG</field>
            <desc>
                <p>This will be a yes/no field to indicate if prohibition is applicable on a loan. </p>
            </desc>
        </t> 
		<t>
            <field>DISBURSEMENT.PLAN.TYPE</field>
            <desc>
                <p>This will be an informative field to indicate if the disbursement is based on KELA’s plan or students plan. This is defaulted as “KELA”.</p>
            </desc>
        </t> 
		<t>
            <field>CANCELLATION.REASON</field>
            <desc>
                <p>This field indicates the reason for cancellation which can be chosen from the given options.</p>
            </desc>
        </t> 
        </menu>
</t24help>
