<?xml version="1.0" encoding="utf-8"?>
<t24help>
<header>
<product>AA</product>
<table>AA.ARR.MG.OTH.COND</table>
</header>
<overview>
<ovdesc>

            <p />
            <p>  This property class represents conditions for the module MG in T24. This property class is used for classic products.</p>
        </ovdesc>
<ovimage></ovimage>
</overview>
<menu>
<t>
<field>NR.MESSAGE</field>
<desc>
            <p>System field - not used for arrangement conditions</p>
            <p />
            <p>
                <p>Validation Rules:</p>
            </p>
            <p>System Field NoINPUT allowed -</p>
        </desc>
</t>
<t>
<field>ID.COMP.3</field>
<desc>
            <p>Contains the Effective Date of this property condition</p>
            <p>System updated field no input allowed</p>
            <p />
        </desc>
</t>
<t>
<field>ID.COMP.2</field>
<desc>
            <p>Contains the name of the property that this arrangement level condition relates to</p>
            <p>Name is defined in AA.PRORERTY table</p>
            <p>System maintained field no input allowed</p>
            <p />
        </desc>
</t>
<t>
<field>CURRENCY</field>
<desc>
            <p>Indicates the currency for which the set of rules is defined. </p>
            <p />
            <p />
            <p />
            <p />
            <p />
            <p>   Different set of rules can be defined for different currencies, by multi-valuing this field.</p>
            <p />
            <p />
            <p />
            <p />
            <p />
            <p>   Mandatory input if any rules under it are defined.</p>
            <p />
            <p />
            <p />
            <p />
            <p />
            <p>
                <p>Validation Rules:</p>
            </p>
            <p />
            <p />
            <p />
            <p />
            <p />
            <p>   3 alpha currency mnemonic or 1-3 numeric currency code.</p>
            <p />
            <p />
            <p />
            <p>   The currency code or the mnemonic must exist on the currency table</p>
            <p />
            <p />
        </desc>
</t>
<t>
<field>NR.STD.COMP</field>
<desc>
            <p>Not used for Arrangement Conditions</p>
            <p />
            <p />
            <p>
                <p>Validation Rules:</p>
            </p>
            <p>Input not allowed</p>
        </desc>
</t>
<t>
<field>TARGET.PRODUCT</field>
<desc>
            <p>This field denotes the target classic product of the given property class</p>
            <p />
            <p>The already existing T24 products are mapped using AA infrastructure</p>
            <p>These are called classic products</p>
            <p>These products are mapped to different property clases</p>
            <p />
        </desc>
</t>
<t>
<field>ID.COMP.5</field>
<desc>
            <p>Reserved for future use</p>
            <p>System field no input allowed</p>
            <p />
        </desc>
</t>
<t>
<field>DFT.CHG.CODE</field>
<desc>
            <p>Default charge codes for the respective category and currency. Identifies the type of charge (s) to be levied as defined in the FT.CHARGE.TYPE or FT.COMMISSION.TYPE table. </p>
            <p />
            <p />
            <p />
            <p />
            <p />
            <p>
                <p>Validation Rules:</p>
            </p>
            <p />
            <p />
            <p />
            <p />
            <p />
            <p>   1-2 alphanumeric characters. Multi-value field associated with currency.</p>
            <p />
            <p />
            <p />
            <p />
            <p />
            <p />
            <p />
            <p />
            <p />
            <p>   Optional Input</p>
            <p />
            <p />
            <p />
            <p />
            <p />
            <p />
            <p />
            <p />
            <p />
            <p>   Must be a valid charge code on the FT.CHARGE.TYPE or FT.COMMISSION.TYPE table</p>
            <p />
            <p />
            <p />
            <p />
            <p />
            <p />
            <p />
            <p />
            <p />
            <p>   The same charge code cannot be duplicated in this multi-value set.</p>
            <p />
            <p />
        </desc>
</t>
<t>
<field>DEFAULT.ATTR.OPTION</field>
<desc>
            <p>Optional field - Allowed Values are RESETTING and NON-RESETTING.</p>
            <p />
            <p> RESETTING - During any Renewal Activities (for eg : change.product, rollover or reset) the property conditions will be reset from the product.</p>
            <p />
            <p> NON-RESETTING - During any Renewal Activities property conditions will be maintained from the Arrangement level.</p>
            <p />
            <p> Leaving the field blank sets NON-RESETTING as the default option.</p>
            <p />
            <p> Not used in Arrangement/Sim level.</p>
            <p />
            <p> Not used in Arrangement/Sim level.</p>
            <p />
        </desc>
</t>
<t>
<field>NEGOTIATED.FLDS</field>
<desc>
            <p>No input and multi value field that lists the attributes on the arrangement property record that have been fixed and/or negotiated. These are stored when the arrangement level record is committed. When the arrangement level record is next used all items in the NEGOTIATED.FIELDS list will be maintained</p>
            <p>Once an attribute has been fixed or negotiated it will remain in negotiated field list on all subsequent dated versions of the property.</p>
        </desc>
</t>
<t>
<field>STMT.NOS</field>
<desc>
            <p>Contains the key to the accounting entries raised by the activity being applied to this arrangement property</p>
            <p />
        </desc>
</t>
<t>
<field>PR.BRK.RES</field>
<desc>
            <p>When a rule is broken what action needs to be taken is defined here. Currently, the various options available are </p>
            <p />
            <p>Error block further processing</p>
            <p>Override Give an override</p>
            <p>Information  Record details only</p>
            <p>CAP the rule value is to be used as a CAP if the rule is broken</p>
            <p>FLOOR the rule value is to be used as a FLOOR if the rule is broken</p>
            <p />
            <p>
                <p>Validation Rules:</p>
            </p>
            <p>Should be one of the above valid options</p>
        </desc>
</t>
<t>
<field>PR.BRK.MSG</field>
<desc>
            <p>Based on the PR.BRK.RES option selected, this will hold either an OVERRIDE or EB.ERROR id. By default the ids will be picked from the associated EB.COMPARISON.TYPE record. If CAP or FLOOR values are given, then the underlying AA.PERIODIC.ATTRIBUTE.CLASS should have this type defined in it</p>
            <p />
            <p>
                <p>Validation Rules:</p>
            </p>
            <p>Input must be a valid OVERRIDE ID or EB.ERROR ID</p>
        </desc>
</t>
<t>
<field>DEFAULT.NEGOTIABLE</field>
<desc>
            <p>Not used for arrangement level conditions</p>
            <p />
        </desc>
</t>
<t>
<field>ID.COMP.1</field>
<desc>
            <p>Contains the arrangement number, extracted from the first component of the id</p>
            <p>System updated field no input allowed</p>
            <p />
        </desc>
</t>
<t>
<field>PR.VALUE</field>
<desc>
            <p>This is the actual rule value, which will be applied on certain attributes of the property classes over a period of time.</p>
            <p />
            <p>
                <p>Validation Rules:</p>
            </p>
            <p>Input must be a valid data type defined in the corresponding</p>
            <p>AA.PERIODIC.ATTRIBUTE.CLASS record.</p>
        </desc>
</t>
<t>
<field>PR.APP.PERIOD</field>
<desc>
            <p>This field denotes the application period for the given periodic rule charges.</p>
            <p>The periodic rule charges will be applied at the end of the period. If the value defined is zero, then the charges are applied immediately.</p>
            <p>Standard T24 period field.</p>
            <p>Not inputtable at arrangement level</p>
            <p />
        </desc>
</t>
<t>
<field>NR.OPTIONS</field>
<desc>
            <p>System field - not used for arrangement conditions</p>
            <p />
            <p>
                <p>Validation Rules:</p>
            </p>
            <p>System Field NoINPUT allowed -</p>
        </desc>
</t>
<t>
<field>PR.ATTRIBUTE</field>
<desc>
            <p>These are set of Attributes which define the names of the rule, which will be applied on certain attributes of property classes over a period of time</p>
            <p />
            <p>
                <p>Validation Rules:</p>
            </p>
            <p>Input must be a valid record from AA.PERIODIC.ATTRIBUTE</p>
        </desc>
</t>
<t>
<field>NR.TYPE</field>
<desc>
            <p>System field - not used for arrangement conditions</p>
            <p />
            <p>
                <p>Validation Rules:</p>
            </p>
            <p>System Field NoINPUT allowed -</p>
        </desc>
</t>
<t>
<field>ACTION</field>
<desc>
            <p>The activity that caused this arrangement property to be updated.</p>
            <p>The activity is taken from the underlying AA.ARRANGEMENT.ACTIVITY request that caused the record to be modified</p>
            <p />
        </desc>
</t>
<t>
<field>ACTIVITY</field>
<desc>
            <p>The activity that caused this arrangement property to be updated.</p>
            <p>The activity is taken from the underlying AA.ARRANGEMENT.ACTIVITY request that caused the record to be modified</p>
            <p />
        </desc>
</t>
<t>
<field>ARRANGEMENT.KEY</field>
<desc>
            <p>The key to the arrangement property condition. The key is comprised of the following components (delimited by a "-"):</p>
            <p>Arrangement Id</p>
            <p>Property name&gt;</p>
            <p>Effective Date</p>
            <p />
        </desc>
</t>
<t>
<field>CHANGED.FIELDS</field>
<desc>
            <p>No input and multi value field lists all fields that have been negotiated for each dated version of the property. For a subsequently dated property, the attributes listed in this field will appear in "Negotiated.Fields" and only newly negotiated fields will appear on "Changed.Fields"</p>
            <p />
            <p />
        </desc>
</t>
<t>
<field>PR.BRK.CHARGE</field>
<desc>
            <p>Not used for arrangement level conditions</p>
            <p />
            <p>
                <p>Validation Rules:</p>
            </p>
            <p>Input not allowed.</p>
        </desc>
</t>
<t>
<field>NR.ATTRIBUTE</field>
<desc>
            <p>System field - not used for arrangement conditions</p>
            <p />
            <p>
                <p>Validation Rules:</p>
            </p>
            <p>System Field NoINPUT allowed -</p>
        </desc>
</t>
<t>
<field>NR.VALUE</field>
<desc>
            <p>System field - not used for arrangement conditions</p>
            <p />
            <p>
                <p>Validation Rules:</p>
            </p>
            <p>System Field NoINPUT allowed -</p>
        </desc>
</t>
<t>
<field>FWD.BWD</field>
<desc>
            <p>This field indicates the method which will be followed for the generation of schedules and the action which will be taken if the derived date is a non working day. </p>
            <p />
            <p>   The following provides an explanation of the various input values for this field: </p>
            <p />
            <p>   If the derived day is a non working day the system response will be: </p>
            <p />
            <p>   FWD= forward The system will go forward to the next working day. </p>
            <p />
            <p>   BWD = backward The system will go backward to the last working day. </p>
            <p />
            <p>   FSM= fwd same month The system will go forward to the next working day provided it is within the same month. If it is not within the same month the system will go backward to the last working day. </p>
            <p />
            <p>   CAL = Calendar The system will use the same date irrespective of whether dates cycled are working days or not. </p>
            <p />
            <p>
                <p>Validation Rules:</p>
            </p>
            <p />
            <p>   permitted values - FWD, BWD,FSM,CAL </p>
            <p />
            <p />
        </desc>
</t>
<t>
<field>ID.COMP.6</field>
<desc>
            <p>Reserved for future use</p>
            <p>System field no input allowed</p>
            <p />
        </desc>
</t>
<t>
<field>ID.COMP.4</field>
<desc>
            <p>Reserved for future use</p>
            <p>System field no input allowed</p>
            <p />
        </desc>
</t>
<t>
<field>PR.APP.METHOD</field>
<desc>
            <p>This field denotes the application method that needs to be applied to the periodic rule charges.</p>
            <p>Allowed values are</p>
            <p>Due - The periodic rule charges are made due</p>
            <p>Capitalise - The periodic rule charges are capitalised</p>
            <p>Not inputtable at arrangement level</p>
            <p />
        </desc>
</t>
<t>
<field>OWNING.COMPANY</field>
<desc>
            <p>This field is used to capture the T24 Company(ies) that own the Product Condition record. There is no functionality attached to this field and can be used only for access control through SMS verification.</p>
            <p/> 
            <p>The input in this field must be a valid record in company table and should belong to current financial group.</p>
            <p/> 
            <p>This is a multi value field. Input in this field is optional.</p>
        </desc>
</t> 
<t><field>NR.ATTRIBUTE.RULE</field><desc><p>Help Text for this field is unavailable.  Please refer to the T24 User Guides for further information.</p></desc></t><t><field>NR.VALUE.SOURCE</field><desc><p>Help Text for this field is unavailable.  Please refer to the T24 User Guides for further information.</p></desc></t><t><field>API.ATTRIBUTE</field><desc><p>Help Text for this field is unavailable.  Please refer to the T24 User Guides for further information.</p></desc></t></menu>
</t24help>

