<t24help>
    <header>
        <product>FILEND</product>
        <title> </title>
        <table>AA.ARR.XCREDITLOSS</table>
    </header>
    <overview>
        <ovdesc>
            <p>Fields in XCREDITLOSS external property class</p>
        </ovdesc>
        <ovimage>
        </ovimage>
    </overview>
    <menu>
        <t>
            <field>FULL.WRITEOFF</field>
            <desc>
                <p>This field marks if full writeoff has happened or not</p>
            </desc>
        </t> 
        <t>
            <field>WRITEOFF.DATE</field>
            <desc>
                <p>This field denotes the date on which full writeoff is performed</p>
            </desc>
        </t> 
        <t>
            <field>WRITEOFF.BALANCE</field>
            <desc>
                <p>This field denotes the balance for which writeoff is performed</p>
            </desc>
        </t> 
        <t>
            <field>WRITEOFF.PROPERTY</field>
            <desc>
                <p>This field denotes the property for which writeoff is performed</p>
            </desc>
        </t> 
        <t>
            <field>WRITEOFF.CURRENCY</field>
            <desc>
                <p>This field denotes the currency in which writeoff happened</p>
            </desc>
        </t> 
        <t>
            <field>WRITEOFF.AMOUNT</field>
            <desc>
                <p>This field denotes the writeoff amount</p>
            </desc>
        </t> 
        <t>
            <field>WRITEOFF.REVERSAL.DATE</field>
            <desc>
                <p>This field denotes the date on which the writeoff is reversed</p>
            </desc>
        </t> 
        <t>
            <field>OLD.PROPERTY.AMOUNT</field>
            <desc>
                <p>This field denotes the current balance amount of the corresponding property before reversal</p>
            </desc>
        </t> 
        <t>
            <field>CUR.ACC.ORIGINAL</field>
            <desc>
                <p>This field is captured for the purpose of internal calculations. It denotes the current account balance</p>
            </desc>
        </t> 		
        </menu>
</t24help>
