<?xml version="1.0" encoding="utf-8"?>
<t24help xmlns:xsi="http://www.w3.org/2001/XMLSchema-instance">
    <header>
        <product>AA</product>
        <table>AA.ARR.TRANSACTION.RULES</table>
    </header>
    <overview>
        <ovdesc>
            <p>Transaction Rules is a TRANSACTION property class which is used to apply the payment to the arrangements under a Facility when a combined payment is made at the Facility. When a customer makes a combined payment at Facility, the  payment amount is apportioned to the underlying drawings based on the payment priority definition at Facility. Transaction rules property class is to apply the allocated amount to the arrangement under Facility.</p>
        </ovdesc>
    </overview>
    <menu>
        <t>
            <field>CHANGED.FIELDS</field>
            <desc>
                <p>No input and multi value field - lists all fields that have been negotiated for each dated version of the property. For a subsequently dated property, the attributes listed in this field will appear in &quot;Negotiated.Fields&quot; and only newly negotiated fields will appear on &quot;Changed.Fields&quot;</p>
            </desc>
        </t>
        <t>
            <field>DEFAULT.ATTR.OPTION</field>
            <desc>
                <p>Optional field - Allowed Values are RESETTING and NON-RESETTING.</p>
                <p/>
                <p>RESETTING - During any Renewal Activities (for eg : change.product, rollover or reset) the property conditions will be reset from the product.</p>
                <p/>
                <p>NON-RESETTING - During any Renewal Activities property conditions will be maintained from the Arrangement level.</p>
                <p/>
                <p>Leaving the field blank sets NON-RESETTING as the default option.</p>
            </desc>
        </t>
        <t>
            <field>DEFAULT.NEGOTIABLE</field>
            <desc>
                <p>Defines whether all attributes (fields) can be negotiable or not.</p>
                <p/>
                <p>This field is Mandatory</p>
                <p/>
                <p>Valid options are YES and NO</p>
            </desc>
        </t>
        <t>
            <field>ID.COMP.1</field>
            <desc>
                <p>Contains the arrangement number, extracted from the first component of the id</p>
                <p/>
                <p>Not applicable at product level</p>
                <p/>
                <p>System updated field no input allowed</p>
            </desc>
        </t>
        <t>
            <field>ID.COMP.2</field>
            <desc>
                <p>The action that was triggered on the arrangement property</p>
                <p/>
                <p>The action is taken from ACTIVITY.CLASS record of the underlying AA.ARRANGEMENT.ACTIVITY request that caused the record to be modified.</p>
            </desc>
        </t>
        <t>
            <field>ID.COMP.3</field>
            <desc>
                <p>Contains the effective date of the property condition</p>
                <p/>
                <p>Not applicable at product level</p>
                <p/>
                <p>System updated field no input allowed</p>
            </desc>
        </t>
        <t>
            <field>ID.COMP.4</field>
            <desc>
                <p>Reserved for future use</p>
                <p/>
                <p>Not applicable at product level</p>
                <p/>
                <p>System field no input allowed</p>
            </desc>
        </t>
        <t>
            <field>ID.COMP.5</field>
            <desc>
                <p>Reserved for future use</p>
                <p/>
                <p>Not applicable at product level</p>
                <p/>
                <p>System field no input allowed</p>
            </desc>
        </t>
        <t>
            <field>ID.COMP.6</field>
            <desc>
                <p>Reserved for future use</p>
                <p/>
                <p>Not applicable at product level</p>
                <p/>
                <p>System field no input allowed</p>
            </desc>
        </t>
        <t>
            <field>NEGOTIATED.FLDS</field>
            <desc>
                <p>No input and multi value field that lists the attributes on the arrangement property record that have been fixed and/or negotiated. These are stored when the arrangement level record is committed. When the arrangement level record is next used all items in the NEGOTIATED.FIELDS list will be maintained.</p>
                <p/>
                <p>Once an attribute has been fixed or negotiated it will remain in negotiated field list on all subsequent dated versions of the property.</p>
            </desc>
        </t>
        <t>
            <field>ACTION</field>
            <desc>
                <p>Help Text for this field is unavailable.  Please refer to the T24 User Guides for further information.</p>
            </desc>
        </t>
        <t>
            <field>NR.ATTRIBUTE</field>
            <desc>
                <p>Defines which individual attribute (field) has the negotiation rules defined in fields &quot;Nr.Negotiable&quot; through to &quot;Nr.Message&quot;</p>
                <p/>
                <p>Must be a valid field name within this property</p>
                <p/>
                <p>This field is part of a multi value set</p>
            </desc>
        </t>
        <t>
            <field>NR.ATTRIBUTE.RULE</field>
            <desc>
                <p>Help Text for this field is unavailable.  Please refer to the T24 User Guides for further information.</p>
            </desc>
        </t>
        <t>
            <field>NR.MESSAGE</field>
            <desc>
                <p>This field indicates whether to raise error or override message when rule is broken</p>
                <p/>
                <p>Allows only two values ERROR or OVERRIDE</p>
                <p/>
                <p>ERROR error message is raised</p>
                <p/>
                <p>OVERRIDE Override message is generated</p>
            </desc>
        </t>
        <t>
            <field>NR.OPTIONS</field>
            <desc>
                <p>Defines named values to indicate if an option applies to the associated NR.ATTRIBUTE. More than one option can be associated with the NR.ATTRIBUTE, with certain restrictions.</p>
                <p/>
                <p>Valid Inputs are NEGOTIABLE, NON-NEGOTIABLE, OVERRIDE, FIX-VALUE, MANDATORY as described below: -</p>
                <p/>
                <p>NEGOTIABLE</p>
                <p/>
                <p>The value of NEGOTIABLE will indicate that the associated NR.ATTRIBUTE can be negotiated at the arrangement level.</p>
                <p/>
                <p>NON-NEGOTIABLE</p>
                <p/>
                <p>The value of NON-NEGOTIABLE will indicate that the associated NR.ATTRIBUTE cannot be negotiated at the arrangement level. Both NEGOTIABLE and NON-NEGOTIABLE cannot be defined together</p>
                <p/>
                <p>OVERRIDE</p>
                <p/>
                <p>Specifies if a default override message should be generated if the default attribute is amended at the arrangement level. If OVERRIDE is not specified, no override will be generated.</p>
                <p/>
                <p>FIX-VALUE</p>
                <p/>
                <p>Specified if the field value is to be fixed at the arrangement level. If FIX-VALUE is not specified the field value will vary with the changes to the underlying product condition.</p>
                <p/>
                <p>MANDATORY</p>
                <p/>
                <p>Specifies if the attribute is mandatory for this product condition. Can only be specified where the attribute is not defined as mandatory in the property class.</p>
            </desc>
        </t>
        <t>
            <field>NR.STD.COMP</field>
            <desc>
                <p>It is possible to define negotiation rules in EB.COMPARISON.TYPE.</p>
                <p/>
                <p>Input must be a valid record from EB.STANDARD.COMPARISON</p>
            </desc>
        </t>
        <t>
            <field>NR.TYPE</field>
            <desc>
                <p>Defines the negotiation rule that is linked to the field defined in &quot;Nr.Attribute&quot;. If an attribute has a negotiation rule linked to it (in associated fields NR.TYPE, NR.VALUE and NR.MESSAGE) the attribute must be defined as negotiable.</p>
                <p/>
                <p>It is possible to define more than one negotiation rule for an attribute</p>
                <p/>
                <p>Input must be a valid record from EB.COMPARISON.TYPE</p>
                <p/>
                <p>This is a multi value set of fields</p>
            </desc>
        </t>
        <t>
            <field>NR.VALUE</field>
            <desc>
                <p>Defines the value that links to the rule in field &quot;Nr.Type&quot;</p>
            </desc>
        </t>
        <t>
            <field>NR.VALUE.SOURCE</field>
            <desc>
                <p>Help Text for this field is unavailable.  Please refer to the T24 User Guides for further information.</p>
            </desc>
        </t>
        <t>
            <field>OWNING.COMPANY</field>
            <desc>
                <p>This field is used to capture the T24 Company(ies) that own the Product Condition record. There is no functionality attached to this field and can be used only for access control through SMS verification.</p>
                <p/>
                <p>The input in this field must be a valid record in company table and should belong to current financial group.</p>
                <p/>
                <p>This is a multi value field. Input in this field is optional.</p>
            </desc>
        </t>
        <t>
            <field>PR.APP.METHOD</field>
            <desc>
                <p>This field denotes the application method that needs to be applied to the periodic rule charges.</p>
                <p/>
                <p>Allowed values are</p>
                <p/>
                <p>Due - The periodic rule charges are made due</p>
                <p/>
                <p>Capitalise - The periodic rule charges are capitalised</p>
            </desc>
        </t>
        <t>
            <field>ACTIVITY</field>
            <desc>
                <p>Help Text for this field is unavailable.  Please refer to the T24 User Guides for further information.</p>
            </desc>
        </t>
        <t>
            <field>PR.APP.PERIOD</field>
            <desc>
                <p>This field denotes the application period for the given periodic rule charges.</p>
                <p>The periodic rule charges will be applied at the end of the period. If the value defined is zero, then the charges are applied immediately.</p>
                <p/>
                <p>Standard T24 period field.</p>
            </desc>
        </t>
        <t>
            <field>PR.ATTRIBUTE</field>
            <desc>
                <p>These are set of Attributes which define the names of the rule, which will be applied on certain attributes of property classes over a period of time.</p>
                <p>Input must be a valid record from AA.PERIODIC.ATTRIBUTE.</p>
            </desc>
        </t>
        <t>
            <field>PR.BRK.CHARGE</field>
            <desc>
                <p>harge can be collected when the periodic rule is broken</p>
                <p/>
                <p>This field denotes the charge property. The property and its condition is</p>
                <p/>
                <p>defined the product designer and validated during publishing</p>
                <p/>
                <p>Valid charge property</p>
            </desc>
        </t>
        <t>
            <field>PR.BRK.MSG</field>
            <desc>
                <p>Based on the PR.BRK.RES option selected, this will hold either an OVERRIDE or EB.ERROR id. By default the ids will be picked from the associated EB.COMPARISON.TYPE record. If CAP or FLOOR values are given, then the underlying AA.PERIODIC.ATTRIBUTE.CLASS should have this type defined in it.</p>
                <p/>
                <p>Input must be a valid OVERRIDE ID or EB.ERROR ID.</p>
            </desc>
        </t>
        <t>
            <field>PR.BRK.RES</field>
            <desc>
                <p>When a rule is broken what action needs to be taken is defined here. Currently, the various options available are</p>
                <p/>
                <p>Error block further processing</p>
                <p/>
                <p>Override Give an override</p>
                <p/>
                <p>Information Record details only</p>
                <p/>
                <p>CAP the rule value is to be used as a CAP if the rule is broken</p>
                <p/>
                <p>FLOOR the rule value is to be used as a FLOOR if the rule is broken</p>
                <p/>
                <p>Should be one of the above valid options</p>
            </desc>
        </t>
        <t>
            <field>PR.VALUE</field>
            <desc>
                <p>This is the actual rule value, which will be applied on certain attributes of the property classes over a period of time.</p>
                <p>Input must be a valid data type defined in the corresponding</p>
                <p>AA.PERIODIC.ATTRIBUTE.CLASS record.</p>
            </desc>
        </t>
        <t>
            <field>PROP.APPL.TYPE</field>
            <desc>
                <p>This field will have value as BALANCES if payment is to settle the current balances.</p>
            </desc>
        </t>
        <t>
            <field>PROPERTY</field>
            <desc>
                <p>This field specifies the sequence in which Property to be settled.</p>
            </desc>
        </t>
        <t>
            <field>RESERVED.11</field>
            <desc>
                <p>Reserved for Future Use.</p>
            </desc>
        </t>
        <t>
            <field>RESERVED.12</field>
            <desc>
                <p>Reserved for Future Use.</p>
            </desc>
        </t>
        <t>
            <field>ADVANCE.PAYMENT.METHOD</field>
            <desc>
                <p>This field denotes how the repaid amount should be applied to produce the future scheduled bills in advance. This field will hold either one of the 2 values PARTIAL,FULL and they are mandatory for the ADVANCE Payment rule type.</p>
                <p/>
                <p>FULL - Denotes the repaid amount is eligible to settle future scheduled bills only if it settles the entire bill amount.</p>
                <p/>
                <p>PARTIAL - Denotes the repaid amount is eligible to settle future scheduled bills even if it settles only partial amount. </p>
                <p/>
            </desc>
        </t>
        <t>
            <field>RESERVED.13</field>
            <desc>
                <p>Reserved for Future Use.</p>
            </desc>
        </t>
        <t>
            <field>RESERVED.14</field>
            <desc>
                <p>Reserved for Future Use.</p>
            </desc>
        </t>
        <t>
            <field>RESERVED.15</field>
            <desc>
                <p>Reserved for Future Use.</p>
            </desc>
        </t>
        <t>
            <field>RESERVED.4</field>
            <desc>
                <p>Reserved for Future Use.</p>
            </desc>
        </t>
        <t>
            <field>RESERVED.5</field>
            <desc>
                <p>Reserved for Future Use.</p>
            </desc>
        </t>
        <t>
            <field>RESERVED.6</field>
            <desc>
                <p>Reserved for Future Use.</p>
            </desc>
        </t>
        <t>
            <field>RESERVED.7</field>
            <desc>
                <p>Reserved for Future Use.</p>
            </desc>
        </t>
        <t>
            <field>RESERVED.8</field>
            <desc>
                <p>Reserved for Future Use.</p>
            </desc>
        </t>
        <t>
            <field>STMT.NOS</field>
            <desc>
                <p>System field - not used for property conditions</p>
            </desc>
        </t>
        <t>
            <field>TARGET.PRODUCT</field>
            <desc>
                <p>This field denotes the target classic product of the given property class</p>
                <p/>
                <p>The already existing T24 products are mapped using AA infrastructure</p>
                <p/>
                <p>These are called classic products</p>
                <p/>
                <p>These products are mapped to different property clases</p>
            </desc>
        </t>
        <t>
            <field>ADVANCE.PAYMENT.RESTRICTION</field>
            <desc>
                <p>This field will have the following options</p>
                <p/>
                <p>- NULL - Current Bill + Create and Settle Bills until all the payment amount is utilized</p>
                <p/>
                <p>- BILLED - Current Bill, remaining to remainder activity</p>
                <p/>
                <p>- (1 to N) - Current Bill + N Bills, remaining to remainder activity</p>
            </desc>
        </t>
        <t>
            <field>API.ATTRIBUTE</field>
            <desc>
                <p>Help Text for this field is unavailable.  Please refer to the T24 User Guides for further information.</p>
            </desc>
        </t>
        <t>
            <field>APPLICATION.ORDER</field>
            <desc>
                <p>For billed amounts, in addition to specifying whether Properties or Dates will be given priority, the user must decide in which order multiple bills will be processed. This field can be used to specify the order in which multiple bills has to be procesed.</p>
                <p/>
                <p>This field can accept</p>
                <p/>
                <p>1. Oldest First - Order of processing will start from first bill.</p>
                <p/>
                <p>2. Oldest Last - Order of processing will start from last bill.</p>
                <p/>
            </desc>
        </t>
        <t>
            <field>APPLICATION.TYPE</field>
            <desc>
                <p>Linked to AA.PAYMENT.RULE.TYPE</p>
                <p/>
                <p>This field is used to specify how the allocated payment by payment Priority to be applied to an arrangement. This can have any of the below three values.</p>
                <p/>
                <p>Balances: Payment will be applied on arrangement&apos;s current balances. (e.g. current principal, accrued interest, etc.).</p>
                <p/>
                <p>Bill Property: For product with bills and due amounts, payment to the due amounts will be Property wise(e.g. all Principal amounts followed by all Interest amounts, etc.)</p>
                <p/>
                <p>Bill Date: For product with bills and due amounts, payment to the due amounts will be bill date wise (e.g., all amount on bill 1 followed by all amounts of bill 2, etc.).</p>
                <p/>
            </desc>
        </t>
        <t>
            <field>ARRANGEMENT.KEY</field>
            <desc>
                <p>Help Text for this field is unavailable.  Please refer to the T24 User Guides for further information.</p>
            </desc>
        </t>
        <t>
            <field>BALANCE.TYPE</field>
            <desc>
                <p>This field specifies the sequence in which Balances to be settled</p>
            </desc>
        </t>
    </menu>
</t24help>
