<?xml version="1.0" encoding="utf-8"?>
<t24help>
<header>
<product>AA</product>
<table>AA.ARR.AZ.SAVINGS</table>
</header>
<overview>
<ovdesc>

            <p>This property class represents the SAVINGS product for the module AZ in T24. This property class is used for classic products.</p>
        </ovdesc>
<ovimage></ovimage>
</overview>
<menu>
<t>
<field>ID.COMP.5</field>
<desc>
            <p>Reserved for future use</p>
            <p>System field no input allowed</p>
            <p />
        </desc>
</t>
<t>
<field>LATE.PYMT.FEE</field>
<desc>
            <p>Defines the charges to be levied on the SAVINGS PLAN type of accounts for having paid the installments late.</p>
            <p />
            <p />
            <p />
            <p>  Based on the value given under LIAB.TO.PENALTY, the delayed installment for late payment charges will be arrived.</p>
            <p />
            <p />
            <p />
            <p>
                <p>Validation Rules:</p>
            </p>
            <p />
            <p />
            <p />
            <p>  Should be a valid charge code defined under FT.CHARGE.TYPE or FT.COMMISSION.TYPE</p>
            <p />
            <p />
        </desc>
</t>
<t>
<field>PR.VALUE</field>
<desc>
            <p>This is the actual rule value, which will be applied on certain attributes of the property classes over a period of time.</p>
            <p />
            <p>
                <p>Validation Rules:</p>
            </p>
            <p>Input must be a valid data type defined in the corresponding</p>
            <p>AA.PERIODIC.ATTRIBUTE.CLASS record.</p>
        </desc>
</t>
<t>
<field>BONUS.PREMIUM</field>
<desc>
            <p>Defines the code relevant for crediting premium amount to the Deposit account. It is more relevant in the case of Deposit accounts like Savings Plan/ Recurring Deposit etc., where for prompt payment of installments a certain amount will be credited to the account as bonus. Bonus is not applicable to multi deposits</p>
            <p />
            <p>
                <p>Validation Rules:</p>
            </p>
            <p />
            <p />
            <p />
            <p />
            <p />
            <p>  Should be a valid code defined in FT.CHARGE.TYPE, FT.COMMISSION.TYPE</p>
            <p />
            <p>  By prefixing ' * ' with the ID of SAVINGS.PREMIUM, it can be linked to SAVINGS.PREMIUM</p>
            <p />
            <p />
        </desc>
</t>
<t>
<field>ID.COMP.4</field>
<desc>
            <p>Reserved for future use</p>
            <p>System field no input allowed</p>
            <p />
        </desc>
</t>
<t>
<field>NR.VALUE</field>
<desc>
            <p>System field - not used for arrangement conditions</p>
            <p />
            <p>
                <p>Validation Rules:</p>
            </p>
            <p>System Field NoINPUT allowed -</p>
        </desc>
</t>
<t>
<field>NR.OPTIONS</field>
<desc>
            <p>System field - not used for arrangement conditions</p>
            <p />
            <p>
                <p>Validation Rules:</p>
            </p>
            <p>System Field NoINPUT allowed -</p>
        </desc>
</t>
<t>
<field>NR.MESSAGE</field>
<desc>
            <p>System field - not used for arrangement conditions</p>
            <p />
            <p>
                <p>Validation Rules:</p>
            </p>
            <p>System Field NoINPUT allowed -</p>
        </desc>
</t>
<t>
<field>PR.BRK.RES</field>
<desc>
            <p>When a rule is broken what action needs to be taken is defined here. Currently, the various options available are </p>
            <p />
            <p>Error block further processing</p>
            <p>Override Give an override</p>
            <p>Information  Record details only</p>
            <p>CAP the rule value is to be used as a CAP if the rule is broken</p>
            <p>FLOOR the rule value is to be used as a FLOOR if the rule is broken</p>
            <p />
            <p>
                <p>Validation Rules:</p>
            </p>
            <p>Should be one of the above valid options</p>
        </desc>
</t>
<t>
<field>NR.STD.COMP</field>
<desc>
            <p>Not used for Arrangement Conditions</p>
            <p />
            <p />
            <p>
                <p>Validation Rules:</p>
            </p>
            <p>Input not allowed</p>
        </desc>
</t>
<t>
<field>BONUS.ON</field>
<desc>
            <p>"This field defines the base amount on which bonus is to be calculated for deposits of SAVINGS PLAN type.</p>
            <p />
            <p>  If defined as 'PRINCIPAL' then the bonus will be calcuated on the amount in the PRINCIPAL field in AZ.ACCOUNT.</p>
            <p />
            <p>  If defined as 'INTEREST' then the bonus will be calculated on the interest that has been capitalised so far.</p>
            <p />
            <p>  If '' then the bonus will be calculated on the WORKING.BALANCE of the account.</p>
            <p />
            <p>  If MULTI is set to 'YES' then the base amount will be the sum of the amounts of the valid sub accounts.</p>
            <p />
            <p>  Allowed values are 'PRINCIPAL', 'INTEREST' and ''.</p>
            <p />
            <p>  This field should be read along with BONUS.ON.ARREARS</p>
            <p />
            <p />
        </desc>
</t>
<t>
<field>PR.APP.PERIOD</field>
<desc>
            <p>This field denotes the application period for the given periodic rule charges.</p>
            <p>The periodic rule charges will be applied at the end of the period. If the value defined is zero, then the charges are applied immediately.</p>
            <p>Standard T24 period field.</p>
            <p>Not inputtable at arrangement level</p>
            <p />
        </desc>
</t>
<t>
<field>NR.ATTRIBUTE</field>
<desc>
            <p>System field - not used for arrangement conditions</p>
            <p />
            <p>
                <p>Validation Rules:</p>
            </p>
            <p>System Field NoINPUT allowed -</p>
        </desc>
</t>
<t>
<field>NR.TYPE</field>
<desc>
            <p>System field - not used for arrangement conditions</p>
            <p />
            <p>
                <p>Validation Rules:</p>
            </p>
            <p>System Field NoINPUT allowed -</p>
        </desc>
</t>
<t>
<field>ID.COMP.1</field>
<desc>
            <p>Contains the arrangement number, extracted from the first component of the id</p>
            <p>System updated field no input allowed</p>
            <p />
        </desc>
</t>
<t>
<field>CREDIT.AMT.MULTI</field>
<desc>
            <p>This field indicates if B schedules need to be validated to be in multiples of the CREDIT.AMOUNT defined in AZ.ACCOUNT.</p>
            <p />
            <p>  If 'YES' is set then the B schedule amount can be only in multiples of the the CREDIT.AMOUNT, if defined in AZ.ACCOUNT.</p>
            <p />
            <p>  Allowed values are 'YES' or ''.</p>
            <p />
            <p>  Allowed only for SAVINGS PLAN type of deposit products.</p>
            <p />
            <p>  Allowed only if ACCT.SYNC is set as 'YES'.</p>
            <p />
            <p />
        </desc>
</t>
<t>
<field>CHANGED.FIELDS</field>
<desc>
            <p>No input and multi value field lists all fields that have been negotiated for each dated version of the property. For a subsequently dated property, the attributes listed in this field will appear in "Negotiated.Fields" and only newly negotiated fields will appear on "Changed.Fields"</p>
            <p />
            <p />
        </desc>
</t>
<t>
<field>LIAB.TO.PENALTY</field>
<desc>
            <p>Based on the value given under this field, the number of delayed installments liable to penalty will be arrived and corresponding charges defined under LATE.PMT.FEE will be charged. Numbers specified in this field refers to number of installments.</p>
            <p />
            <p />
            <p />
            <p>  For example, if 2 is defined here, the account will be liable for late fee after 2 installments are missed.</p>
            <p />
            <p />
            <p />
            <p>  This field is applicable for SAVINGS PLAN type of deposits.</p>
            <p />
            <p />
            <p />
            <p>
                <p>Validation Rules:</p>
            </p>
            <p />
            <p />
            <p />
            <p>  Numeric value ranging from 0 to 99</p>
            <p />
            <p />
        </desc>
</t>
<t>
<field>PR.BRK.CHARGE</field>
<desc>
            <p>Not used for arrangement level conditions</p>
            <p />
            <p>
                <p>Validation Rules:</p>
            </p>
            <p>Input not allowed.</p>
        </desc>
</t>
<t>
<field>PR.APP.METHOD</field>
<desc>
            <p>This field denotes the application method that needs to be applied to the periodic rule charges.</p>
            <p>Allowed values are</p>
            <p>Due - The periodic rule charges are made due</p>
            <p>Capitalise - The periodic rule charges are capitalised</p>
            <p>Not inputtable at arrangement level</p>
            <p />
        </desc>
</t>
<t>
<field>TARGET.PRODUCT</field>
<desc>
            <p>This field denotes the target classic product of the given property class</p>
            <p />
            <p>The already existing T24 products are mapped using AA infrastructure</p>
            <p>These are called classic products</p>
            <p>These products are mapped to different property clases</p>
            <p />
        </desc>
</t>
<t>
<field>ID.COMP.6</field>
<desc>
            <p>Reserved for future use</p>
            <p>System field no input allowed</p>
            <p />
        </desc>
</t>
<t>
<field>ID.COMP.3</field>
<desc>
            <p>Contains the Effective Date of this property condition</p>
            <p>System updated field no input allowed</p>
            <p />
        </desc>
</t>
<t>
<field>DEFAULT.ATTR.OPTION</field>
<desc>
            <p>Optional field - Allowed Values are RESETTING and NON-RESETTING.</p>
            <p />
            <p> RESETTING - During any Renewal Activities (for eg : change.product, rollover or reset) the property conditions will be reset from the product.</p>
            <p />
            <p> NON-RESETTING - During any Renewal Activities property conditions will be maintained from the Arrangement level.</p>
            <p />
            <p> Leaving the field blank sets NON-RESETTING as the default option.</p>
            <p />
            <p> Not used in Arrangement/Sim level.</p>
            <p />
        </desc>
</t>
<t>
<field>ACTION</field>
<desc>
            <p>The activity that caused this arrangement property to be updated.</p>
            <p>The activity is taken from the underlying AA.ARRANGEMENT.ACTIVITY request that caused the record to be modified</p>
            <p />
        </desc>
</t>
<t>
<field>ACTIVITY</field>
<desc>
            <p>The activity that caused this arrangement property to be updated.</p>
            <p>The activity is taken from the underlying AA.ARRANGEMENT.ACTIVITY request that caused the record to be modified</p>
            <p />
        </desc>
</t>
<t>
<field>ARRANGEMENT.KEY</field>
<desc>
            <p>The key to the arrangement property condition. The key is comprised of the following components (delimited by a "-"):</p>
            <p>Arrangement Id</p>
            <p>Property name&gt;</p>
            <p>Effective Date</p>
            <p />
        </desc>
</t>
<t>
<field>BONUS.ON.ARREARS</field>
<desc>
            <p>This field defines if bonus is to calculated even if there are any arrears in the payment installment of deposit.</p>
            <p />
            <p>  If defined as '' then even of one installment is not paid then bonus will not be calculated.</p>
            <p />
            <p>  If defined as 'YES' then if the number of late payments exeeds the defined LIAB.TO.PENALTY then bonus will not be calculated.</p>
            <p />
            <p>  Allowed values are 'YES' and ''.</p>
            <p />
            <p />
        </desc>
</t>
<t>
<field>ID.COMP.2</field>
<desc>
            <p>Contains the name of the property that this arrangement level condition relates to</p>
            <p>Name is defined in AA.PRORERTY table</p>
            <p>System maintained field no input allowed</p>
            <p />
        </desc>
</t>
<t>
<field>DEFAULT.NEGOTIABLE</field>
<desc>
            <p>Not used for arrangement level conditions</p>
            <p />
        </desc>
</t>
<t>
<field>PENALTY.COLL.AT</field>
<desc>
            <p>Defines when the charges defined in LATE.PYMT.FEE field in APP are to be collected when they are processed during COB.</p>
            <p />
            <p />
            <p />
            <p>  IMMEDIATE: The fee will be collected immediately while processing in COB.</p>
            <p />
            <p />
            <p />
            <p>  MATURITY: The fee will be carried forward till maturity of the deposit. This is applicable in the case of part withdrawal of deposit.</p>
            <p />
            <p />
            <p />
            <p>  NEXT-INSTALLMENT: In the case of part withdrawal of Savings Plan type, the fee will be adjusted in the next installment credited to the account.</p>
            <p />
            <p />
            <p />
            <p>  NEXT-INT-DUE: In the case of part withdrawal the fee will be adjusted in the next interest due for remaining deposit</p>
            <p />
            <p />
            <p />
            <p>
                <p>Validation Rules:</p>
            </p>
            <p />
            <p />
            <p />
            <p>  Valid values are, IMMEDIATE, MATURITY, NEXT-INSTALLMENT, NEXT-INT-DUE</p>
            <p />
            <p />
        </desc>
</t>
<t>
<field>STMT.NOS</field>
<desc>
            <p>Contains the key to the accounting entries raised by the activity being applied to this arrangement property</p>
            <p />
        </desc>
</t>
<t>
<field>PR.BRK.MSG</field>
<desc>
            <p>Based on the PR.BRK.RES option selected, this will hold either an OVERRIDE or EB.ERROR id. By default the ids will be picked from the associated EB.COMPARISON.TYPE record. If CAP or FLOOR values are given, then the underlying AA.PERIODIC.ATTRIBUTE.CLASS should have this type defined in it</p>
            <p />
            <p>
                <p>Validation Rules:</p>
            </p>
            <p>Input must be a valid OVERRIDE ID or EB.ERROR ID</p>
        </desc>
</t>
<t>
<field>PR.ATTRIBUTE</field>
<desc>
            <p>These are set of Attributes which define the names of the rule, which will be applied on certain attributes of property classes over a period of time</p>
            <p />
            <p>
                <p>Validation Rules:</p>
            </p>
            <p>Input must be a valid record from AA.PERIODIC.ATTRIBUTE</p>
        </desc>
</t>
<t>
<field>NEGOTIATED.FLDS</field>
<desc>
            <p>No input and multi value field that lists the attributes on the arrangement property record that have been fixed and/or negotiated. These are stored when the arrangement level record is committed. When the arrangement level record is next used all items in the NEGOTIATED.FIELDS list will be maintained</p>
            <p>Once an attribute has been fixed or negotiated it will remain in negotiated field list on all subsequent dated versions of the property.</p>
        </desc>
</t>
<t>
<field>OWNING.COMPANY</field>
<desc>
            <p>This field is used to capture the T24 Company(ies) that own the Product Condition record. There is no functionality attached to this field and can be used only for access control through SMS verification.</p>
            <p/> 
            <p>The input in this field must be a valid record in company table and should belong to current financial group.</p>
            <p/> 
            <p>This is a multi value field. Input in this field is optional.</p>
        </desc>
</t> 
<t><field>NR.ATTRIBUTE.RULE</field><desc><p>Help Text for this field is unavailable.  Please refer to the T24 User Guides for further information.</p></desc></t><t><field>NR.VALUE.SOURCE</field><desc><p>Help Text for this field is unavailable.  Please refer to the T24 User Guides for further information.</p></desc></t><t><field>API.ATTRIBUTE</field><desc><p>Help Text for this field is unavailable.  Please refer to the T24 User Guides for further information.</p></desc></t></menu>
</t24help>

