<?xml version="1.0" encoding="utf-8"?>
<t24help>
    <header>
        <product>AA</product>
        <table>AA.ACTIVITY</table>
    </header>
    <menu>
        <t>
            <field>DESCRIPTION</field>
            <desc>
                <p>Please provide the description for the current record</p>
            </desc>
        </t>
        <t>
            <field>FULL.DESC</field>
            <desc>
                <p>Please provide a detailed description of the current record</p>
            </desc>
        </t>
        <t>
            <field>LINKED.ACTIVITY</field>
            <desc>
                <p>All user defined activities must be linked to a core system activity. This field defines system activity to which the given user defined activity is linked. Hence</p>
            </desc>
        </t>
        <t>
            <field>SYSTEM.ACTIVITY</field>
            <desc>
                <p>This field indicates whether the current activity is a system created or a user defined activity and is a NO-INPUT field</p>
            </desc>
        </t>
        <t>
            <field>PRODUCT.LINE</field>
            <desc>
                <p>Mention the PRODUCT.LINE for which the current ACTIVITY is valid</p>
            </desc>
        </t>
        <t>
            <field>PROCESS.ID</field>
            <desc>
                <p>This field denotes the process that would be carried out in the activity. This is a NO-INPUT field</p>
            </desc>
        </t>
        <t>
            <field>PROPERTY</field>
            <desc>
                <p>The fields denotes the property on which this activity could be triggered. This is a NO-INPUT field</p>
            </desc>
        </t>
        <t>
            <field>ATTRIBUTE</field>
            <desc>
                <p>Please enter a value from EB.LOOKUP of AA.ACTIVITY.ATTRIBUTE if the bank wants to classify the activities</p>
            </desc>
        </t>
    </menu>
</t24help>
