<?xml version="1.0" encoding="UTF-8" standalone="yes"?>
<t24help>
    <header>
        <product>AA</product>
        <table>AA.ARR.XSPECIAL.RATE.DETAILS</table>
    </header>
    <overview>
        <ovdesc>
            <p>The fields of XSPECIAL.RATE.DETAILS external property class are used by this product to get the special rate details while creating an arrangement</p>
        </ovdesc>
    </overview>
    <menu>
        <t>
            <field>TREASURY.REF.NO</field>
            <desc>
                <p>This field will have the details of the treasury reference number</p>
            </desc>
        </t>
		 <t>
            <field>DEALER.CODE</field>
            <desc>
                <p>The field is used to capture the details of the dealer code</p>
            </desc>
        </t>
    </menu>
</t24help>
