<?xml version="1.0" encoding="utf-8"?>
<t24help xmlns:xsi="http://www.w3.org/2001/XMLSchema-instance">
    <header>
        <product>AA</product>
        <table>AA.ARR.PARTICIPANT</table>
    </header>
    <overview>
        <ovdesc>
            <p>PARTICIPANT property class is used to hold the information of the various lenders (participants) participating in the loan facility contract. It contains details like Participant's role, the Participant IDs and share amounts contributed by the lenders to the loan. It also contains the settlement instructions of the participants like beneficiary details that are used by the Owning Bank to transfer the funds between the borrower and the participants. It is also used to define the charges and interest skim rates applicable to each participant. </p>
        </ovdesc>
    </overview>
    <menu>
        <t>
            <field>AGENT.BANK.BENF.CCY</field>
            <desc>
                <p>This field is used to specify the currency specific Beneficiary account of the agent bank.</p>
            </desc>
        </t>
        <t>
            <field>AGENT.BANK.BENF.ID</field>
            <desc>
                <p>This field is used to specify the agent bank’s beneficiary account details for cash outflow. It is currency specific.</p>
                <p>The account indicated in this field will be used to credit the amount in case of disbursements or other fund transfers to the agent bank. </p>
            </desc>
        </t>
        <t>
            <field>AGENT.BANK.PO.PRODUCT</field>
            <desc>
                <p>This field is used to specify the Payment Order Product that should be used to transfer the fund from own bank to the Agent bank.</p>
            </desc>
        </t>
        <t>
            <field>BENF.PROPERTY</field>
            <desc>
                <p>This field specifies the property to match property specific beneficiary account for the participants. Allowed values are valid property in AA.</p>
            </desc>
        </t>
        <t>
            <field>CHANGED.FIELDS</field>
            <desc>
                <p>No input and multi value field lists all fields that have been negotiated for each dated version of the property. For a subsequently dated property, the attributes listed in this field will appear in "Negotiated.Fields" and only newly negotiated fields will appear on "Changed.Fields".</p>
            </desc>
        </t>
        <t>
            <field>CHARGE</field>
            <desc>
                <p>Specifies the charge property for which different rate, amount and share percentage will be applied while distributing the fee to the participants.</p>
                <p>Charge calculation and distribution will be based on the definition of Participant Fee share details here, thereby, ignoring the charge pro-rata (based on the participant commitment share %)</p>
            </desc>
        </t>
        <t>
            <field>CHARGE.PART.AMOUNT</field>
            <desc>
                <p>Specifies the amount distributed as fee for a participant. The fee share of the participant will be a percentage on the participant's commitment amount.</p>
            </desc>
        </t>
        <t>
            <field>CHARGE.PART.PERC</field>
            <desc>
                <p>Specifies the percentage of the fee amount calculated which will be distributed as fee for a participant. The fee share of the participant will be a ratio on the fee calculated for the Borrower.</p>
                <p/>
            </desc>
        </t>
        <t>
            <field>CHARGE.PART.RATE</field>
            <desc>
                <p>Specifies the rate of the participant's commitment share distributed as fee to the participant. That is, the fee share of the participant will be a percentage(rate) on the participant's commitment amount.</p>
            </desc>
        </t>
        <t>
            <field>CHARGE.PARTICIPANT</field>
            <desc>
                <p>Specifies the list of participants among whom the charge need to be distributed. </p>
                <p>There can be single participant too. The bank also acts as a participant. In case, the bank acts only as an agent, the 100% fee could be charged to the bank alone.</p>
            </desc>
        </t>
        <t>
            <field>COMMITMENT.AMT</field>
            <desc>
                <p>This field specifies the participant commitment share amount on the total loan amount. Validation will be made to ensure the sum of participant share amount including Own Share amount doesn't exceeds the borrower amount or the loan Commitment Amount.</p>
            </desc>
        </t>
        <t>
            <field>COMMITMENT.PERC</field>
            <desc>
                <p>This is system calculated field which indicates the participant commitment share in percentage on the total loan commitment.</p>
            </desc>
        </t>
        <t>
            <field>DEFAULT.ATTR.OPTION</field>
            <desc>
                <p>Optional field - Allowed Values are RESETTING and NON-RESETTING.</p>
                <p/>
                <p> RESETTING - During any Renewal Activities (for eg : change.product, rollover or reset) the property conditions will be reset from the product.</p>
                <p/>
                <p> NON-RESETTING - During any Renewal Activities property conditions will be maintained from the Arrangement level.</p>
                <p/>
                <p> Leaving the field blank sets NON-RESETTING as the default option.</p>
                <p/>
                <p> Not used in Arrangement/Sim level.</p>
                <p/>
                <p> Not used in Arrangement/Sim level.</p>
            </desc>
        </t>
        <t>
            <field>ACTION</field>
            <desc>
                <p>The activity that caused this arrangement property to be updated.</p>
                <p>The activity is taken from the underlying AA.ARRANGEMENT.ACTIVITY request that caused the record to be modified.</p>
            </desc>
        </t>
        <t>
            <field>DEFAULT.NEGOTIABLE</field>
            <desc>
                <p>Not used for arrangement level conditions.</p>
            </desc>
        </t>
        <t>
            <field>ID.COMP.1</field>
            <desc>
                <p>Contains the arrangement number, extracted from the first component of the id</p>
                <p>System updated field no input allowed.</p>
            </desc>
        </t>
        <t>
            <field>ID.COMP.2</field>
            <desc>
                <p>Contains the name of the property that this arrangement level condition relates to</p>
                <p>Name is defined in AA.PRORERTY table.</p>
                <p>System maintained field no input allowed.</p>
                <p/>
            </desc>
        </t>
        <t>
            <field>ID.COMP.3</field>
            <desc>
                <p>Contains the Effective Date of this property condition.</p>
                <p>System updated field no input allowed.</p>
                <p/>
            </desc>
        </t>
        <t>
            <field>ID.COMP.4</field>
            <desc>
                <p>Reserved for future use.</p>
                <p>System field no input allowed.</p>
            </desc>
        </t>
        <t>
            <field>ID.COMP.5</field>
            <desc>
                <p>Reserved for future use.</p>
                <p>System field no input allowed.</p>
            </desc>
        </t>
        <t>
            <field>ID.COMP.6</field>
            <desc>
                <p>Reserved for future use.</p>
                <p>System field no input allowed.</p>
            </desc>
        </t>
        <t>
            <field>MARGIN.OPER</field>
            <desc>
                <p>This field specifies the skim/margin operand to be used. Allowed values are Add and Sub.</p>
            </desc>
        </t>
        <t>
            <field>MARGIN.RATE</field>
            <desc>
                <p>This field specifies the skim margin rate that needs to be applied for the participant share.</p>
            </desc>
        </t>
        <t>
            <field>NEGATIVE.RATE</field>
            <desc>
                <p>This field specifies when the skims have to be blocked in case of All-in-Rate results in a negative rate after deducting the skims.</p>
                <p>Options allowed will be</p>
                <p> NO</p>
                <p> Block Margin</p>
                <p>If "NO" is chosen then rate for the participant will be applied is zero.</p>
                <p>If "Block Margin" is chosen then rate for the participant will be applied as borrower rate and skim will be ignored.</p>
            </desc>
        </t>
        <t>
            <field>ACTIVITY</field>
            <desc>
                <p>The activity that caused this arrangement property to be updated.</p>
                <p>The activity is taken from the underlying AA.ARRANGEMENT.ACTIVITY request that caused the record to be modified.</p>
            </desc>
        </t>
        <t>
            <field>NEGOTIATED.FLDS</field>
            <desc>
                <p>No input and multi value field that lists the attributes on the arrangement property record that have been fixed and/or negotiated. These are stored when the arrangement level record is committed. When the arrangement level record is next used all items in the NEGOTIATED.FIELDS list will be maintained</p>
                <p>Once an attribute has been fixed or negotiated it will remain in negotiated field list on all subsequent dated versions of the property.</p>
            </desc>
        </t>
        <t>
            <field>NR.ATTRIBUTE</field>
            <desc>
                <p>System field - not used for arrangement conditions</p>
                <p/>
                <p/>
                <p>System Field NoINPUT allowed.</p>
            </desc>
        </t>
        <t>
            <field>NR.ATTRIBUTE.RULE</field>
            <desc>
                <p>Field is used to indicate the rules to be executed against certain fields for a property during product creation or arrangement creation.</p>
                <p>Rule here is specified as conditional expression with fields in the product condition to be evaluated.</p>
                <p>Multi-valued for a product condition.</p>
                <p>Attribute Rules can be specified based upon the value of a single field or the values from multiple fields.</p>
                <p>A user can then specify comparison operators (i.e. ==, !=. symbols for GT, GE, LT, LE) ,AND and OR, as well as brackets/parentheses for grouping.</p>
                <p/>
                <p>Eg: For Interest product condition, a rule can be formed as follows </p>
                <p>((FLOATING.INDEX !=  OR PERIODIC.INDEX != ) AND MARGIN.TYPE == SINGLE)</p>
                <p>Where FLOATING.INDEX, PERIODIC.INDEX and MARGIN.TYPE are fields with values and string after == are the values to be compared.</p>
            </desc>
        </t>
        <t>
            <field>NR.MESSAGE</field>
            <desc>
                <p>System field - not used for arrangement conditions</p>
                <p/>
                <p/>
                <p>System Field NoINPUT allowed.</p>
            </desc>
        </t>
        <t>
            <field>NR.OPTIONS</field>
            <desc>
                <p>System field - not used for arrangement conditions</p>
                <p/>
                <p/>
                <p>System Field NoINPUT allowed.</p>
            </desc>
        </t>
        <t>
            <field>NR.STD.COMP</field>
            <desc>
                <p>Not used for Arrangement Conditions</p>
                <p/>
                <p/>
                <p/>
                <p>Input not allowed</p>
            </desc>
        </t>
        <t>
            <field>NR.TYPE</field>
            <desc>
                <p>System field - not used for arrangement conditions</p>
                <p/>
                <p/>
                <p>System Field NoINPUT allowed.</p>
            </desc>
        </t>
        <t>
            <field>NR.VALUE</field>
            <desc>
                <p>System field - not used for arrangement conditions</p>
                <p/>
                <p/>
                <p>System Field NoINPUT allowed.</p>
            </desc>
        </t>
        <t>
            <field>NR.VALUE.SOURCE</field>
            <desc>
                <p>Specifies the source to be used for validating the limit for payment. Should be a valid record from AC.BALANCE.TYPE.</p>
                <p>When bank wants to limit the user payment on certain balance, this field would be used to give the balance to be used for limiting the payment.</p>
                <p> Currently, only Balance type keyword is allowed, no validations are in place as of now, this can be expanded for future use.</p>
                <p> Eg: - BALANCE.TYPE &gt; TOTTERMAMOUNT, can be specified in this format. </p>
            </desc>
        </t>
        <t>
            <field>OVERRIDE</field>
            <desc>
                <p>Standard Override field containing override messages generated by amendments to this property.</p>
            </desc>
        </t>
        <t>
            <field>API.ATTRIBUTE</field>
            <desc>
                <p>Help Text for this field is unavailable.  Please refer to the T24 User Guides for further information.</p>
            </desc>
        </t>
        <t>
            <field>OWN.COMMIT.AMT</field>
            <desc>
                <p>This field specifies the Owning bank commitment share in amount. System will populate the own share amount based on the participant's share amount. The net share amount of the owning bank and the participant banks amounts must be equal to the borrower amount.</p>
            </desc>
        </t>
        <t>
            <field>OWN.COMMIT.PERC</field>
            <desc>
                <p>This field specifies the Owning bank commitment share in Percentage. It is system calculated based on the owning bank share amount.</p>
            </desc>
        </t>
        <t>
            <field>OWNING.COMPANY</field>
            <desc>
                <p>This field is used to capture the T24 Company(ies) that own the Product Condition record. There is no functionality attached to this field and can be used only for access control through SMS verification.</p>
                <p/>
                <p>The input in this field must be a valid record in company table and should belong to current financial group.</p>
                <p/>
                <p>This is a multi value field. Input in this field is optional.</p>
            </desc>
        </t>
        <t>
            <field>PART.ACCTNG.TYPE</field>
            <desc>
                <p>This field specifies the participant accounting style for a club loan/loan participation product. Options allowed will be </p>
                <p> Memo</p>
                <p> Contingent</p>
                <p>Once an option is chosen, it cannot be changed later.</p>
            </desc>
        </t>
        <t>
            <field>PARTICIPANT</field>
            <desc>
                <p>This field specifies the Participant ID of each of the lenders who are part of the loan. It should be a valid customer (Customer ID or Mnemonic from the customer application).</p>
            </desc>
        </t>
        <t>
            <field>PARTICIPANT.ROLE</field>
            <desc>
                <p>This field is used to mention the role of the each participant in the loan. The participant can be either a participant or sub-participant.</p>
                <p>If the role is participant, then the lender is part of the loan and responsible for their share obligations of the loan towards the borrower. If the role is sub-participant, then the lender is officially not a part of the loan, and the owning bank who has sub-parted their share to this lender is responsible for the obligations towards the borrower.</p>
            </desc>
        </t>
        <t>
            <field>PARTICIPATION.TYPE</field>
            <desc>
                <p>This field is used to specify the Participation Type of the participants. It can have below options:</p>
                <p>·Fixed – When the Participation Type is "Fixed", the participant's share will not be increased on a pro-rata basis when there is an increase in Global commitment.</p>
                <p>·Variable - When the Participation Type is "Variable", the participant's share will be increased on a pro-rata basis when there is an increase in Global commitment.</p>
                <p>In general, for both these types when there is a decrease in the commitment/ repayment the participant share will be reduced on a pro-rata basis along with the own bank share.</p>
                <p>Currently, it can be defined only for the risk participants, not for funded participants.</p>
            </desc>
        </t>
        <t>
            <field>PR.APP.METHOD</field>
            <desc>
                <p>This field denotes the application method that needs to be applied to the periodic rule charges.</p>
                <p>Allowed values are</p>
                <p>Due - The periodic rule charges are made due</p>
                <p>Capitalise - The periodic rule charges are capitalised</p>
                <p>Not inputtable at arrangement level.</p>
            </desc>
        </t>
        <t>
            <field>PR.APP.PERIOD</field>
            <desc>
                <p>This field denotes the application period for the given periodic rule charges.</p>
                <p>The periodic rule charges will be applied at the end of the period. If the value defined is zero, then the charges are applied immediately.</p>
                <p>Standard T24 period field.</p>
                <p>Not inputtable at arrangement level.</p>
            </desc>
        </t>
        <t>
            <field>PR.ATTRIBUTE</field>
            <desc>
                <p>These are set of Attributes which define the names of the rule, which will be applied on certain attributes of property classes over a period of time.</p>
                <p/>
                <p>Input must be a valid record from AA.PERIODIC.ATTRIBUTE.</p>
            </desc>
        </t>
        <t>
            <field>PR.BRK.CHARGE</field>
            <desc>
                <p>Not used for arrangement level conditions.</p>
                <p/>
                <p/>
                <p>Input not allowed.</p>
            </desc>
        </t>
        <t>
            <field>ARRANGEMENT.KEY</field>
            <desc>
                <p>The key to the arrangement property condition. The key is comprised of the following components (delimited by a "-"):</p>
                <p>Arrangement Id</p>
                <p>Property name</p>
                <p>Effective Date</p>
            </desc>
        </t>
        <t>
            <field>PR.BRK.MSG</field>
            <desc>
                <p>Based on the PR.BRK.RES option selected, this will hold either an OVERRIDE or EB.ERROR id. By default the ids will be picked from the associated EB.COMPARISON.TYPE record. If CAP or FLOOR values are given, then the underlying AA.PERIODIC.ATTRIBUTE.CLASS should have this type defined in it.</p>
                <p/>
                <p/>
                <p>Input must be a valid OVERRIDE ID or EB.ERROR ID.</p>
            </desc>
        </t>
        <t>
            <field>PR.BRK.RES</field>
            <desc>
                <p>When a rule is broken what action needs to be taken is defined here. Currently, the various options available are </p>
                <p/>
                <p>Error block further processing.</p>
                <p>Override Give an override.</p>
                <p>Information  Record details only.</p>
                <p>CAP the rule value is to be used as a CAP if the rule is broken.</p>
                <p>FLOOR the rule value is to be used as a FLOOR if the rule is broken.</p>
                <p/>
                <p/>
                <p>Should be one of the above valid options.</p>
            </desc>
        </t>
        <t>
            <field>PR.RESERVED.1</field>
            <desc>
                <p>System field - reserved for future use.</p>
            </desc>
        </t>
        <t>
            <field>PR.RESERVED.2</field>
            <desc>
                <p>System field - reserved for future use.</p>
            </desc>
        </t>
        <t>
            <field>PR.RESERVED.3</field>
            <desc>
                <p>System field - reserved for future use.</p>
            </desc>
        </t>
        <t>
            <field>PR.VALUE</field>
            <desc>
                <p>This is the actual rule value, which will be applied on certain attributes of the property classes over a period of time.</p>
                <p/>
                <p/>
                <p>Input must be a valid data type defined in the corresponding</p>
                <p>AA.PERIODIC.ATTRIBUTE.CLASS record.</p>
            </desc>
        </t>
        <t>
            <field>SKIM.PROPERTY</field>
            <desc>
                <p>This field specifies the property for which skims/margins are to be applied. Only Interest property will be allowed.</p>
            </desc>
        </t>
        <t>
            <field>STMT.NOS</field>
            <desc>
                <p>Contains the key to the accounting entries raised by the activity being applied to this arrangement property.</p>
            </desc>
        </t>
        <t>
            <field>SYS.RESERVE1</field>
            <desc>
                <p>System field - reserved for future use.</p>
            </desc>
        </t>
        <t>
            <field>SYS.RESERVE2</field>
            <desc>
                <p>System field - reserved for future use.</p>
            </desc>
        </t>
        <t>
            <field>BANK.ROLE</field>
            <desc>
                <p>This field specifies the role of the T24 owning bank. Allowed values are Agent, Agent Cum Participant and Participant.</p>
            </desc>
        </t>
        <t>
            <field>SYS.RESERVE3</field>
            <desc>
                <p>System field - reserved for future use.</p>
            </desc>
        </t>
        <t>
            <field>SYS.RESERVE6</field>
            <desc>
                <p>System field - reserved for future use.</p>
            </desc>
        </t>
        <t>
            <field>SYS.RESERVE7</field>
            <desc>
                <p>System field - reserved for future use.</p>
            </desc>
        </t>
        <t>
            <field>TARGET.PRODUCT</field>
            <desc>
                <p>This field denotes the target classic product of the given property class.</p>
                <p/>
                <p>The already existing T24 products are mapped using AA infrastructure.</p>
                <p>These are called classic products.</p>
                <p>These products are mapped to different property classes.</p>
            </desc>
        </t>
        <t>
            <field>BENEFICIARY.CCY</field>
        </t>
        <t>
            <field>BENEFICIARY.ID</field>
            <desc>
                <p>This field specifies the participant beneficiary account details for cash outflow (specific to CCY/Property/Property Class or a combination). Account indicated in the beneficiary will be used to credit participant share upon borrower repayment. Allowed values are valid ID from the BENEFICIARY application.</p>
            </desc>
        </t>
        <t>
            <field>BENF.PO.PRODUCT</field>
            <desc>
                <p>This field is used to denote the payment order product that should be used by the agent to settle the participant's share when a repayment is made by the borrower.</p>
            </desc>
        </t>
        <t>
            <field>BENF.PROP.CLASS</field>
            <desc>
                <p>This field specifies the property class to match property class specific beneficiary account for the participants. Allowed values are valid property class in AA.</p>
            </desc>
        </t>
         <t>
            <field>OWN.CCY</field>
            <desc>
                <p>Specify a valid currency for which the Nostro account attached. </p>
            </desc>
        </t>
        <t>
            <field>OWN.NOSTRO </field>
            <desc>
                <p>Specify the Owning bank's Nostro account for the currency specified. Currency of the account should match with the currency of the Nostro account.</p>
                <p> If Nostro accounts are not specified system will use the Nostro Account table to pick the Nostro account for the settlement. </p>
            </desc>
        </t>
        <t>
            <field>PAYIN.PO.PRODUCT</field>
            <desc>
                <p>It's a mandatory input field for Payin Payment Order product, while updating the settlement instructions of the participants.</p>
            </desc>
        </t>
    </menu>
</t24help>
