<?xml version="1.0" encoding="utf-8"?>
<t24help xmlns:xsi="http://www.w3.org/2001/XMLSchema-instance">
    <header>
        <product>AA</product>
        <table>AA.ARR.PRODUCT.ACCESS</table>
    </header>
    <menu>
        <t>
            <field>ACTION</field>
            <desc>
                <p>Help Text for this field is unavailable.  Please refer to the T24 User Guides for further information.</p>
            </desc>
        </t>
        <t>
            <field>ACTIVITY</field>
            <desc>
                <p>Help Text for this field is unavailable.  Please refer to the T24 User Guides for further information.</p>
            </desc>
        </t>
        <t>
            <field>ARRANGEMENT.KEY</field>
            <desc>
                <p>Help Text for this field is unavailable.  Please refer to the T24 User Guides for further information.</p>
            </desc>
        </t>
        <t>
            <field>ARRGT.EXCLUDE</field>
            <desc>
                <p>List of ARRANGEMENTS that would be excluded from checks - meaning all other arrangements NOT defined in this field would be allowed to access.  Validations: Should be a valid AA.ARRANGEMENT. Duplicates would not be allowed. AA.ARRANGEMENT reference stated in ARRGT.TRANS cannot be stated here</p>
            </desc>
        </t>
        <t>
            <field>ARRGT.SEE</field>
            <desc>
                <p>List of Arrangements that would be allowed transaction on.  Validations: Should be a valid AA.ARRANGEMENT. Duplicates would not be allowed. AA.ARRANGEMENT reference stated in ARRGT.SEE cannot be stated here</p>
            </desc>
        </t>
        <t>
            <field>ARRGT.TRANS</field>
            <desc>
                <p>List of Arrangements that would be allowed transaction on.  Validations: Should be a valid AA.ARRANGEMENT. Duplicates would not be allowed. AA.ARRANGEMENT reference stated in ARRGT.SEE cannot be stated here</p>
            </desc>
        </t>
        <t>
            <field>CHANGED.FIELDS</field>
            <desc>
                <p>Help Text for this field is unavailable.  Please refer to the T24 User Guides for further information.</p>
            </desc>
        </t>
        <t>
            <field>DEFAULT.ATTR.OPTION</field>
            <desc>
                <p>Help Text for this field is unavailable.  Please refer to the T24 User Guides for further information.</p>
            </desc>
        </t>
        <t>
            <field>DEFAULT.NEGOTIABLE</field>
            <desc>
                <p>Help Text for this field is unavailable.  Please refer to the T24 User Guides for further information.</p>
            </desc>
        </t>
        <t>
            <field>ID.COMP.1</field>
            <desc>
                <p>Help Text for this field is unavailable.  Please refer to the T24 User Guides for further information.</p>
            </desc>
        </t>
        <t>
            <field>ACCT.CAT.CR.TRANS</field>
            <desc>
                <p>List of CATEGORY codes that would be allowed for Credit transactions.  Validations: Should be a valid CATEGORY. Duplicates would not be allowed.</p>
            </desc>
        </t>
        <t>
            <field>ID.COMP.2</field>
            <desc>
                <p>Help Text for this field is unavailable.  Please refer to the T24 User Guides for further information.</p>
            </desc>
        </t>
        <t>
            <field>ID.COMP.3</field>
            <desc>
                <p>Help Text for this field is unavailable.  Please refer to the T24 User Guides for further information.</p>
            </desc>
        </t>
        <t>
            <field>ID.COMP.4</field>
            <desc>
                <p>Help Text for this field is unavailable.  Please refer to the T24 User Guides for further information.</p>
            </desc>
        </t>
        <t>
            <field>ID.COMP.5</field>
            <desc>
                <p>Help Text for this field is unavailable.  Please refer to the T24 User Guides for further information.</p>
            </desc>
        </t>
        <t>
            <field>ID.COMP.6</field>
            <desc>
                <p>Help Text for this field is unavailable.  Please refer to the T24 User Guides for further information.</p>
            </desc>
        </t>
        <t>
            <field>NEGOTIATED.FLDS</field>
            <desc>
                <p>Help Text for this field is unavailable.  Please refer to the T24 User Guides for further information.</p>
            </desc>
        </t>
        <t>
            <field>NR.ATTRIBUTE</field>
            <desc>
                <p>Help Text for this field is unavailable.  Please refer to the T24 User Guides for further information.</p>
            </desc>
        </t>
        <t>
            <field>NR.MESSAGE</field>
            <desc>
                <p>Help Text for this field is unavailable.  Please refer to the T24 User Guides for further information.</p>
            </desc>
        </t>
        <t>
            <field>NR.OPTIONS</field>
            <desc>
                <p>Help Text for this field is unavailable.  Please refer to the T24 User Guides for further information.</p>
            </desc>
        </t>
        <t>
            <field>NR.STD.COMP</field>
            <desc>
                <p>Help Text for this field is unavailable.  Please refer to the T24 User Guides for further information.</p>
            </desc>
        </t>
        <t>
            <field>ACCT.CAT.DR.TRANS</field>
            <desc>
                <p>List of CATEGORY codes that would be allowed for Debit transactions.  Validations: Should be a valid CATEGORY. Duplicates would not be allowed.</p>
            </desc>
        </t>
        <t>
            <field>NR.TYPE</field>
            <desc>
                <p>Help Text for this field is unavailable.  Please refer to the T24 User Guides for further information.</p>
            </desc>
        </t>
        <t>
            <field>NR.VALUE</field>
            <desc>
                <p>Help Text for this field is unavailable.  Please refer to the T24 User Guides for further information.</p>
            </desc>
        </t>
        <t>
            <field>OWNING.COMPANY</field>
            <desc>
                <p>Help Text for this field is unavailable.  Please refer to the T24 User Guides for further information.</p>
            </desc>
        </t>
        <t>
            <field>PORT.MAN.ACCT.SEE</field>
            <desc>
                <p>The ID of a MANAGED.ACCOUNT record to allow the user to access the portfolio that belong to this managed account in SEE mode. Example: If the value is &apos;1&apos;, then all the SEC.ACC.MASTER records that has the MANAGED.ACCOUNT set to &apos;1&apos; will be accessible by the user. This field will be a NOINPUT field if SC is not installed.</p>
            </desc>
        </t>
        <t>
            <field>PORT.MAN.ACCT.TRANS</field>
            <desc>
                <p>The ID of a MANAGED.ACCOUNT record to allow the user to access the portfolio that belong to this managed account and allow transaction on them. Example: If the value is &apos;1&apos;, then all the SEC.ACC.MASTER records that has the MANAGED.ACCOUNT set to &apos;1&apos; will be accessible by the user. This field will be a NOINPUT field if SC is not installed.</p>
            </desc>
        </t>
        <t>
            <field>PORTFOLIO.EXCLUDE</field>
            <desc>
                <p>The ID of a MANAGED.ACCOUNT record to exclude the user to access the portfolio that belong to this managed account. So, all other entries apart from the one in this list would be allowed.  This field will be a NOINPUT field if SC is not installed.</p>
            </desc>
        </t>
        <t>
            <field>PORTFOLIO.SEE</field>
            <desc>
                <p>The ID of a MANAGED.ACCOUNT record to allow the user to access the portfolio that belong to this managed account and allow only SEE access on them. So, users would not be able to transact on these portfolios.  Validations: Duplicates would not be allowed. This field will be a NOINPUT field if SC is not installed. Entry stated in PORTFOLIO.TRANS cannot be stated here.</p>
            </desc>
        </t>
        <t>
            <field>PORTFOLIO.TRANS</field>
            <desc>
                <p>The ID of a MANAGED.ACCOUNT record to allow the user to access the portfolio that belong to this managed account and allow only transaction access on them. So, users would be able to transact on these portfolios only.  Validations: Duplicates would not be allowed. This field will be a NOINPUT field if SC is not installed. Entry stated in PORTFOLIO.SEE cannot be stated here.</p>
            </desc>
        </t>
        <t>
            <field>PR.APP.METHOD</field>
            <desc>
                <p>Help Text for this field is unavailable.  Please refer to the T24 User Guides for further information.</p>
            </desc>
        </t>
        <t>
            <field>PR.APP.PERIOD</field>
            <desc>
                <p>Help Text for this field is unavailable.  Please refer to the T24 User Guides for further information.</p>
            </desc>
        </t>
        <t>
            <field>ACCT.CAT.SEE</field>
            <desc>
                <p>List of CATEGORY codes that would be allowed for SEE access.  Validations: Should be a valid CATEGORY. Duplicates would not be allowed. CATEGORY code stated in ACCT.CAT.TRANS would not be allowed in this field.</p>
            </desc>
        </t>
        <t>
            <field>PR.ATTRIBUTE</field>
            <desc>
                <p>Help Text for this field is unavailable.  Please refer to the T24 User Guides for further information.</p>
            </desc>
        </t>
        <t>
            <field>PR.BRK.CHARGE</field>
            <desc>
                <p>Help Text for this field is unavailable.  Please refer to the T24 User Guides for further information.</p>
            </desc>
        </t>
        <t>
            <field>PR.BRK.MSG</field>
            <desc>
                <p>Help Text for this field is unavailable.  Please refer to the T24 User Guides for further information.</p>
            </desc>
        </t>
        <t>
            <field>PR.BRK.RES</field>
            <desc>
                <p>Help Text for this field is unavailable.  Please refer to the T24 User Guides for further information.</p>
            </desc>
        </t>
        <t>
            <field>PR.VALUE</field>
            <desc>
                <p>Help Text for this field is unavailable.  Please refer to the T24 User Guides for further information.</p>
            </desc>
        </t>
        <t>
            <field>PROD.EXCLUDE</field>
            <desc>
                <p>List of Product groups to which the user does not have access to. So, all arrangements which do NOT belong to this product group would be allowed access to.  Validations: Duplicates would not be allowed. Should be a valid entry in AA.PRODUCT.GROUP</p>
            </desc>
        </t>
        <t>
            <field>PROD.GRP.SEE</field>
            <desc>
                <p>List of Product groups to which the user has access to SEE mode only. So, all arrangements which belong to this product group would be allowed SEE access only.  Validations: Duplicates would not be allowed. Should be a valid entry in AA.PRODUCT.GROUP Should not be a product stated in PROD.GRP.TRANS</p>
            </desc>
        </t>
        <t>
            <field>PROD.GRP.TRANS</field>
            <desc>
                <p>List of Product groups to which the user has access to for transaction. So, all arrangements which belong to this product group would be allowed access to.  Validations: Duplicates would not be allowed. Should be a valid entry in AA.PRODUCT.GROUP Should not be a product stated in PROD.GRP.SEE</p>
            </desc>
        </t>
        <t>
            <field>PROD.SEE</field>
            <desc>
                <p>List of Products to which the user has access to SEE mode only. So, all arrangements which belong to this product would be allowed SEE access only.  Validations: Duplicates would not be allowed. Should be a valid entry in AA.PRODUCT Should not be a product stated in PROD.TRANS</p>
            </desc>
        </t>
        <t>
            <field>PROD.TRANS</field>
            <desc>
                <p>List of Products to which the user has access to for transaction. So, all arrangements which belong to this product would be allowed access to.  Validations: Duplicates would not be allowed. Should be a valid entry in AA.PRODUCT Should not be a product stated in PROD.SEE</p>
            </desc>
        </t>
        <t>
            <field>ACCT.CAT.TRANS</field>
            <desc>
                <p>List of CATEGORY codes that would be allowed for transactions.  Validations: Should be a valid CATEGORY. Duplicates would not be allowed. CATEGORY code stated in ACCT.CAT.SEE would not be allowed in this field</p>
            </desc>
        </t>
        <t>
            <field>STMT.NOS</field>
            <desc>
                <p>Help Text for this field is unavailable.  Please refer to the T24 User Guides for further information.</p>
            </desc>
        </t>
        <t>
            <field>TARGET.PRODUCT</field>
            <desc>
                <p>Help Text for this field is unavailable.  Please refer to the T24 User Guides for further information.</p>
            </desc>
        </t>
        <t>
            <field>ACCT.CR.TRANS</field>
            <desc>
                <p>List of Accounts that would be allowed Credit transaction on.  Validations: Should be a valid ACCOUNT. Duplicates would not be allowed. ACCOUNT reference stated in ACCT.SEE cannot be stated here</p>
            </desc>
        </t>
        <t>
            <field>ACCT.DR.TRANS</field>
            <desc>
                <p>List of Accounts that would be allowed Debit transaction on.  Validations: Should be a valid ACCOUNT. Duplicates would not be allowed. ACCOUNT reference stated in ACCT.SEE cannot be stated here</p>
            </desc>
        </t>
        <t>
            <field>ACCT.EXCLUDE</field>
            <desc>
                <p>List of Accounts that would be excluded from checks - meaning all other accounts NOT defined in this field would be allowed to access.  Validations: Should be a valid ACCOUNT. Duplicates would not be allowed. ACCOUNT reference stated in ACCT.TRANS cannot be stated here</p>
            </desc>
        </t>
        <t>
            <field>ACCT.SEE</field>
            <desc>
                <p>List of Accounts that would be allowed only for SEE access.  Validations: Should be a valid ACCOUNT. Duplicates would not be allowed. ACCOUNT reference stated in ACCT.TRANS cannot be stated here</p>
            </desc>
        </t>
        <t>
            <field>ACCT.TRANS</field>
            <desc>
                <p>The ID of a MANAGED.ACCOUNT record to allow the user to access the portfolio that belong to this managed account and allow transaction on them. Example: If the value is &apos;1&apos;, then all the SEC.ACC.MASTER records that has the MANAGED.ACCOUNT set to &apos;1&apos; will be accessible by the user. This field will be a NOINPUT field if SC is not installed.</p>
            </desc>
        </t>
    <t><field>NR.ATTRIBUTE.RULE</field><desc><p>Help Text for this field is unavailable.  Please refer to the T24 User Guides for further information.</p></desc></t><t><field>NR.VALUE.SOURCE</field><desc><p>Help Text for this field is unavailable.  Please refer to the T24 User Guides for further information.</p></desc></t><t><field>API.ATTRIBUTE</field><desc><p>Help Text for this field is unavailable.  Please refer to the T24 User Guides for further information.</p></desc></t></menu>
</t24help>
