<?xml version="1.0" encoding="utf-8"?>
<t24help xmlns:xsi="http://www.w3.org/2001/XMLSchema-instance">
	<header>
		<product>AA</product>
		<table>AA.ARR.PRICING.ADJUSTMENTS</table>
	</header>
	<overview>
		<ovdesc>
			<p>Pricing Adjustments are used for the negotiation of Pricing at the arrangement level directly within EPP. This can
				also be used in Transact .</p>
		</ovdesc>
	</overview>
	<menu>

		<t>
			<field>PRICING.PROPERTY</field>
			<desc>
				<p>Specifies the charge property for which manual pricing adjustments are defined.</p>
			</desc>
		</t>
		<t>
			<field>ADJUST.TYPE</field>
			<desc>
				<p>Specifies the type of adjustment being done on Pricing Property's amount.</p>
				<p>Adjust Amount - Adjusting the final charge amount.</p>
				<p>Override Amount - Overriding the final charge amount with a different amount.</p>
				<p>Waive - Waiving the charge altogether.</p>
				<p>Adjust Rate - Adjusting the final charge amount based on the interest rate provided.</p>
				<p>Override Rate - Overriding the final charge amount with a different amount based on the interest rate provided.</p>
			</desc>
		</t>

		<t>
			<field>ADJUSTMENT</field>
			<desc>
				<p>Depending on the ADJUST.TYPE selected this field is used to deine the amount/rate to be applied to the associated
					Pricing Property.
				</p>
				<p>This is not applicable for WAIVE.</p>
			</desc>
		</t>
		<t>
			<field>ADJUST.REASON</field>
			<desc>
				<p>Dropdown list from virtual table AA.ADJUSTMENT.REASON.</p>
			</desc>
		</t>
		<t>
			<field>ADJUST.EXPIRY.DATE</field>
			<desc>
				<p>Specifies the date on which any discretionary user adjustment is no longer applied, and the arrangement resumes
					its standard charge processing.</p>
				<p>This is a relative date, allowing to the user to an expiry such as R_START + 2Y.</p>
			</desc>
		</t>
		<t>
			<field>RESERVED.10</field>
			<desc>
				<p>Reserved field for future use.</p>
			</desc>
		</t>
		<t>
			<field>RESERVED.9</field>
			<desc>
				<p>Reserved field for future use.</p>
			</desc>
		</t>
		<t>
			<field>RESERVED.8</field>
			<desc>
				<p>Reserved field for future use.</p>
			</desc>
		</t>
		<t>
			<field>RESERVED.7</field>
			<desc>
				<p>Reserved field for future use.</p>
			</desc>
		</t>
		<t>
			<field>RESERVED.6</field>
			<desc>
				<p>Reserved field for future use.</p>
			</desc>
		</t>
		<t>
			<field>RESERVED.5</field>
			<desc>
				<p>Reserved field for future use.</p>
			</desc>
		</t>
		<t>
			<field>RESERVED.4</field>
			<desc>
				<p>Reserved field for future use.</p>
			</desc>
		</t>
		<t>
			<field>RESERVED.3</field>
			<desc>
				<p>Reserved field for future use.</p>
			</desc>
		</t>
		<t>
			<field>RESERVED.2</field>
			<desc>
				<p>Reserved field for future use.</p>
			</desc>
		</t>
		<t>
			<field>RESERVED.1</field>
			<desc>
				<p>Reserved field for future use.</p>
			</desc>
		</t>
		<t>
			<field>CHANGED.FIELDS</field>
			<desc>
				<p>No input and multi value field - lists all fields that have been negotiated for each dated version of the
					property. For a subsequently dated property, the attributes listed in this field will appear in
					&quot;Negotiated.Fields&quot; and only newly negotiated fields will appear on &quot;Changed.Fields&quot;</p>
			</desc>
		</t>


		<t>
			<field>DEFAULT.ATTR.OPTION</field>
			<desc>
				<p>Optional field - Allowed Values are RESETTING and NON-RESETTING.</p>
				<p />
				<p />
				<p />
				<p />
				<p>RESETTING - During any Renewal Activities (for eg : change.product, rollover or reset) the property conditions
					will be reset from the product.</p>
				<p />
				<p />
				<p />
				<p />
				<p>NON-RESETTING - During any Renewal Activities property conditions will be maintained from the Arrangement level.</p>
				<p />
				<p />
				<p />
				<p />
				<p>Leaving the field blank sets NON-RESETTING as the default option.</p>
			</desc>
		</t>
		<t>
			<field>DEFAULT.NEGOTIABLE</field>
			<desc>
				<p>Defines whether all attributes (fields) can be negotiable or not.</p>
			</desc>
		</t>
		<t>
			<field>ID.COMP.1</field>
			<desc>
				<p>Contains the arrangement number, extracted from the first component of the id</p>
				<p />
				<p />
				<p>Not applicable at product level</p>
				<p />
				<p />
				<p>System updated field no input allowed</p>
			</desc>
		</t>

		<t>
			<field>ID.COMP.2</field>
			<desc>
				<p>The action that was triggered on the arrangement property</p>
				<p />
				<p />
				<p>The action is taken from ACTIVITY.CLASS record of the underlying AA.ARRANGEMENT.ACTIVITY request that caused the
					record to be modified.</p>
			</desc>
		</t>
		<t>
			<field>ID.COMP.3</field>
			<desc>
				<p>Contains the effective date of the property condition</p>
				<p />
				<p />
				<p>Not applicable at product level</p>
				<p />
				<p />
				<p>System updated field no input allowed</p>
			</desc>
		</t>
		<t>
			<field>ID.COMP.4</field>
			<desc>
				<p>Reserved for future use</p>
				<p />
				<p />
				<p>Not applicable at product level</p>
				<p />
				<p />
				<p>System field no input allowed</p>
			</desc>
		</t>
		<t>
			<field>ID.COMP.5</field>
			<desc>
				<p>Reserved for future use</p>
				<p />
				<p />
				<p>Not applicable at product level</p>
				<p />
				<p />
				<p>System field no input allowed</p>
			</desc>
		</t>
		<t>
			<field>ID.COMP.6</field>
			<desc>
				<p>Reserved for future use</p>
				<p />
				<p />
				<p>Not applicable at product level</p>
				<p />
				<p />
				<p>System field no input allowed</p>
			</desc>
		</t>

		<t>
			<field>NEGOTIATED.FLDS</field>
			<desc>
				<p>No input and multi value field that lists the attributes on the arrangement property record that have been fixed
					and/or negotiated. These are stored when the arrangement level record is committed. When the arrangement level
					record is next used all items in the NEGOTIATED.FIELDS list will be maintained.</p>
				<p />
				<p />
				<p>Once an attribute has been fixed or negotiated it will remain in negotiated field list on all subsequent dated
					versions of the property.</p>
			</desc>
		</t>
		<t>
			<field>NR.ATTRIBUTE</field>
			<desc>
				<p>Defines which individual attribute (field) has the negotiation rules defined in fields &quot;Nr.Negotiable&quot;
					through to &quot;Nr.Message&quot;</p>
				<p>Must be a valid field name within this property</p>
				<p />
				<p />
				<p>This field is part of a multi value set</p>
			</desc>
		</t>
		<t>
			<field>NR.ATTRIBUTE.RULE</field>
			<desc>
				<p>Help Text for this field is unavailable. Please refer to the T24 User Guides for further information.</p>
			</desc>
		</t>
		<t>
			<field>NR.MESSAGE</field>
			<desc>
				<p>This field indicates whether to raise error or override message when rule is broken</p>
				<p />
				<p />
				<p>Allows only two values ERROR or OVERRIDE</p>
				<p />
				<p />
				<p>ERROR error message is raised</p>
				<p />
				<p />
				<p>OVERRIDE Override message is generated</p>
			</desc>
		</t>
		<t>
			<field>NR.OPTIONS</field>
			<desc>
				<p>Defines named values to indicate if an option applies to the associated NR.ATTRIBUTE. More than one option can
					be associated with the NR.ATTRIBUTE, with certain restrictions.</p>
				<p />
				<p />
				<p />
				<p />
				<p />
				<p />
				<p>Valid Inputs are NEGOTIABLE, NON-NEGOTIABLE, OVERRIDE, FIX-VALUE, MANDATORY as described below: -</p>
				<p />
				<p />
				<p />
				<p />
				<p>NEGOTIABLE</p>
				<p />
				<p />
				<p>The value of NEGOTIABLE will indicate that the associated NR.ATTRIBUTE can be negotiated at the arrangement
					level.</p>
				<p />
				<p />
				<p />
				<p />
				<p>NON-NEGOTIABLE</p>
				<p />
				<p />
				<p>The value of NON-NEGOTIABLE will indicate that the associated NR.ATTRIBUTE cannot be negotiated at the
					arrangement level. Both NEGOTIABLE and NON-NEGOTIABLE cannot be defined together</p>
				<p />
				<p />
				<p />
				<p />
				<p>OVERRIDE</p>
				<p />
				<p />
				<p>Specifies if a default override message should be generated if the default attribute is amended at the
					arrangement level. If OVERRIDE is not specified, no override will be generated.</p>
				<p />
				<p />
				<p />
				<p />
				<p>FIX-VALUE</p>
				<p />
				<p />
				<p>Specified if the field value is to be fixed at the arrangement level. If FIX-VALUE is not specified the field
					value will vary with the changes to the underlying product condition.</p>
				<p />
				<p />
				<p />
				<p />
				<p>MANDATORY</p>
				<p />
				<p />
				<p>Specifies if the attribute is mandatory for this product condition. Can only be specified where the attribute is
					not defined as mandatory in the property class.</p>
			</desc>
		</t>
		<t>
			<field>NR.STD.COMP</field>
			<desc>
				<p>It is possible to define negotiation rules in EB.COMPARISON.TYPE.</p>
				<p>Input must be a valid record from EB.STANDARD.COMPARISON</p>
			</desc>
		</t>
		<t>
			<field>NR.TYPE</field>
			<desc>
				<p>Defines the negotiation rule that is linked to the field defined in &quot;Nr.Attribute&quot;. If an attribute
					has a negotiation rule linked to it (in associated fields NR.TYPE, NR.VALUE and NR.MESSAGE) the attribute must be
					defined as negotiable.</p>
				<p />
				<p />
				<p>It is possible to define more than one negotiation rule for an attribute</p>
				<p />
				<p />
				<p />
				<p />
				<p />
				<p />
				<p>Input must be a valid record from EB.COMPARISON.TYPE</p>
				<p />
				<p />
				<p>This is a multi value set of fields</p>
			</desc>
		</t>
		<t>
			<field>NR.VALUE</field>
			<desc>
				<p>Defines the value that links to the rule in field &quot;Nr.Type&quot;</p>
			</desc>
		</t>
		<t>
			<field>NR.VALUE.SOURCE</field>
			<desc>
				<p>Help Text for this field is unavailable. Please refer to the T24 User Guides for further information.</p>
			</desc>
		</t>
		<t>
			<field>OVERRIDE</field>
			<desc>
				<p>Standard Override field containing override messages generated by amendments to this property</p>
			</desc>
		</t>
		<t>
			<field>OWNING.COMPANY</field>
			<desc>
				<p>This field is used to capture the T24 Company(ies) that own the Product Condition record. There is no
					functionality attached to this field and can be used only for access control through SMS verification.</p>
				<p />
				<p>The input in this field must be a valid record in company table and should belong to current financial group.</p>
				<p />
				<p>This is a multi value field. Input in this field is optional.</p>
			</desc>
		</t>

		<t>
			<field>PR.APP.METHOD</field>
			<desc>
				<p>This will hold two values either DUE or CAPITALISE. This Field denote which application method(DUE or
					CAPITALISE)should be taken while applying periodic rule charges.</p>
			</desc>
		</t>
		<t>
			<field>PR.APP.PERIOD</field>
			<desc>
				<p>This will have to accept a valid T24 period. This Field will denote the application period for current
					application method.</p>
			</desc>
		</t>
		<t>
			<field>PR.ATTRIBUTE</field>
			<desc>
				<p>These are set of Attributes which define the names of the rule, which will be applied on certain attributes of
					property classes over a period of time.</p>
				<p>Input must be a valid record from AA.PERIODIC.ATTRIBUTE</p>
			</desc>
		</t>
		<t>
			<field>BONUS.AMOUNT</field>
			<desc>
				<p>Actual Bonus Amount - if an amount is specified it will replace the amount calculated/specified on the
					arrangement (mutually exclusive with BONUS.UPLIFT)</p>
				<p>An amount specified here must still adhere to the &quot;Minimum Charge&quot; and &quot;Charge Waive&quot; fields
					and any Periodic Attributes of the Charge Property Class.</p>
			</desc>
		</t>
		<t>
			<field>PR.BRK.CHARGE</field>
			<desc>
				<p>Charge can be collected when the periodic rule is broken</p>
				<p />
				<p />
				<p>This field denotes the charge property. The property and its condition is</p>
				<p />
				<p />
				<p>defined the product designer and validated during publishing</p>
				<p />
				<p />
				<p />
				<p />
				<p />
				<p />
				<p>Valid charge property</p>
			</desc>
		</t>
		<t>
			<field>PR.BRK.MSG</field>
			<desc>
				<p>Based on the PR.BRK.RES option selected, this will hold either an OVERRIDE or EB.ERROR id. By default the ids
					will be picked from the associated EB.COMPARISON.TYPE record. If CAP or FLOOR values are given, then the
					underlying AA.PERIODIC.ATTRIBUTE.CLASS should have this type defined in it.</p>
				<p>Input must be a valid OVERRIDE ID or EB.ERROR ID.</p>
			</desc>
		</t>
		<t>
			<field>PR.BRK.RES</field>
			<desc>
				<p>When a rule is broken what action needs to be taken is defined here. Currently, the various options available
					are
				</p>
				<p />
				<p />
				<p />
				<p />
				<p>Error block further processing</p>
				<p />
				<p />
				<p>Override Give an override</p>
				<p />
				<p />
				<p>Information Record details only</p>
				<p />
				<p />
				<p>CAP the rule value is to be used as a CAP if the rule is broken</p>
				<p />
				<p />
				<p>FLOOR the rule value is to be used as a FLOOR if the rule is broken</p>
				<p />
				<p />
				<p />
				<p />
				<p>Validation rules</p>
				<p />
				<p />
				<p>Should be one of the above valid options</p>
			</desc>
		</t>
		<t>
			<field>PR.RESERVED.1</field>
			<desc>
				<p>System field - reserved for future use</p>
			</desc>
		</t>
		<t>
			<field>PR.RESERVED.2</field>
			<desc>
				<p>System field - reserved for future use</p>
			</desc>
		</t>
		<t>
			<field>PR.RESERVED.3</field>
			<desc>
				<p>System field - reserved for future use</p>
			</desc>
		</t>
		<t>
			<field>PR.VALUE</field>
			<desc>
				<p>This is the actual rule value, which will be applied on certain attributes of the property classes over a period
					of time.</p>
				<p>Input must be a valid data type defined in the corresponding</p>
				<p />
				<p />
				<p>AA.PERIODIC.ATTRIBUTE.CLASS record.</p>
			</desc>
		</t>
		<t>
			<field>STMT.NOS</field>
			<desc>
				<p>System field - not used for property conditions</p>
			</desc>
		</t>
		<t>
			<field>SYS.RESERVE1</field>
			<desc>
				<p>System field - reserved for future use</p>
			</desc>
		</t>
		<t>
			<field>SYS.RESERVE2</field>
			<desc>
				<p>System field - reserved for future use</p>
			</desc>
		</t>

		<t>
			<field>SYS.RESERVE3</field>
			<desc>
				<p>System field - reserved for future use</p>
			</desc>
		</t>
		<t>
			<field>SYS.RESERVE4</field>
			<desc>
				<p>System field - reserved for future use</p>
			</desc>
		</t>
		<t>
			<field>SYS.RESERVE6</field>
			<desc>
				<p>System field - reserved for future use</p>
			</desc>
		</t>
		<t>
			<field>SYS.RESERVE7</field>
			<desc>
				<p>System field - reserved for future use</p>
			</desc>
		</t>
		<t>
			<field>TARGET.PRODUCT</field>
			<desc>
				<p>This field denotes the target classic product of the given property class</p>
				<p />
				<p />
				<p />
				<p />
				<p>The already existing T24 products are mapped using AA infrastructure</p>
				<p />
				<p />
				<p>These are called classic products</p>
				<p />
				<p />
				<p>These products are mapped to different property classes</p>
			</desc>
		</t>

	<t><field>ARRANGEMENT.KEY</field><desc><p>Help Text for this field is unavailable.  Please refer to the T24 User Guides for further information.</p></desc></t><t><field>ACTIVITY</field><desc><p>Help Text for this field is unavailable.  Please refer to the T24 User Guides for further information.</p></desc></t><t><field>ACTION</field><desc><p>Help Text for this field is unavailable.  Please refer to the T24 User Guides for further information.</p></desc></t><t><field>API.ATTRIBUTE</field><desc><p>Help Text for this field is unavailable.  Please refer to the T24 User Guides for further information.</p></desc></t></menu>
</t24help>
