<?xml version="1.0" encoding="utf-8"?>
<t24help xmlns:xsi="http://www.w3.org/2001/XMLSchema-instance">
    <header>
        <product>AA</product>
        <table>AA.ARR.LIMIT</table>
    </header>
    <overview>
        <ovdesc>
            <p>The LIMIT Property Class is used by all products which are account based. This Property Class primarily controls the use of the LIMIT module by the product</p>
            <p/>
        </ovdesc>
    </overview>
    <menu>
        <t>
            <field>CLRD.BAL.LIMIT</field>
            <desc>
                <p>This field holds the online cleared balance in account overdrawn in legacy system as on takeover date.</p>
                <p>Validation Rules:</p>
                <p>Input allowed only during TAKEOVER activity for ACCOUNTS arrangement and when DATE.FIRST.OD is defined.</p>
            </desc>
        </t>
        <t>
            <field>CURR.OD.DAYS</field>
            <desc>
                <p>Number of days account is in Overdraft continuously below the Threshold amount in legacy system.</p>
                <p>Validation Rules:</p>
                <p>Input allowed only during TAKEOVER activity for ACCOUNTS arrangement and when DATE.FIRST.OD is defined.</p>
            </desc>
        </t>
        <t>
            <field>CURR.OD.START.DATE</field>
            <desc>
                <p>Date when account's balance fall below the Threshold amount in legacy system</p>
                <p>Validation Rules:</p>
                <p>Input allowed only during TAKEOVER activity for ACCOUNTS arrangement and when DATE.FIRST.OD is defined.</p>
                <p>Restricts input of date greater than current system date </p>
            </desc>
        </t>
        <t>
            <field>ACCOUNT.OVERDRAWN.ID</field>
            <desc>
                <p>Id of Account Overdrawn record to be updated online during takeover of Arrangement.</p>
                <p>Validation Rules:</p>
                <p>Input allowed only during TAKEOVER activity for ACCOUNTS arrangement and when DATE.FIRST.OD is defined.</p>
            </desc>
        </t>
        <t>
            <field>DATE.FIRST.OD</field>
            <desc>
                <p>Date on which account is overdrawn in legacy system</p>
                <p>Validation Rules:</p>
                <p>Input allowed only during TAKEOVER activity for ACCOUNTS arrangement.</p>
                <p>Restricts input of date greater than current system date</p>
            </desc>
        </t>
        <t>
            <field>DATE.LAST.MOVE</field>
            <desc>
                <p>Date on which last movement occurred in the overdrawn account/limit in the legacy system.</p>
                <p>Validation Rules:</p>
                <p>Input allowed only during TAKEOVER activity for ACCOUNTS arrangement and when DATE.FIRST.OD is defined.</p>
                <p>Restricts input of date greater than current system date </p>
            </desc>
        </t>
        <t>
            <field>DEFAULT.NEGOTIABLE</field>
            <desc>
                <p>Not used for arrangement level conditions</p>
                <p/>
            </desc>
        </t>
        <t>
            <field>EXPIRY.DATE</field>
            <desc>
                <p>Used to give the expiry date of the limit which is managed from within AA. Input allowed when manage limit is set to YES or LIMIT.SERIAL is set to &quot;NEW&quot;. Validation Rules Should be a valid date and cannot be less than today</p>
            </desc>
        </t>
        <t>
            <field>ID.COMP.1</field>
            <desc>
                <p>Contains the arrangement number, extracted from the first component of the id</p>
                <p>System updated field no input allowed</p>
                <p/>
            </desc>
        </t>
        <t>
            <field>ID.COMP.2</field>
            <desc>
                <p>Contains the name of the property that this arrangement level condition relates to</p>
                <p>Name is defined in AA.PRORERTY table</p>
                <p>System maintained field no input allowed</p>
                <p/>
            </desc>
        </t>
        <t>
            <field>ID.COMP.3</field>
            <desc>
                <p>Contains the Effective Date of this property condition</p>
                <p>System updated field no input allowed</p>
                <p/>
            </desc>
        </t>
        <t>
            <field>ID.COMP.4</field>
            <desc>
                <p>Reserved for future use</p>
                <p>System field no input allowed</p>
                <p/>
            </desc>
        </t>
        <t>
            <field>ID.COMP.5</field>
            <desc>
                <p>Reserved for future use</p>
                <p>System field no input allowed</p>
                <p/>
            </desc>
        </t>
        <t>
            <field>ACT.BAL.TOT.OUT</field>
            <desc>
                <p>This field holds the actual outstanding in the account or the limit which is exceeded.</p>
                <p>Validation Rules:</p>
                <p>Input allowed only during TAKEOVER activity for ACCOUNTS arrangement and when DATE.FIRST.OD is defined.</p>
            </desc>
        </t>
        <t>
            <field>ID.COMP.6</field>
            <desc>
                <p>Reserved for future use</p>
                <p>System field no input allowed</p>
                <p/>
            </desc>
        </t>
        <t>
            <field>LAST.OD.FEE.DATE</field>
            <desc>
                <p>Date on which Customer Overdraft fee is collected in legacy system</p>
                <p>If left blank, charge will be collected</p>
                <p>Validation Rules:</p>
                <p>Input allowed only during TAKEOVER activity for ACCOUNTS arrangement and when DATE.FIRST.OD is defined.</p>
                <p>Restricts input of date greater than current system date </p>
            </desc>
        </t>
        <t>
            <field>LIMIT</field>
            <desc>
                <p>Limit can be defined as a sequence number and this sequence number can be captured in this field. When this field is defined then the corresponding limit reference and limit serial will be defaulted and if limit reference and serial is input then corresponding limit will be defaulted. This new referene will be of the format Application code - Julian date - Sequence number i.e. LI161136YR6L.</p>
            </desc>
        </t>
        <t>
            <field>LIMIT.AMOUNT</field>
            <desc>
                <p>This field is used to give the limit amount for limits which are managed from AA. This amount would be mapped to limit&apos;s Internal amount field. Input allowed when manage limit is set to YES or LIMIT.SERIAL is set to &quot;NEW&quot; Validation Rules Should be a valid T24 amount field</p>
            </desc>
        </t>
        <t>
            <field>ACTION</field>
            <desc>
                <p>The activity that caused this arrangement property to be updated.</p>
                <p>The activity is taken from the underlying AA.ARRANGEMENT.ACTIVITY request that caused the record to be modified</p>
                <p/>
            </desc>
        </t>
        <t>
            <field>LIMIT.MATURITY</field>
            <desc>
                <p>LIMIT.MATURITY field is to specify the type of date to be taken for time band.</p>
                <p>Currently supported options are</p>
                <p>1. MATURITY.DATE - Maturity Date of the contract</p>
                <p>2. RENEWAL.DATE - Renewal Date of the contract</p>
                <p>3. LIMIT.MATURITY.DATE - Date in the field LIMIT.MATURITY.DATE</p>
                <p/>
                <p>Validation rules</p>
                <p>1. Valid EB.LOOKUP option field, with prefix AA.LIMIT.MATURITY*  </p>
                <p>2. Currently supports MATURITY.DATE, RENEWAL.DATE, LIMIT.MATURITY.DATE.</p>
                <p>3. Allowed option for External Financial Product line is LIMIT.MATURITY.DATE</p>
            </desc>
        </t>
        <t>
            <field>LIMIT.MATURITY.DATE</field>
            <desc>
                <p>LIMIT.MATURITY.DATE is to capture a date which has to be taken as Maturity date for the time band in case the LIMIT.MATURITY is chosen as LIMIT.MATURITY.DATE</p>
                <p/>
                <p>Validation rules</p>
                <p>1. Valid T24 Date field.</p>
                <p>2. Field value ignored if LIMIT.MATURITY is not chosen as LIMIT.MATURITY.DATE</p>
            </desc>
        </t>
        <t>
            <field>LIMIT.REFERENCE</field>
            <desc>
                <p>Input a limit reference if the primary owner of the arrangement has a credit limit.</p>
                <p>    The corresponding Limit record is checked and if it covers the new &quot;working balance&quot;, the transaction will be accepted. An override will be displayed if this is not the case.</p>
                <p>    If no limit reference is specified and the &quot;working balance&quot; goes into debit, an override message will be displayed to alert to an unauthorised overdraft.</p>
                <p>    if the limit reference specified had to refer global limit reference then the limit reference of the child product has to specified. </p>
                <p>    say if 10000 is the global limit and 100 is the child product then, 190001.0010000.01 is the global limit reference and 190001.0010100.01 is the child product reference then we have to provide 10100 in the limit reference of the arrangement not 100. </p>
                <p/>
                <p/>
                <p>      Must be a valid record ID from LIMIT.REFERENCE</p>
            </desc>
        </t>
        <t>
            <field>LIMIT.SERIAL</field>
            <desc>
                <p>This field is used to store the limit reference serial number. This can be set to either a valid limit reference serial number or &quot;NEW&quot;. When &quot;NEW&quot; input is given, system would create a default system maintained limit record. When a serial number is given, there should be a valid underlying limit record with the given limit reference and serial.no in the system, else validation error would be thrown. For limit records which are managed within AA, system would not allow to edit the record using limit application. Validation Rules Can be either a valid serial no. or &quot;NEW&quot; Optional Field</p>
            </desc>
        </t>
        <t>
            <field>LIMIT.STYLE</field>
            <desc>
                <p>The field is used to define whether the limit should be maintained in contract style or account style.</p>
                <p/>
                <p>Allowed values are: </p>
                <p/>
                <p>Contract - Maintain the limit balances in contract style. When this attribute set as &apos;Contract&apos; , core accounting suppresses the limit update and limit checks and it is triggered from application.</p>
                <p/>
                <p>Account or Null - Maintain the limit balances in account style. When this attribute set as &apos;Account&apos; , transact to pass information to maintain/update the limit checks through accounting.</p>
            </desc>
        </t>
        <t>
            <field>MANAGE.LIMIT</field>
            <desc>
                <p>The field is used to specify if an AR arrangement limit is managed within AA or outside of AA for ACCOUNTS product line arrangements. When AA maintains the limits for AR accounts, this field would be set to YES else it would be set NO or null. This field is system maintained. Validation Rules Would be either YES or NO System maintained Field applicable only for AR arrangements</p>
            </desc>
        </t>
        <t>
            <field>NEGOTIATED.FLDS</field>
            <desc>
                <p>No input and multi value field that lists the attributes on the arrangement property record that have been fixed and/or negotiated. These are stored when the arrangement level record is committed. When the arrangement level record is next used all items in the NEGOTIATED.FIELDS list will be maintained</p>
                <p>Once an attribute has been fixed or negotiated it will remain in negotiated field list on all subsequent dated versions of the property.</p>
            </desc>
        </t>
        <t>
            <field>NOTICE.FREQUENCY</field>
            <desc>
                <p>Will be used to define frequency to send chaser notices to customers in a specific ageing status.</p>
            </desc>
        </t>
        <t>
            <field>NR.ATTRIBUTE</field>
            <desc>
                <p>System field - not used for arrangement conditions</p>
                <p/>
                <p/>
                <p>System Field NoINPUT allowed -</p>
            </desc>
        </t>
        <t>
            <field>NR.ATTRIBUTE.RULE</field>
            <desc>
                <p>Field is use to indicate the rules to be executed against certain fields for a property during product creation or arrangement creation.</p>
                <p>Rule here is specified as conditional expression with fields in the product condition to be evaluated.</p>
                <p>Multi-valued for a product condition.</p>
                <p>Attribute Rules can be specified based upon the value of a single field or the values from multiple fields.</p>
                <p>A user can then specify comparison operators (i.e. ==, !=. symbols for GT, GE, LT, LE) ,AND and OR, as well as brackets/parentheses for grouping.</p>
                <p/>
                <p>Eg: For Interest product condition, a rule can be formed as follows </p>
                <p>((FLOATING.INDEX !=  OR PERIODIC.INDEX != ) AND MARGIN.TYPE == SINGLE)</p>
                <p>Where FLOATING.INDEX, PERIODIC.INDEX and MARGIN.TYPE are fields with values and string after == are the values to be compared.</p>
            </desc>
        </t>
        <t>
            <field>NR.MESSAGE</field>
            <desc>
                <p>System field - not used for arrangement conditions</p>
                <p/>
                <p/>
                <p>System Field NoINPUT allowed -</p>
            </desc>
        </t>
        <t>
            <field>NR.OPTIONS</field>
            <desc>
                <p>System field - not used for arrangement conditions</p>
                <p/>
                <p/>
                <p>System Field NoINPUT allowed -</p>
            </desc>
        </t>
        <t>
            <field>ACTIVITY</field>
            <desc>
                <p>The activity that caused this arrangement property to be updated.</p>
                <p>The activity is taken from the underlying AA.ARRANGEMENT.ACTIVITY request that caused the record to be modified</p>
                <p/>
            </desc>
        </t>
        <t>
            <field>NR.STD.COMP</field>
            <desc>
                <p>Not used for Arrangement Conditions</p>
                <p/>
                <p/>
                <p/>
                <p>Input not allowed</p>
            </desc>
        </t>
        <t>
            <field>NR.TYPE</field>
            <desc>
                <p>System field - not used for arrangement conditions</p>
                <p/>
                <p/>
                <p>System Field NoINPUT allowed -</p>
            </desc>
        </t>
        <t>
            <field>NR.VALUE</field>
            <desc>
                <p>System field - not used for arrangement conditions</p>
                <p/>
                <p/>
                <p>System Field NoINPUT allowed -</p>
            </desc>
        </t>
        <t>
            <field>NR.VALUE.SOURCE</field>
            <desc>
                <p>Specifies the source to be used for validating the limit for payment. Should be a valid record from AC.BALANCE.TYPE.</p>
                <p>When bank wants to limit the user payment on certain balance, this field would be used to give the balance to be used for limiting the payment.</p>
                <p>Currently, only Balance type keyword is allowed, no validations are in place as of now, this can be expanded for future use.</p>
                <p>Eg: - BALANCE.TYPE &gt; TOTTERMAMOUNT, can be specified in this format.</p>
            </desc>
        </t>
        <t>
            <field>OD.PERIOD</field>
            <desc>
                <p>This field is used to define the period on which the corresponding status in OD.STATUS applies</p>
                <p/>
                <p>Validation Rules</p>
                <p/>
                <p>Maximum 6 digits allowed, reppresents the days from the first overdraft date</p>
            </desc>
        </t>
        <t>
            <field>OD.STATUS</field>
            <desc>
                <p>This field is used to trigger the overdraft processing if the activity that has made the account go into overdraft has been initiated by the either,</p>
                <p/>
                <p>CUSTOMER - Aging status to be evaluated only for customer initiated transactions</p>
                <p>ALL - Aging status to be evaluated for all transactions</p>
                <p>NULL - No aging will be triggered</p>
            </desc>
        </t>
        <t>
            <field>OVERRIDE</field>
            <desc>
                <p>Standard Override field containing override messages generated by amendments to this property</p>
                <p/>
            </desc>
        </t>
        <t>
            <field>OWNING.COMPANY</field>
            <desc>
                <p>This field is used to capture the T24 Company(ies) that own the Product Condition record. There is no functionality attached to this field and can be used only for access control through SMS verification.</p>
                <p/>
                <p>The input in this field must be a valid record in company table and should belong to current financial group.</p>
                <p/>
                <p>This is a multi value field. Input in this field is optional.</p>
            </desc>
        </t>
        <t>
            <field>POSTING.RESTRICT</field>
            <desc>
                <p>System will apply this posting restriction on the account upon reaching specific ageing status.</p>
                <p>Validation Rules</p>
                <p>1.Should be a valid record in POSTING.RESTRICT table.</p>
                <p>2.Must be defined for current aging status if it is defined for previous status.</p>
            </desc>
        </t>
        <t>
            <field>PR.APP.METHOD</field>
            <desc>
                <p>This field denotes the application method that needs to be applied to the periodic rule charges.</p>
                <p>Allowed values are</p>
                <p>Due - The periodic rule charges are made due</p>
                <p>Capitalise - The periodic rule charges are capitalised</p>
                <p>Not inputtable at arrangement level</p>
                <p/>
            </desc>
        </t>
        <t>
            <field>PR.APP.PERIOD</field>
            <desc>
                <p>This field denotes the application period for the given periodic rule charges.</p>
                <p>The periodic rule charges will be applied at the end of the period. If the value defined is zero, then the charges are applied immediately.</p>
                <p>Standard T24 period field.</p>
                <p>Not inputtable at arrangement level</p>
                <p/>
            </desc>
        </t>
        <t>
            <field>ALLOW.NETTING</field>
            <desc>
                <p>If the account does not exclusively use a Limit, the user can specify that any credit balance of the account can be added to the overall overdraft limit available to other accounts with the same limit reference</p>
                <p/>
                <p/>
                <p>    YES or NO</p>
            </desc>
        </t>
        <t>
            <field>PR.ATTRIBUTE</field>
            <desc>
                <p>These are set of Attributes which define the names of the rule, which will be applied on certain attributes of property classes over a period of time</p>
                <p/>
                <p/>
                <p>Input must be a valid record from AA.PERIODIC.ATTRIBUTE</p>
            </desc>
        </t>
        <t>
            <field>PR.BRK.CHARGE</field>
            <desc>
                <p>Not used for arrangement level conditions</p>
                <p/>
                <p/>
                <p>Input not allowed.</p>
            </desc>
        </t>
        <t>
            <field>PR.BRK.MSG</field>
            <desc>
                <p>Based on the PR.BRK.RES option selected, this will hold either an OVERRIDE or EB.ERROR id. By default the ids will be picked from the associated EB.COMPARISON.TYPE record. If CAP or FLOOR values are given, then the underlying AA.PERIODIC.ATTRIBUTE.CLASS should have this type defined in it</p>
                <p/>
                <p/>
                <p>Input must be a valid OVERRIDE ID or EB.ERROR ID</p>
            </desc>
        </t>
        <t>
            <field>PR.BRK.RES</field>
            <desc>
                <p>When a rule is broken what action needs to be taken is defined here. Currently, the various options available are </p>
                <p/>
                <p>Error block further processing</p>
                <p>Override Give an override</p>
                <p>Information  Record details only</p>
                <p>CAP the rule value is to be used as a CAP if the rule is broken</p>
                <p>FLOOR the rule value is to be used as a FLOOR if the rule is broken</p>
                <p/>
                <p/>
                <p>Should be one of the above valid options</p>
            </desc>
        </t>
        <t>
            <field>PR.RESERVED.1</field>
            <desc>
                <p>Reserved for future use</p>
            </desc>
        </t>
        <t>
            <field>PR.RESERVED.2</field>
            <desc>
                <p>Reserved for future use</p>
            </desc>
        </t>
        <t>
            <field>PR.RESERVED.3</field>
            <desc>
                <p>Reserved for future use</p>
            </desc>
        </t>
        <t>
            <field>PR.VALUE</field>
            <desc>
                <p>This is the actual rule value, which will be applied on certain attributes of the property classes over a period of time.</p>
                <p/>
                <p/>
                <p>Input must be a valid data type defined in the corresponding</p>
                <p>AA.PERIODIC.ATTRIBUTE.CLASS record.</p>
            </desc>
        </t>
        <t>
            <field>REVIEW.FREQ</field>
            <desc>
                <p>Specifies the next date on which the limit is to be reviewed. This field is mapped to LIMIT record linked to the Arrangement.</p>
                <p/>
                <p>Validation Rules:</p>
                <p>Standard T24 frequency code.</p>
                <p>The first review date must not be later than the Limit EXPIRY.DATE.</p>
            </desc>
        </t>
        <t>
            <field>SECONDARY.LIMIT.AMT</field>
            <desc>
                <p>Field to define Secondary Limit Amount to be used for the purpose of Secondary Limit Check.</p>
                <p>The Secondary Limit Amount defined in this field will be represented in respective account currency</p>
                <p>Validation Rules:</p>
                <p>Optional Field</p>
                <p>Field can be input only through AR Arrangement</p>
                <p>Standard amount format</p>
            </desc>
        </t>
        <t>
            <field>ARRANGEMENT.KEY</field>
            <desc>
                <p>The key to the arrangement property condition. The key is comprised of the following components (delimited by a &quot;-&quot;):</p>
                <p>Arrangement Id</p>
                <p>Property name&gt;</p>
                <p>Effective Date</p>
                <p/>
            </desc>
        </t>
        <t>
            <field>SINGLE.LIMIT</field>
            <desc>
                <p>Defines whether the Limit listed in &quot;Limit.Reference&quot; is for exclusive use of the Arrangement Account.</p>
                <p/>
                <p/>
                <p>      YES or NO</p>
            </desc>
        </t>
        <t>
            <field>STMT.NOS</field>
            <desc>
                <p>Contains the key to the accounting entries raised by the activity being applied to this arrangement property</p>
                <p/>
            </desc>
        </t>
        <t>
            <field>SUSPEND</field>
            <desc>
                <p>Indicates if the account has to be suspended upon reaching specific ageing status.</p>
                <p>Allowed value is YES.</p>
                <p>Validation Rule</p>
                <p>Must be defined for current aging status if it is defined for previous status.</p>
            </desc>
        </t>
        <t>
            <field>SYS.RESERVE1</field>
            <desc>
                <p>System field - reserved for future use</p>
                <p/>
            </desc>
        </t>
        <t>
            <field>SYS.RESERVE2</field>
            <desc>
                <p>System field - reserved for future use</p>
                <p/>
            </desc>
        </t>
        <t>
            <field>SYS.RESERVE3</field>
            <desc>
                <p>System field - reserved for future use</p>
                <p/>
            </desc>
        </t>
        <t>
            <field>SYS.RESERVE4</field>
            <desc>
                <p>System field - reserved for future use</p>
                <p/>
            </desc>
        </t>
        <t>
            <field>SYS.RESERVE6</field>
            <desc>
                <p>System field - reserved for future use</p>
                <p/>
            </desc>
        </t>
        <t>
            <field>SYS.RESERVE7</field>
            <desc>
                <p>System field - reserved for future use</p>
                <p/>
            </desc>
        </t>
        <t>
            <field>TARGET.PRODUCT</field>
            <desc>
                <p>This field denotes the target classic product of the given property class</p>
                <p/>
                <p>The already existing T24 products are mapped using AA infrastructure</p>
                <p>These are called classic products</p>
                <p>These products are mapped to different property clases</p>
                <p/>
            </desc>
        </t>
        <t>
            <field>TOLERANCE.AMT</field>
            <desc>
                <p>When the overdue amount is less than or equal to this amount aging processing will not be done for the arrangement</p>
                <p/>
                <p>Validation rules</p>
                <p/>
                <p>Mandatory when TOLERANCE.CCY is input</p>
            </desc>
        </t>
        <t>
            <field>CHANGED.FIELDS</field>
            <desc>
                <p>No input and multi value field lists all fields that have been negotiated for each dated version of the property. For a subsequently dated property, the attributes listed in this field will appear in &quot;Negotiated.Fields&quot; and only newly negotiated fields will appear on &quot;Changed.Fields&quot;</p>
                <p/>
                <p/>
            </desc>
        </t>
        <t>
            <field>TOLERANCE.CCY</field>
            <desc>
                <p>The currency in which tolerance amount to be checked. If not specified then local currency will be used to check tolerance</p>
                <p/>
                <p>Validation Rules</p>
                <p/>
                <p>Optional Input</p>
                <p>Must be a valid record in CURRENCY table</p>
            </desc>
        </t>
        <t>
            <field>USE.SECONDARY.LIMIT</field>
            <desc>
                <p>If this field is set to NO then SECONDARY.LIMIT.AMT would be defaulted to zero</p>
                <p>If this field is set to YES then any user inputted value (valid amount/zero/blank) are allowed in SECONDARY.LIMIT.AMT field</p>
            </desc>
        </t>
        <t>
            <field>CREDIT.CHK.CONDITION</field>
            <desc>
                <p>Field to decide if credit check processing to be performed for the account based on the conditions defined in the field CREDIT.CHK.TXN.TYPE</p>
                <p>Validation Rules:</p>
                <p>Optional Field </p>
                <p>Field can be input only through  AR Arrangement </p>
                <p>Yes/NULL - Credit Check Processing will be done         </p>
                <p>No - Credit Check Processing will not be done</p>
            </desc>
        </t>
        <t>
            <field>CREDIT.CHK.TXN.TYPE</field>
            <desc>
                <p>Field to define credit checking conditions in conjunction with the field CREDIT.CHK.CONDITION</p>
                <p>Validation Rules:</p>
                <p>Optional Field </p>
                <p>Field can be input only through AR Arrangement </p>
                <p>EXTERNAL - Credit Checking Condition defined in the field CREDIT.CHK.CONDITION will be considered only for transaction codes marked as External </p>
                <p>INTERNAL - Credit Checking Condition defined in the field CREDIT.CHK.CONDITION will be considered only for transaction codes marked as Internal </p>
                <p>NULL - Credit Checking Condition defined in the field CREDIT.CHK.CONDITION will be considered only for transaction codes marked as Internal as well External</p>
            </desc>
        </t>
        <t>
            <field>CUSTOMER.OD.STATUS</field>
            <desc>
                <p>This field is used to trigger the overdraft processing if the activity that has made the account go into overdraft has been initiated by the either,</p>
                <p/>
                <p>CUSTOMER - Aging status to be evaluated only for customer initiated transactions</p>
                <p>ALL - Aging status to be evaluated for all transactions</p>
                <p>NULL - No aging will be triggered</p>
            </desc>
        </t>
        <t>
            <field>DEFAULT.ATTR.OPTION</field>
            <desc>
                <p>Optional field - Allowed Values are RESETTING and NON-RESETTING.</p>
                <p/>
                <p> RESETTING - During any Renewal Activities (for eg : change.product, rollover or reset) the property conditions will be reset from the product.</p>
                <p/>
                <p> NON-RESETTING - During any Renewal Activities property conditions will be maintained from the Arrangement level.</p>
                <p/>
                <p> Leaving the field blank sets NON-RESETTING as the default option.</p>
                <p/>
                <p> Not used in Arrangement/Sim level.</p>
                <p/>
                <p> Not used in Arrangement/Sim level.</p>
                <p/>
            </desc>
        </t>
		<t>
            <field>MAINTAIN.LIMIT.BALANCE</field>
            <desc>
                <p>This field indicates if we need to maintain limit balance.If Maintain limit balance is set, Charge Account is not allowed.</p>               
            </desc>
        </t>
		<t>
            <field>CHARGE.ACCOUNT</field>
            <desc>
                <p>This field specifies the Charge account in the case, where limit is managed by AA (Manage Limit - Yes)</p>               
                <p>If this field is updated ,corresponding CHARGE.ACCOUNT field in LIMIT Application will be updated when Limit is created.</p>
            </desc>
        </t>

        <t> 
            <field>VALIDATION.LIMIT</field>
            <desc>
                <p>Specifies the Validation Limit ID attached to the deal arrangement in the lending structure.</p>
                <p>This field will capture the Validation type of limit ID that is attached at deal arrangement. User input allowed in this field at the deal arrangement level and it is a system populated field at the facility and Drawings.</p>
                <p>Acceptable values are: Valid Limit ID with LIMIT.TYPE as Validation.</p>
            </desc>
        </t>
        <t> 
            <field>ADMIN.LIMIT.REF</field>
            <desc>
                <p>This field is used to capture the limit reference product, based on which the admin limit should be created.</p>
                <p>The limit reference mentioned in this field should be a valid product from LIMIT.REFERENCE table.</p>
                <p>The product should have the LIMIT.TYPE as &quot;Standalone&quot;. In addition, the REDUCING.LIMIT field should be &quot;Neutral&quot; and the KEY.TYPE field should be &quot;Txn.Ref&quot;.</p>
            </desc>
        </t>
        <t> 
            <field>ADMIN.LIMIT.SERIAL</field>
            <desc>
                <p>This field is used to capture the admin limit serial number.</p>
                <p>This field will be a user input field. When the user needs to create a admin limit, then the user should give the value &quot;NEW&quot;.</p>
                <p>The user can input only the option &quot;NEW&quot;.</p>
                <p>When the admin limit is created, then the field will be updated with the serial number of the limit automatically.</p>
            </desc>
        </t>
        <t> 
            <field>ADMIN.LIMIT</field>
            <desc>
                <p>This field is a no-input field, which is used to capture the admin limit&apos;s ID.</p>
                <p>The admin limit is used to capture the borrower&apos;s overall exposure.</p>
                <p>In bilateral lending, own bank exposure and the borrower&apos;s exposure will be the same. However, in case of club loans, where more than one lenders are involved, it will be different. So, the own bank exposure will be captured in credit limit and borrower&apos;s overall exposure will be captured in admin limit.</p>
                <p>Admin limit is applicable only to Facility product line.</p>
                <p>The admin limit is auto created either when the sub-limit property is attached to the product of the arrangement or when the cash flow check field is enabled or both.</p>
                <p>The admin limit cannot be manually created.</p>
            </desc>
        </t>
        <t>
            <field>MANAGE.ADMIN.LIMIT</field>
            <desc>
                <p>The field is used to specify if admin limit is managed within AA or not.</p>
                <p>This field is system maintained.</p>
                <p>When the admin limit is being created, the field will be set to Yes. Else, it will be as None.</p>
            </desc>
        </t> 
        <t>
            <field>CASH.FLOW.CHECK</field>
            <desc>
                <p>This field is used to control whether the cash flow check should be enabled at the arrangement level or not.</p>
                <p>Cash flow check is performed based on the future disbursements and repayments scheduled, of the lending arrangements created under that facility, to find what will be the commitment available for the borrower to with draw at any point of time.</p>
                <p>The options available are &quot;None&quot; and &quot;Global&quot;. When &quot;None&quot; is chosen, the cash flow check will be performed on the arrangement. Whereas, when the option &quot;Global&quot; is chosen, the cash flow check will be done for the entire borrower&apos;s exposure.</p>
                <p>When this option is enabled, it must be made sure that the limit reference specified in the ADMIN.LIMIT.REF field should have the option &quot;Record Cash Flow&quot; enabled in it. Else, error will be thrown to enable the record cash flow in the limit reference product.</p>
            </desc>
        </t>
    <t><field>S.EFFECTIVE.DATE</field><desc><p>Help Text for this field is unavailable.  Please refer to the T24 User Guides for further information.</p></desc></t><t><field>MERGE.SELECTION</field><desc><p>Help Text for this field is unavailable.  Please refer to the T24 User Guides for further information.</p></desc></t><t><field>API.ATTRIBUTE</field><desc><p>Help Text for this field is unavailable.  Please refer to the T24 User Guides for further information.</p></desc></t></menu>
</t24help>
