<?xml version="1.0" encoding="utf-8"?>
<t24help xmlns:xsi="http://www.w3.org/2001/XMLSchema-instance">
    <header>
        <product>AA</product>
        <table>AA.ACTION</table>
    </header>
    <overview>
        <ovdesc>
            <p>New Stereotype H Application AA.ACTION to construct the AA.ARRANGEMENT.ACTIVITY</p>
            <p>Allows us to specify AA Activity to be initiated and in the case of CHANGE.PRODUCT activity, it will also allow us to specify the Change-To Product</p>
            <p>This table is a one-time setup and is thought to be configured by an Implementation consultant or a Super user or the Bank&apos;s IT team</p>
            <p>From a governance perspective, the rights to create/amend this definition may be restricted to only those who manage the AA Product Catalog</p>
        </ovdesc>
    </overview>
    <menu>
        <t>
            <field>ACTION.ID</field>
        </t>
        <t>
            <field>ACTIVITY</field>
            <desc>
                <p>Holds the AA Activity name.</p>
                <p>Must be a valid record in AA.ACTIVITY table.</p>
                <p>Currently the following Activity Classes are supported</p>
                <p> ACCOUNTS-CHANGE.PRODUCT-ARRANGEMENT</p>
                <p> BUNDLE-CLOSE-ARRANGEMENT</p>
                <p> ACCOUNTS-RECORD.EVENT-ARRANGEMENT</p>
                <p> BUNDLE-RECORD.EVENT-ARRANGEMENT</p>
            </desc>
        </t>
        <t>
            <field>DESCRIPTION</field>
            <desc>
                <p>Description for the action being defined</p>
            </desc>
        </t>
        <t>
            <field>OVERRIDE</field>
        </t>
        <t>
            <field>PRODUCT</field>
            <desc>
                <p>Holds the AA Product Name</p>
                <p>Input allowed only if the Activity belongs to &lt;&lt;XX&gt;&gt;-CHANGE.PRODUCT-ARRANGEMENT Activity Class</p>
            </desc>
        </t>
    <t><field>ACTION</field><desc><p>Help Text for this field is unavailable.  Please refer to the T24 User Guides for further information.</p></desc></t></menu>
</t24help>
