<?xml version="1.0" encoding="utf-8"?>
<t24help xmlns:xsi="http://www.w3.org/2001/XMLSchema-instance">
    <header>
        <product>AA</product>
        <table>AA.BILL.TYPE</table>
    </header>
    <menu>
        <t>
            <field>BILL.TYPE</field>
            <desc>
                <p>This field identifies the user defined Bill Type</p>
                <p/>
                <p>Standard aplhanumeric field of maximum 15 characters</p>
            </desc>
        </t>
        <t>
            <field>DESCRIPTION</field>
            <desc>
                <p>Standard description field, allows to describe the user Bill Type</p>
                <p/>
                <p>Validation Rules</p>
                <p/>
                <p>Standard language capable description field</p>
                <p>Mandatory input</p>
            </desc>
        </t>
        <t>
            <field>SYS.BILL.TYPE</field>
            <desc>
                <p>This field links the user Bill Type to the system maintained Bill Type. Valid options are,</p>
                <p/>
                <p>PAYMENT, EXPECTED, ACT.CHARGE, PR.CHARGE, DEF.CHARGE, INFO, DISBURSEMENT, COMMISSION and EXTERNAL</p>
                <p/>
                <p>EXTERNAL - This Sys Bill type is applicable only if Info type of Charge is attached in Payment schedule condition</p>
                <p/>
                <p>INTERNAL - This Sys Bill type is applicable only for Non Customer type charges.</p>
            </desc>
        </t>
        <t>
            <field>AUTO.WAIVE</field>
            <desc>
                <p>This field indicates if the outstanding bill is to be waived or not.To achive this functionality, following setup is required:</p>
                <p/>
                <p>A new Periodic Attribute Class WAIVE.BILL.TYPE has been introduced. This Periodic Attribute Class would return System Bill Type as PAYMENT.</p>
                <p/>
                <p>Activity Restriction rule's threshold value (PR.VALUE) must be set as PAYMENT. This rule can be attached to each Interest property as required. The rule should be set to evaluate if the Property is associated with a Bill Type set to Waive.</p>
                <p/>
                <p>The Rule evaluation and evaluation result should be Satisfy/Waive.</p>
                <p/>
                <p>Validation: If auto waive set to YES, System bill type must be set to PAYMENT</p>
            </desc>
        </t>
    </menu>
</t24help>
