<?xml version="1.0" encoding="utf-8"?>
<t24help xmlns:xsi="http://www.w3.org/2001/XMLSchema-instance">
    <header>
        <product>AA</product>
        <table>AA.BUNDLE.HIERARCHY.DETAILS</table>
    </header>
    <overview>
        <ovdesc>
            <p>This would be used to link various Arrangements which are required for Pool</p>
        </ovdesc>
    </overview>
    <menu>
        <t>
            <field>LIVE.DATE</field>
            <desc>
                <p>Denotes the date on which the Account is expected to go live in cash pool structure.</p>
                <p>Input is prohibited when bundle is in Draft status</p>
                <p>Input is allowed for NEW.OFFER accounts only for setting live date for link type SET.LIVE.DATE</p>
                <p>Input is mandatorty for any restructure activity on Live accounts.</p>
                <p>Restructure activity on preliminary accounts will be effective current dated. </p>
            </desc>
        </t>
        <t>
            <field>NEW.BUNDLE.REF</field>
            <desc>
                <p>The new bundle reference is specified in this field when a account moves from the current pool to another pool.</p>
                <p>Accepts bundle arrangement reference.Bundle reference must be given with mnemonic in case of other company. Example AA24DGRYHY/CO3.</p>
                <p>This field is allowed to be input only for link type Change Pool.</p>
                <p/>
            </desc>
        </t>
        <t>
            <field>PARENT.ACCOUNT</field>
            <desc>
                <p>Parent Account of the Account to be added (or in case of existing Account, can also be used to specify the new Parent). Input here could be either the Account Alias of this Parent Account only if the parent account is yet to be created or its T24 Account Number if it exists</p>
                <p/>
            </desc>
        </t>
        <t>
            <field>STATUS</field>
            <desc>
                <p>If STATUS is PENDING.LIVE which means the linked account into the pool is on future date.</p>
                <p>If STATUS is LIVE then account which is linked into the pool may be a current dated or back dated.</p>
                <p/>
            </desc>
        </t>
        <t>
            <field>ACC.LOCATION</field>
            <desc>
                <p>Captured for information purpose to render the placeholders in GUI</p>
            </desc>
        </t>
        <t>
            <field>ACCOUNT.ALIAS</field>
            <desc>
                <p>This field forms part of an associated multi-value set to specify the details of an Account during one of Restructure events (Please refer to Link Type field for details of Pool Restructure events). This is specifically used as a unique reference for an Account yet to be created. If a new Account is to be added to the Hierarchy and for which a T24 Account number does not exist yet, this can be used as a reference value. Even when multiple accounts are added as part of the same Restructure-Bundle Hierarchy activity, this can also be used in the Parent Account field to define the Hierarchy Structure. When the actual T24 Arrangement/Account is created, this would then be mapped into ACCOUNT.ALIAS field in the Account Property Class. </p>
            </desc>
        </t>
        <t>
            <field>ACCOUNT.REF</field>
            <desc>
                <p>This field will accept a valid Account number for which restructure should happen</p>
                <p>When account reference field is inputted along with account alias, then the account reference given here will be used as a account reference for new offer arrangement creation.</p>
                <p>Account reference is mandatory for accounts that are live in the pool.</p>
                <p/>
            </desc>
        </t>
        <t>
            <field>ACTIVITY.REF</field>
            <desc>
                <p>This field stores the master restructure activity reference</p>
            </desc>
        </t>
        <t>
            <field>ACTIVITY.STATUS</field>
            <desc>
                <p>Field to store the status of the activity through which the bundle hierarchy details are updated</p>
            </desc>
        </t>
        <t>
            <field>ALT.REFERENCE</field>
            <desc>
                <p>If the new Account to be created is a shadow of another Account already exisitng in another system, then the Account reference of that system can be specified here. </p>
                <p>The value given in this field will be mapped to ALTERNATE.ID field in arrangement activity and ensure that this Account doesn&apos;t already exist in T24 with another reference (because ALTERNATE.ID would be configured to be unique across T24)</p>
            </desc>
        </t>
        <t>
            <field>HIERARCY.ID</field>
            <desc>
                <p>ID for AA.BUNDLE.HIERARCHY.DETAILS record. It consists of two parts Arrangement-Date. Date indicates the date on which the arrangement has become part of Balance netting pool.</p>
            </desc>
        </t>
        <t>
            <field>KEEP.BALANCE</field>
            <desc>
                <p>When an Account is removed from a Hierarchy, it is possible to dictate if it should be removed with or without Balance. Allows YES and Null</p>
                <p>Yes - The account will move out of pool with balance while delinking account or during change pool.</p>
                <p>Null - The account will move out of pool with ZERO balance while delinking/change pool. Amount will be settled to its settlement account.</p>
            </desc>
        </t>
        <t>
            <field>LINK.TYPE</field>
            <desc>
                <p>A number of Pool Restructure Events could be performed through the Bundle Hierarchy Property Class. Pool Restructure events are by definition, those that result in change in the organisation of the Hierarchy - either as an external restructuring or internal restructuring. This field forms part of the associated multi value set to specify Accounts involved in the Pool Restructuring and dictates what should happen to the Account in the corresponding row. </p>
                <p>Valid options are</p>
                <p>1.Link - New alias Account/Stand-alone account to Pool</p>
                <p>2.Delink - Remove Account from pool and make it as stand-alone account</p>
                <p>3.Close - Closure of Account                                   </p>
                <p>4.Change Parent - Set/Change Parent (Internal Restructure) </p>
                <p>5.Change pool - Moving an account form current pool to another </p>
                <p/>
                <p/>
                <p/>
            </desc>
        </t>
    </menu>
</t24help>
