<?xml version="1.0" encoding="utf-8"?>
<t24help xmlns:xsi="http://www.w3.org/2001/XMLSchema-instance">
    <header>
        <product>AA</product>
        <title>AA.CUSTOMER.RELATED.ARRANGEMENTS</title>
        <table>AA.CUSTOMER.RELATED.ARRANGEMENTS</table>
    </header>
    <overview>
        <ovdesc>
            <p>This table will store the CRA details of a customer.</p>
        </ovdesc>
    </overview>
    <menu>
        <t>
            <field>START.DATE</field>
            <desc>
                <p>Date from which the customer is linked to the arrangement.</p>
                <p/>
            </desc>
        </t>
        <t>
            <field>ARRANGEMENT</field>
            <desc>
                <p>Specifies the Arrangement ID  that will be used by the CRA Customer of Relationship Pricing.  Arrangement is stored along with the company mnemonic in which the arrangement was created</p>
            </desc>
        </t>
        <t>
            <field>END.DATE</field>
            <desc>
                <p>Date from which customer disassociated from the arrangement either due to closure of arrangement or removal of CRA.CUSTOMER or removal of relation code.</p>
            </desc>
        </t>
        <t>
            <field>OWNER</field>
            <desc>
                <p>Specifies the Beneficial Owner(s) of the associated Arrangement.</p>
            </desc>
        </t>
        <t>
            <field>RELATION.CODE</field>
            <desc>
                <p>Specifies the relationship of the Arrangement Owner to the CRA Customer.</p>
            </desc>
        </t>
        <t>
            <field>RESERVED.1</field>
            <desc>
                <p>Reserved for future use.</p>
            </desc>
        </t>
        <t>
            <field>RESERVED.2</field>
            <desc>
                <p>Reserved for future use.</p>
            </desc>
        </t>
        <t>
            <field>RESERVED.3</field>
            <desc>
                <p>Reserved for future use.</p>
            </desc>
        </t>
        <t>
            <field>RESERVED.4</field>
            <desc>
                <p>Reserved for future use.</p>
            </desc>
        </t>
        <t>
            <field>RESERVED.5</field>
            <desc>
                <p>Reserved for future use.</p>
            </desc>
        </t>
    <t><field>CUSTOMER.ID</field><desc><p>Help Text for this field is unavailable.  Please refer to the T24 User Guides for further information.</p></desc></t><t><field>UNRELATED</field><desc><p>Help Text for this field is unavailable.  Please refer to the T24 User Guides for further information.</p></desc></t></menu>
</t24help>
