<?xml version="1.0" encoding="utf-8"?>
<t24help xmlns:xsi="http://www.w3.org/2001/XMLSchema-instance">
    <header>
        <product>AA</product>
        <table>AA.COMMISSION.TYPE</table>
    </header>
    <overview>
        <ovdesc>
            <p>Table gives the information on calculation source used for calculation of commission for agents. Context Type gives us the name for commission calculation source, which should be a valid record from AA.CONTEXT.TYPE and calculation logic for calculating commission is derived from the combination of SOURCE TYPE, SOURCE BALANCE &amp; SOURCE PROPERTY.</p>
            <p/>
            <p>During Commission calculation, for each activity corresponding calculated commission will be passed to the agent arrangement.</p>
            <p/>
        </ovdesc>
    </overview>
    <menu>
        <t>
            <field>COMMISSION.TYPE</field>
            <desc>
                <p>Commission Type Record ID;</p>
            </desc>
        </t>
        <t>
            <field>CONTEXT.TYPE</field>
            <desc>
                <p>Holds the name of the commission calculation source to be used for agent commission calculation .  Can be multi-valued.</p>
                <p/>
                <p>Validation Rules:</p>
                <p>Should be a valid context type from AA.CONTEXT.TYPE. </p>
                <p>User defined context name can only be used here.</p>
            </desc>
        </t>
        <t>
            <field>DESCRIPTION</field>
            <desc>
                <p>Context Type Description</p>
            </desc>
        </t>
        <t>
            <field>OVERRIDE</field>
            <desc>
                <p>Standard T24 Override field.</p>
            </desc>
        </t>
        <t>
            <field>SOURCE.BALANCE</field>
            <desc>
                <p>This field represents the balance on which commission calculation is based. SOURCE.BALANCE and SOURCE.PROPERTY are mutually exclusive fields. Either of the fields may be defined.</p>
                <p/>
                <p>Validation Rules:</p>
                <p>Valid only if corresponding AA.SOURCE.CALC.TYPE in the field SOURCE.TYPE is BALANCE</p>
                <p>Valid AC.BALANCE.TYPE id</p>
            </desc>
        </t>
        <t>
            <field>SOURCE.PROPERTY</field>
            <desc>
                <p>The field represents the property on which commission calculation is based. SOURCE.BALANCE and SOURCE.PROPERTY are mutually exclusive fields. Either of the fields may be defined.</p>
                <p/>
                <p>Validation Rules:</p>
                <p>Valid only if SOURCE.TYPE is PROPERTY.</p>
                <p>Valid AA.PROPERTY id.</p>
            </desc>
        </t>
        <t>
            <field>SOURCE.TYPE</field>
            <desc>
                <p>Key to the AA.SOURCE.CALC.TYPE application and used for calculating base balance for associated for commission calculation.</p>
                <p/>
                <p>Validation Rules:</p>
                <p>Should be a valid record in AA.SOURCE.CALC.TYPE</p>
                <p>Mandatory field</p>
            </desc>
        </t>
    </menu>
</t24help>
