<?xml version="1.0" encoding="utf-8"?>
<t24help xmlns:xsi="http://www.w3.org/2001/XMLSchema-instance">
    <header>
        <product>AA</product>
        <table>AA.CUSTOMER.ROLE</table>
    </header>
    <overview>
        <ovdesc>
            <p>This application enables users to define the customer roles and their characteristics that can be assigned to a customer of an Arrangement.  </p>
        </ovdesc>
    </overview>
    <menu>
        <t>
            <field>GL.MIN.PERCENT</field>
            <desc>
                <p>Reserved for Future use.</p>
                <p/>
            </desc>
        </t>
        <t>
            <field>LIMIT.CUSTOMER</field>
            <desc>
                <p>Defines whether the customer associated with the role requires a limit.</p>
                <p>Options: Yes or No</p>
                <p>Validation rules</p>
                <p>Must be Yes if the Beneficial Owner field is set to Yes.</p>
                <p/>
                <p/>
            </desc>
        </t>
        <t>
            <field>MAINTAIN.INFO</field>
            <desc>
                <p>Defines whether the customer information needs to be updated on AA.CUSTOMER.ARRANGEMENT or AA.MASS.CUSTOMER.ARRANGEMENT or not both.</p>
                <p/>
                <p>Options: BASIC.INFO,COMPREHENSIVE,HIGH.VOLUME OR NULL</p>
                <p>BASIC.INFO - Customer Info will be updated only on AA.ARRANGEMENT.</p>
                <p>COMPREHENSIVE or NULL - Customer Info will be maintained on AA.ARRANGEMENT, AA.CUSTOMER.ARRANGEMENT and/or AA.CUSTOMER.RELATED.ARRANGEMENTS.</p>
                <p>HIGH.VOLUME - Customer Info will be updated on AA.ARRANGEMENT and AA.MASS.CUSTOMER.ARRANGEMENT.</p>
                <p>If the customer is HIGH.VOLUME or BASIC.INFO,it can be only non-beneficiary owner.</p>
                <p/>
                <p>Validation rules </p>
                <p>If the customer is High Volume or Basic Info, following validations are present</p>
                <p>Exclude dormancy should be set as yes. </p>
                <p>Delivery Customer and App Format fields are allowed to input. Other fields are not allowed to input.</p>
                <p>Note : For the beneficiary customer, Maintain info should be defined as COMPREHENSIVE or NULL. Otherwise Pricing and other functionalities will not be performed.There was no core functionality related with mass table updation. It was referring only to local development.</p>
            </desc>
        </t>
        <t>
            <field>MAX.LIMIT.LIAB.PERC</field>
            <desc>
                <p>Reserved for Future use.</p>
                <p/>
            </desc>
        </t>
        <t>
            <field>MAX.TAX.LIAB.PERC</field>
            <desc>
                <p>Defines the maximum tax liability percentage for this role.</p>
                <p/>
                <p>Validation rules</p>
                <p>Valid percentage equal or less than 100%</p>
                <p/>
                <p/>
            </desc>
        </t>
        <t>
            <field>MIN.LIMIT.LIAB.PERC</field>
            <desc>
                <p>Reserved for Future use.</p>
                <p/>
            </desc>
        </t>
        <t>
            <field>REL.PRICING.AVAIL</field>
            <desc>
                <p>This field indicates whether, relationship pricing arrangements pertaining to the customer(s) with this role are to be considered while ascertaining and assigning the best possible relationship pricing arrangement to the financial arrangement.</p>
                <p/>
            </desc>
        </t>
        <t>
            <field>ROLE.TYPE</field>
            <desc>
                <p>Specifies the Participation Type and allowed values are</p>
                <p>Participant</p>
                <p>Sub Participant</p>
                <p>Risk Participant</p>
                <p>Agent</p>
            </desc>
        </t>
        <t>
            <field>TAXABLE</field>
            <desc>
                <p>Defines whether the customer associated with the role is tax liable.</p>
                <p>Options: Yes or No</p>
                <p/>
                <p/>
            </desc>
        </t>
        <t>
            <field>APP.FORMAT</field>
            <desc>
                <p>When DE.CUSTOMER.PREFERENCE is created for a customer with this role, the id of the DE.PRODUCT will have the corresponding APP.FORMAT defined in the customer role. System will create as many DE.PRODUCTs as the unique APP.FORMAT based on the number of roles defined here.</p>
                <p>For example - US0010001.C-346099.8550.AAOWNR  </p>
                <p>Application - AA</p>
                <p>APP.FORMAT  - OWNR</p>
                <p/>
                <p>Validation rules</p>
                <p>Can allow any alphanumeric with maximum length of 4. </p>
                <p/>
            </desc>
        </t>
        <t>
            <field>BANK.CUSTOMER</field>
            <desc>
                <p>Specify the role belonging to the participation. Optional and allowed value will be YES.</p>
            </desc>
        </t>
        <t>
            <field>BENEFICIAL.OWNER</field>
            <desc>
                <p>This field indicates whether the customer(s) pertaining to the role is a beneficial owner of the arrangement.</p>
                <p>The Beneficial owner is a legal owner of the arrangement and is the responsible customer for the contract with the bank.</p>
                <p>Options: Yes or No</p>
                <p/>
                <p/>
            </desc>
        </t>
        <t>
            <field>CUSTOMER.ROLE</field>
            <desc>
                <p>Name of the role that would be used to reference the role of the customer(s) in an arrangement.</p>
            </desc>
        </t>
        <t>
            <field>DELIVERY.CUSTOMER</field>
            <desc>
                <p>Defines whether the customer associated with the role receives standard delivery messages from T24.</p>
                <p/>
                <p>Options: Yes or No</p>
                <p/>
                <p/>
            </desc>
        </t>
        <t>
            <field>DESCRIPTION</field>
            <desc>
                <p>Description of the customer role and is used for enrichment.</p>
                <p/>
                <p>Validation rules</p>
                <p>This is a mandatory field.</p>
                <p/>
            </desc>
        </t>
        <t>
            <field>EXCLUDE.DORMANCY</field>
            <desc>
                <p>This field used to determine whether to exclude customer from dormancy processing or not.</p>
                <p>If set to YES, the customer is excluded from dormancy process.</p>
                <p>If the field MAINTAIN.INFO is opted either with HIGH.VOLUME or BASIC.INFO, then it is forced to set the value as YES.</p>
                <p/>
                <p>Options: Yes or Null</p>
            </desc>
        </t>
        <t>
            <field>GL.CUSTOMER</field>
            <desc>
                <p>Defines whether the customer associated with the role be used to drive the composition of GL key.</p>
                <p/>
                <p>Options: Yes or No</p>
                <p/>
                <p>Validation rules</p>
                <p>Must be Yes if the Beneficial Owner field is set to Yes.</p>
                <p/>
                <p/>
            </desc>
        </t>
        <t>
            <field>GL.MAX.PERCENT</field>
            <desc>
                <p>Reserved for Future use.</p>
                <p/>
            </desc>
        </t>
    <t><field>BANK.ROLE.TYPE</field><desc><p>Help Text for this field is unavailable.  Please refer to the T24 User Guides for further information.</p></desc></t><t><field>EVENT.ROLE</field><desc><p>Help Text for this field is unavailable.  Please refer to the T24 User Guides for further information.</p></desc></t></menu>
</t24help>
