<?xml version="1.0" encoding="utf-8"?>
<t24help xmlns:xsi="http://www.w3.org/2001/XMLSchema-instance">
    <header>
        <product>AA</product>
        <table>AA.CUSTOMER.ARRANGEMENT</table>
    </header>
    <menu>
        <t>
            <field>ARRANGEMENT</field>
            <desc>
                <p>Indicates the Arrangement reference held by the customer for the above product line</p>
            </desc>
        </t>
        <t>
            <field>CURRENCY</field>
            <desc>
                <p>Indicates the currency of the arrangement</p>
            </desc>
        </t>
        <t>
            <field>CUSTOMER.ID</field>
            <desc>
                <p>Key to the table and is a valid CUSTOMER reference.</p>
            </desc>
        </t>
        <t>
            <field>CUSTOMER.ROLE</field>
            <desc>
                <p>Indicates the role performed by the customer on this arrangement. For some arrangements, the customer could be the sole owner, for some he could perform a role of a guarantor etc.</p>
            </desc>
        </t>
        <t>
            <field>MASS.CUSTOMER.UPDATE</field>
            <desc>
                <p>Indicates the flag whether any one of the customer arrangement information was updated on AA.MASS.CUSTOMER.ARRANGEMENT. This flag will not be reversed even though the last customer arrangement was reversed or deleted.</p>
            </desc>
        </t>
        <t>
            <field>PRODUCT.GROUP</field>
            <desc>
                <p>Indicates the AA.PRODUCT.GROUP to which the arrangement belongs.</p>
            </desc>
        </t>
        <t>
            <field>PRODUCT.LINE</field>
            <desc>
                <p>Indicates the AA.PRODUCT.LINE to which the following arrangements belong. The table stores the list of arrangements by product line.</p>
            </desc>
        </t>
    </menu>
</t24help>
