<t24help><header><product>AA</product><table>AA.EXTERNAL.SYSTEM</table></header><overview><ovdesc></ovdesc><ovimage></ovimage></overview><menu><t><field>AA.EXTERNAL.SYSTEM</field><desc><p>Help Text for this field is unavailable.  Please refer to the T24 User Guides for further information.</p></desc></t><t><field>DESCRIPTION</field><desc><p>Help Text for this field is unavailable.  Please refer to the T24 User Guides for further information.</p></desc></t><t><field>FULL.DESCRIPTION</field><desc><p>Help Text for this field is unavailable.  Please refer to the T24 User Guides for further information.</p></desc></t></menu></t24help>
