<?xml version="1.0" encoding="utf-8"?>
<t24help xmlns:xsi="http://www.w3.org/2001/XMLSchema-instance">
    <header>
        <product>AA</product>
        <table>AA.FEATURE.ATTRIBUTE.TYPE</table>
    </header>
    <overview>
        <ovdesc>
        </ovdesc>
    </overview>
    <menu>
        <t>
            <field>ID</field>
            <desc>                
            </desc>
        </t>
        <t>
            <field>DESCRIPTION</field>
            <desc>
            <p>Description of the attribute type.</p></desc>
        </t>
        <t>
            <field>LONG.DESCRIPTION</field>
            <desc>
            <p>Detailed description of the attribute type.</p></desc>
        </t>
        <t>
            <field>APPLICATION.TYPE</field>
            <desc>  
            <p>Indicator for type of application.Valid options are NULL and PropertyClass.</p>              
            </desc>
        </t>
        <t>
            <field>APPLICATION.NAME</field>
            <desc>
            <p>Name of the application where the fields exist. This should be a valid entry in PGM.FILE under H, W or V types.</p></desc>
        </t>
        <t>
            <field>TYPE</field>
            <desc>

            <p>List of types which describe the characteristic of the attribute.</p>
            <p>NON-REPEATABLE - whole attribute level cant be repeated</p>
            <p>REPEATABLE makes the fields/and linked attributes a repeatable set (like an mv or sv set).</p>
            <p>VIRTUAL Application name or Property class need not be stated – but, a list of Linked Attribute Types and/or Virtual Fields must be stated.</p>
            <p>API.STRUCTURE indicates that this record is a top-level record to define an API Structure. This is mutually exclusive with REPEATABLE</p>
            <p>MULTIPLE.EXCLUSIVE indicates that when this attribute type is used as Linked Attribute Type then it can have multiple Linked Attributes in the API but only one of them can be used. Which one will be used is based upon the value of a field and will be defined in the Attribute which contains the multiple linked attributes.</p></desc>
        </t>
        <t>
            <field>FIELD.NAME</field>
            <desc>

            <p>The name of the field from application or class which needs to be part of this attribute type.</p>
            <p>If the field is NOT part of the application/class, then it needs to be flagged as Virtual</p></desc>
        </t>
        <t>
            <field>FIELD.LABEL</field>
            <desc>
                <p>Describes the field in a business-friendly way which can be used for display.</p></desc>
        </t>
        <t>
            <field>FIELD.DESCRIPTION</field>
            <desc>

            <p>Describes the field in a detailed text.</p></desc>
        </t>
        <t>
            <field>FIELD.TYPE</field>
            <desc>

            <p>Indicates the nature of field definition. By default, nothing needs to be stated in this field.</p>
            <p>If the field is being defined as a ‘virtual field’, then it needs to be explicitly stated as VIRTUAL here.</p>
            <p>If a field is just being sent out with values for viewing purposes, then DISPLAY.ONLY could be flagged.</p>
            <p>A field marked as MULTIPLE indicates that the API can accept multiple values for a single field. </p></desc>
        </t>
        <t>
            <field>LINKED.FIELD</field>
            <desc>

            <p>Indicates whether the virtual field is linked to a core field through Negotiation rules. For example, MAXIMUM.AMOUNT virtual field would link to AMOUNT as Linked field.</p></desc>
        </t>
        <t>
            <field>LINKED.NEG.RULE</field>
            <desc>

            <p>Indicates if the Virtual field links to a core Negotiation Attributes. For example, MAXIMUM.AMOUNT virtual field would be linked to MAXIMUM negotiation rule.</p></desc>
        </t>
        <t>
            <field>FIELD.MAX.LENGTH</field>
            <desc>

            <p>Describes the maximum length that the field accepts. The field becomes mandatory if the field is a virtual field.</p></desc>
        </t>
        <t>
            <field>FIELD.DATA.TYPE</field>
            <desc>

            <p>If the field is virtual, then the data type becomes mandatory and needs to be stated. </p>
            <p>The rule data type is unique as it requires that parameters be passed to the UX and that an option list is specified.</p></desc>
        </t>
        <t>
            <field>OPTION.NAME</field>
            <desc>
               
            </desc>
        </t>
        <t>
            <field>OPTION.DESCRIPTION</field>
            <desc>

            <p>Description of the option. For example, the option name could be an entry in AA.ACTIVITY file (like LENDING-APPLYPAYMENT-PREPAYMENT.RULES), but this would provides a description of the same ‘Loan Prepayment’</p></desc>
        </t>
        <t>
            <field>OPTION.TABLE</field>
            <desc>

            <p>Only used when a field is virtual to allow for another table to provide the options list (i.e. act as a checkfile).</p></desc>
        </t>
        <t>
            <field>OPTION.FILTER</field>
            <desc>

            <p>Free text box so that we can mention the rules that can be defined for filtering  the option values.</p>
            <p>e.g. TYPE EQ USER e.g. ((FLOATING.INDEX NE NULL OR PERIODIC.INDEX NE NULL) AND MARGIN.TYPE EQ SINGLE) .These filter rules should be defined and be evaluated like those defined in NR.ATTRIBUTE.RULE of the negotiation rule fields.</p></desc>
        </t>
        <t>
            <field>DEFAULT.VALUE</field>
            <desc>

            <p>If a field needs to be populated with value, then the same could be stated here. This would be overridden with condition values or underlying table values from where data is being fetched.</p></desc>
        </t>
        <t>
            <field>FIELD.PARAMETER</field>
            <desc>

            <p>This field specifies the list of control parameters that area associated with field.</p>
            <p>ex- RULE.SUPPORT field parameter specifIes the level of complexity a field of data type "rule" allows.</p>
            <p>ex2 - RULEVALUE field parameter specified whether a value is allowed for a field of data type "rule" or not</p>
            <p>It should be a valid id from eb.lookup record </p></desc>
        </t>
        <t>
            <field>FIELD.PARAMETER.VALUE</field>
            <desc>
               
            </desc>
            <p>Corresponding  parameter value for field.parameter is passed.</p>
        </t>
        <t>
            <field>FIELD.RULE</field>
            <desc>
            <p>Rule defining when the field is applicable (i.e. displayed and can accept a value).</p></desc>
        </t>
        <t>
            <field>LINKED.ATTRIBUTE.TYPE</field>
            <desc>

            <p>When attribute type has ‘linked’ sub-attributes types, those need to be stated here and linked. This is another entry in the current file and follows the same structure.</p>
            <p>This is the way to link multiple attributes types within an attribute types (i.e. to create a nested structure).</p></desc>
        </t>
        <t>
            <field>LINKED.ATTRIBUTE.TYPE.RULE</field>
            <desc>

            <p>Rule defining when the attribute TYPE is applicable (i.e. displayed and can accept values).</p>
            <p>e.g. OPTION EQ FIXED</p></desc>
        </t>
        <t>
            <field>STMT.NOS3</field>
            <desc>

            <p></p></desc>
        </t>
        <t>
            <field>FIELD.ENABLE.RULE</field>
            <desc>

            <p>Specifies the rule that needs to evaluated to determine if the corresponding field should to be </p></desc>
        </t>        
    <t><field>K.TYPE</field><desc><p>Help Text for this field is unavailable.  Please refer to the T24 User Guides for further information.</p></desc></t><t><field>STMT.NOS</field><desc><p>Help Text for this field is unavailable.  Please refer to the T24 User Guides for further information.</p></desc></t></menu>
</t24help>
