<?xml version="1.0" encoding="utf-8"?>
<t24help xmlns:xsi="http://www.w3.org/2001/XMLSchema-instance">
    <header>
        <product>AA</product>
        <table>AA.INTEGRITY.ERROR</table>
    </header>
    <overview>
        <ovdesc>
            <p/>
            <p>Application to store the Integrity Errors.</p>
        </ovdesc>
    </overview>
    <menu>
        <t>
            <field>DESCRIPTION</field>
            <desc>
                <p/>
                <p>Describes the AA.INTEGRITY.ERROR and is used for enrichment</p>
            </desc>
        </t>
        <t>
            <field>FIELD.MVPOSITION</field>
            <desc>
                <p>Reserved for future use.</p>
            </desc>
        </t>
        <t>
            <field>FIELD.NAME</field>
            <desc>
                <p>Reserved for future use.</p>
            </desc>
        </t>
        <t>
            <field>FIELD.SVPOSITION</field>
            <desc>
                <p>Reserved for future use.</p>
            </desc>
        </t>
        <t>
            <field>FIELD.VALUE</field>
            <desc>
                <p>Reserved for future use.</p>
            </desc>
        </t>
        <t>
            <field>INTEGRITY.ERROR</field>
            <desc>
                <p>Used to store the integrity error.</p>
            </desc>
        </t>
        <t>
            <field>INTEGRITY.ERROR.ID</field>
            <desc>
                <p>Id of the application.</p>
            </desc>
        </t>
        <t>
            <field>TABLE.NAME</field>
            <desc>
                <p>Reserved for future use.</p>
            </desc>
        </t>
    </menu>
</t24help>
