<?xml version="1.0" encoding="utf-8"?>
<t24help xmlns:xsi="http://www.w3.org/2001/XMLSchema-instance">
    <header>
        <product>AA</product>
        <title>AA.IMPORT.CLASS</title>
        <table>AA.IMPORT.CLASS</table>
    </header>
    <overview>
        <ovdesc>
            <p>Basic layout of the Import class.</p>
            <p/>
            <p>This table contains the high-level definition of a class of type IMPORT.CLASS</p>
            <p/>
            <p>Maintained by the system, and will be updated when a new definition is created and authorised in AA.CLASS.DEFINITION</p>
        </ovdesc>
    </overview>
    <menu>
        <t>
            <field>DESCRIPTION</field>
            <desc>
                <p>Class name of type IMPORT.CLASS, updated by the system based on the definition in AA.CLASS.DEFINITION</p>
            </desc>
        </t>
        <t>
            <field>FULL.DESC</field>
            <desc>
                <p>Full description of the class, updated from AA.CLASS.DEFINITION</p>
            </desc>
        </t>
        <t>
            <field>IMPORT.CLASS</field>
            <desc>
                <p>The record id of AA.IMPORT.CLASS</p>
            </desc>
        </t>
        <t>
            <field>OVERRIDE</field>
            <desc>
                <p>Standard override field</p>
            </desc>
        </t>
        <t>
            <field>TYPE</field>
            <desc>
                <p>This multi-valued field controls attributes that a property of this class may or may not have.</p>
                <p/>
                <p>Valid options are:</p>
                <p/>
                <p>Version Type - Each amendment of the definition in the import class is identified by unique version.</p>
            </desc>
        </t>
    </menu>
</t24help>
