<?xml version="1.0" encoding="utf-8"?>
<t24help xmlns:xsi="http://www.w3.org/2001/XMLSchema-instance">
    <header>
        <product>AA</product>
        <title>Mass Customer Arrangement</title>
        <table>AA.MASS.CUSTOMER.ARRANGEMENT</table>
    </header>
    <overview>
        <ovdesc>
            <p>This table will be updated when the arrangement was created with high volume customer.i.e. In AA.CUSTOMER.ROLE, high volume customer need to be define.</p>
            <p/>
            <p>Note: There was no core functionality related with this table update.</p>
        </ovdesc>
    </overview>
    <menu>
        <t>
            <field>CUSTOMER.ARRANGEMENT.ID</field>
            <desc>
                <p>Table reference would be Customer Number-Arrangement Reference</p>
            </desc>
        </t>
    </menu>
</t24help>
