<t24help>
    <header>
        <product>NORSIC</product>
        <title> </title>
        <table>AA.PRD.DES.XSUBSIDYLOANPRODUCT</table>
    </header>
    <overview>
        <ovdesc>
            <p>The XSUBSIDYLOANPRODUCT Property Condition needs to be created to capture the base loan interest property and the details pertaining to subsidy loan interest properties. </p>
            <p>This generic template will store the properties and percent that are applicable to the subsidy loan product.</p>
        </ovdesc>
        <ovimage>
        </ovimage>
    </overview>
    <menu>
        <t>
            <field>LOAN.BASE.INFO.PROPERTY</field>
            <desc>
                <p>This field will hold the base info interest property name for subsidy loans/normal loans</p>
            </desc>
        </t> 
        <t>
            <field>LOAN.BASE.INT.PROPERTY</field>
            <desc>
                <p>This field will hold the base interest property name for subsidy loans/normal loans</p>
            </desc>
        </t>
        <t>
            <field>LOAN.PRODUCT.MARGIN.PROPERTY</field>
            <desc>
                <p>This field will hold the product margin interest property name for subsidy loans/normal loans</p>
            </desc>
        </t>
        <t>
            <field>LOAN.ADMIN.MARGIN.PROPERTY</field>
            <desc>
                <p>This field will hold the administrative margin interest property name for subsidy loans/normal loans</p>
            </desc>
        </t>
        <t>
            <field>LOAN.SUBSIDY.INT.PROPERTY</field>
            <desc>
                <p>This field will hold the subsidy interest property name for subsidy loans</p>
            </desc>
        </t>
        <t>
            <field>LOAN.SUBSIDY.INT.MIN.RATE</field>
            <desc>
                <p>This field will hold the minimum subsidy interest rate</p>
            </desc>
        </t>
        <t>
            <field>LOAN.SUBSIDY.INT.MAX.RATE</field>
            <desc>
                <p>This field will hold the maximum subsidy interest rate</p>
            </desc>
        </t> 
        <t>
            <field>LOAN.SUBSIDY.YEAR.UPTO</field>
            <desc>
                <p>This field will be a multi-value field and will be associated with LOAN.SUBSIDY.PORTION.PERCENT field. This field will be applicable for subsidy loans</p>
                <p>This field will be set with the maximum year upto which the subsidy interest is applicable.</p>
            </desc>
        </t>
        <t>
            <field>LOAN.SUBSIDY.PORTION.PERCENT</field>
            <desc>
                <p>This field will hold the subsidy interest portion percent with applicability of the years.</p>
            </desc>
        </t>
        <t>
            <field>LOAN.SUBSIDY.END.DATE</field>
            <desc>
                <p>This field will hold the subsidy end date for the product.</p>
            </desc>
        </t>
        <t>
            <field>LOAN.SUBSIDY.AMOUNT</field>
            <desc>
                <p>This field will hold the subsidy amount provided by the regulator for the product.</p>
            </desc>
        </t>
        <t>
            <field>LOAN.SUBSIDY.CUSTOMER.FLOOR</field>
            <desc>
                <p>This field will hold the customer floor rate for subsidy loans.</p>
            </desc>
        </t>
        <t>
            <field>LOAN.OVERALL.FLOOR</field>
            <desc>
                <p>This field will hold the overall loan floor rate and will be applicable only for normal loans.</p>
            </desc>
        </t> 
        <t>
            <field>LOAN.OVERALL.CAP</field>
            <desc>
                <p>This field will hold the overall loan cap rate and will be applicable only for normal loans.</p>
            </desc>
        </t>
        <t>
            <field>LOAN.MIN.FIRST.DIS.PERCENTAGE</field>
            <desc>
                <p>This field is used to define Minimum First disbursement percentage at the product level</p>
            </desc>
        </t>
        <t>
            <field>LOAN.MIN.LAST.DIS.PERCENTAGE</field>
            <desc>
                <p>This field is used to define Minimum Last disbursement percentage at the product level</p>
            </desc>
        </t>
        <t>
            <field>LOAN.MAX.ALLOWED.NO.DIS</field>
            <desc>
                <p>This field is used to define Maximum allowed number of disbursements for a loan at the product level</p>
            </desc>
        </t>
        <t>
            <field>LOAN.BALANCE.TYPE</field>
            <desc>
                <p>The balance on which Subsidy validation has to be checked is configured in this field</p>
                <p>It is used to configure the balance type. For example, CURCOMMITMENT, AVAILABLE.BALANCE, etc.</p>
            </desc>
        </t>
        <t>
            <field>LOAN.SUBSIDY.TERM</field>
            <desc>
                <p>This field is used to define the Term (In Years) for the Subsidy Interest Calculation</p>
            </desc>
        </t> 
        <t>
            <field>LOAN.SUBSIDY.PROVIDER</field>
            <desc>
                <p>This Field is responsible for the disbursement approval.</p>
                <p>System will not allow the user to make loan disbursement if the confirmation is not recorded.</p>
            </desc>
        </t>
        <t>
            <field>LOAN.REPORT.PURPOSE.CODE</field>
            <desc>
                <p>This is a code used by state treasury to identify the type of interest subsidy loan for which the subsidy interest is currently due.</p>
                <p>It will be a 4 Digit Numeric Code</p>
            </desc>
        </t>
        <t>
            <field>LOAN.INT.REF.RATE.CODE</field>
            <desc>
                <p>System will automatically derive the Interest Reference Rate Code from the Mapping Table which has been defined.</p>
                <p>It is used to determine the link between the Periodic Interest Key and the Interest Reference Rate Code</p>
            </desc>
        </t>
        <t>
            <field>LOAN.PRODUCT.MARGIN.INFO.PROPERTY</field>
            <desc>
                <p>This field will hold the product margin info interest property name for subsidy loans/normal loans.</p>
            </desc>
        </t>
        <t>
            <field>LOAN.ADMIN.MARGIN.INFO.PROPERTY</field>
            <desc>
                <p>This field will hold the administrative margin info interest property name for subsidy loans/normal loans</p>
            </desc>
        </t>
		<t>
            <field>SUBSIDY.TEMPLATE</field>
            <desc>
                <p>This field is to hold the subsidy template reference to derive the subsidy details for Interest Subsidy Chart calculation at loan level/product level.</p>
            </desc>
        </t>
        <t>
            <field>TEMPLATE.EFFECTIVE.DATE</field>
            <desc>
                <p>This field is to hold the subsidy template effective date, in which date version template values pass to the loan contract.</p>
				<p>If the value is empty, then the today's date will be defaulted depends on the availability of Subsidy Template value.</p>
            </desc>
        </t>
        <t>
            <field>START.SUBSIDY.INTEREST</field>
            <desc>
                <p>This field is available to enable/disable the Subsidy interest calculation at loan level/product level.</p>
            </desc>
        </t>
        <t>
            <field>PARENT.LOAN.REFERENCE</field>
            <desc>
                <p>This field is available to capture the T24 existing loan reference when it is needed for additional loan creation.</p>
            </desc>
        </t>
		<t>
            <field>ORIGINAL.SUBSIDY.START.DATE</field>
            <desc>
                <p>This field is available to user to input the Subsidy Start date in case if needed. Else system will default this date for further subsidy Interest calculation for additional, converted or short term loan based on the loan age.</p>
            </desc>
        </t>
        <t>
            <field>CONSTRUCTION.STATUS</field>
            <desc>
                <p>This field is to hold the loan construction status which will affect the subsidy chart calculation at loan level/product level.</p>
                <p>Valid values will be IN PROGRESS and COMPLETED</p>
            </desc>
        </t>
        <t>
            <field>BEGIN.SUBSIDY.PERIOD</field>
            <desc>
                <p>This is a multi-value field, will hold the Interest Subsidy Loan Year start date calculated by T24 system based on Subsidy Template.</p>
            </desc>
        </t>
		<t>
            <field>END.SUBSIDY.PERIOD</field>
            <desc>
                <p>This is a multi-value field, will hold the Interest Subsidy Loan Year end date calculated by T24 system based on Subsidy Template Loan Year</p>
            </desc>
        </t>
        <t>
            <field>PERIOD.PERCENTAGE</field>
            <desc>
                <p>This is a multi-value field, will hold the percentage value falls between the Begin and End Subsidy period.</p>
            </desc>
        </t>
        <t>
            <field>FINANCING.REFERENCE</field>
            <desc>
                <p>This field is available to capture the ARA diary reference if any.</p>
            </desc>
        </t>
        <t>
            <field>FINANCING.REVIEW.REMINDER.DATE</field>
            <desc>
                <p>This field date will indicate the date after which the Loan Account will be displayed on the Enquiry. Thereby, the Bank’s Business User will be able to understand that the Short Term Interest Subsidy Loan is nearing the Decision Date and can take appropriate actions.</p>
            </desc>
        </t>
        <t>
            <field>DISBURSE.PAYMENT.TYPE</field>
            <desc>
                <p>This field is used to configure the Payment Type for disbursement purpose in Schedule level condition.</p>
                <p>Values were fetched from the AA.PAYMENT.TYPE table</p>
            </desc>
        </t>
    </menu>
</t24help>
