<?xml version="1.0" encoding="utf-8"?>
<t24help>
    <header>
        <product>AA</product>
        <table>AA.PRD.DES.ACTIVITY.PRESENTATION</table>
    </header>
    <menu>
        <t>
            <field>DESCRIPTION</field>
            <desc>
                <p>Please provide the description</p>
            </desc>
        </t>
        <t>
            <field>PROPERTY.CLASS</field>
            <desc>
                <p>Define the PROPERTY.CLASS  under which a version screen to be used</p>
            </desc>
        </t>
        <t>
            <field>CLASS.VERSION</field>
            <desc>
                <p>Define the Version name to be used for a given PROPERTY.CLASS</p>
            </desc>
        </t>
        <t>
            <field>CLASS.SIM.VER</field>
            <desc>
                <p>Define the Version name to be used for a given PROPERTY.CLASS during SIMULATION</p>
            </desc>
        </t>
        <t>
            <field>PROPERTY</field>
            <desc>
                <p>Define the Property ID under an ACTIVITY</p>
            </desc>
        </t>
        <t>
            <field>PROP.VERSION</field>
            <desc>
                <p>Define the Version name to be used for a given PROPERTY ID</p>
            </desc>
        </t>
        <t>
            <field>PROP.SIM.VER</field>
            <desc>
                <p>Defines the Version name to be used for a given PROPERTY ID during SIMULATION</p>
            </desc>
        </t>
        <t>
            <field>ACTIVITY.ID</field>
            <desc>
                <p>Please mention the ACTIVITY ID </p>
            </desc>
        </t>
        <t>
            <field>ACT.PROPERTY</field>
            <desc>
                <p>Define the Property ID under an ACTIVITY</p>
            </desc>
        </t>
        <t>
            <field>ACT.VERSION</field>
            <desc>
                <p>Define the Version name to be used for a given ACTIVITY and PROPERTY IDs</p>
            </desc>
        </t>
        <t>
            <field>ACT.SIM.VER</field>
            <desc>
                <p>Define the Version name to be used for a given ACTIVITY and PROPERTY IDs during SIMULATION</p>
            </desc>
        </t>
        <t>
            <field>DEFAULT.NEGOTIABLE</field>
            <desc>
                <p>Indicate if all fields are negotiable.</p>
            </desc>
        </t>
        <t>
            <field>DEFAULT.ATTR.OPTION</field>
            <desc>
                <p>Define if the renewal conditions are to be reset from the product or not.</p>
            </desc>
        </t>
        <t>
            <field>NR.ATTRIBUTE</field>
            <desc>
                <p>Mention the attributes which have the defined negotiation rules set</p>
            </desc>
        </t>
        <t>
            <field>NR.OPTIONS</field>
            <desc>
                <p>Indicate a value applicable to the associated NR.ATTRIBUTE</p>
            </desc>
        </t>
        <t>
            <field>NR.TYPE</field>
            <desc>
                <p>Define the negotiation rule that needs to be linked to the field defined in NR.ATTRIBUTE</p>
            </desc>
        </t>
        <t>
            <field>NR.VALUE</field>
            <desc>
                <p>Define the value that links to the rule in field NR.RULE</p>
            </desc>
        </t>
        <t>
            <field>NR.MESSAGE</field>
            <desc>
                <p>Indicate whether to raise an ERROR message or an OVERRIDE message when the rule is broken</p>
            </desc>
        </t>
    </menu>
</t24help>
