<?xml version="1.0" encoding="utf-8"?>
<t24help>
    <header>
        <product>AA</product>
        <table>AA.PRD.DES.FACILITY</table>
    </header>
    <menu>
        <t>
            <field>DESCRIPTION</field>
            <desc>
                <p>Specify the description of the property condition in various languages</p>
            </desc>
        </t>
        <t>
            <field>FULL.DESCRIPTION</field>
            <desc>
                <p>Define the description of the PROPERTY</p>
            </desc>
        </t>
        <t>
            <field>SERVICE</field>
            <desc>
                <p>Define list of services related for arrangement account </p>
            </desc>
        </t>
        <t>
            <field>SERVICE.AVAILABILITY</field>
            <desc>
                <p>Define whether the corresponding service is available for arrangement account</p>
            </desc>
        </t>
        <t>
            <field>CUSTOMER.OPTION</field>
            <desc>
                <p>Specify whether the user has used the service or not</p>
            </desc>
        </t>
        <t>
            <field>DEFAULT.NEGOTIABLE</field>
            <desc>
                <p>Define whether all attributes (fields) can be negotiable or not</p>
            </desc>
        </t>
        <t>
            <field>DEFAULT.ATTR.OPTION</field>
            <desc>
                <p>Define if the facility conditions are to be reset from the product or not</p>
            </desc>
        </t>
        <t>
            <field>NR.ATTRIBUTE</field>
            <desc>
                <p>Mention the attributes which have the defined negotiation rules set</p>
            </desc>
        </t>
        <t>
            <field>NR.OPTIONS</field>
            <desc>
                <p>Indicate a value applicable to the associated NR.ATTRIBUTE</p>
            </desc>
        </t>
        <t>
            <field>NR.TYPE</field>
            <desc>
                <p>Define the negotiation rule that needs to be linked to the field defined in NR.ATTRIBUTE</p>
            </desc>
        </t>
        <t>
            <field>NR.VALUE</field>
            <desc>
                <p>Define the value that links to the rule in field NR.RULE</p>
            </desc>
        </t>
        <t>
            <field>NR.MESSAGE</field>
            <desc>
                <p>Indicate whether to raise an ERROR message or an OVERRIDE message when the rule is broken</p>
            </desc>
        </t>
    </menu>
</t24help>
