<t24help>
	<header>
		<product>MXBASE</product>
		<title>
		</title>
		<table>AA.PRD.CAT.XTXLIMIT</table>
	</header>
	<overview>
		<ovdesc>
			<p>The XTXLIMIT Property Condition establishes basic information on the arrangement to calculate the UDI limit on
				account.
				Information such as the limit currency to hold the adjustable currency (UDI) as field to indicate to the system what currency
				the account limit has.
			</p>
			<p></p>
		</ovdesc>
		<ovimage>
		</ovimage>
	</overview>
	<menu>
		<t>
			<field>LIMIT.CURRENCY</field>
			<desc>
				<p>Adjustable currency (UDI) of transaction limit</p>
			</desc>
		</t>
		<t>
			<field>LOAN.PURPOSE</field>
			<desc>
				<p>This field holds the loan purpose values accepted are business and personal</p>
			</desc>
		</t>
		<t>
			<field>ADJUSTED.VAT</field>
			<desc>
				<p>This field holds if Inflation Adjusted Interest calculation is allowed to the arrangement</p>
			</desc>
		</t>
	</menu>
</t24help>