<?xml version="1.0" encoding="utf-8"?>
<t24help xmlns:xsi="http://www.w3.org/2001/XMLSchema-instance">
    <header>
        <product>AA</product>
        <table>AA.PRD.DES.BALANCE.AVAILABILITY</table>
    </header>
    <menu>
        <t>
            <field>ID.COMP.3</field>
            <desc>
                <p>Contains the Effective Date of this property condition System updated field no input allowed</p>
            </desc>
        </t>
        <t>
            <field>ID.COMP.4</field>
            <desc>
                <p>Reserved for future use System field no input allowed</p>
            </desc>
        </t>
        <t>
            <field>ID.COMP.5</field>
            <desc>
                <p>Reserved for future use System field no input allowed</p>
            </desc>
        </t>
        <t>
            <field>ID.COMP.6</field>
            <desc>
                <p>Reserved for future use System field no input allowed</p>
            </desc>
        </t>
        <t>
            <field>LIMIT.CHECK</field>
            <desc>
                <p>Indicates if LIMIT (Courtesy Overdraft Limit) has to be used.</p>
                <p>Has 3 options</p>
                <p>• Opt-In – Limit is used for honouring debit transactions for funds decision by user. </p>
                <p>• Opt-Out – Limit is not used for honouring debit transactions.</p>
                <p>• Blocked – Bank does not want to use the limit even though it is available.</p>
                <p>Validation Rules</p>
                <p>Not allowed to input if CREDIT.CHECK field value is not equal to &quot;COMPONENT&quot;.</p>
                <p>Not allowed to input when activity class/on activity is not specified.</p>
                <p>Must be input for first multi value as default setup.</p>
            </desc>
        </t>
        <t>
            <field>NEGOTIATED.FLDS</field>
            <desc>
                <p>No input and multi value field that lists the attributes on the arrangement property record that have been fixed and/or negotiated. These are stored when the arrangement level record is committed. When the arrangement level record is next used all items in the NEGOTIATED.FIELDS list will be maintained Once an attribute has been fixed or negotiated it will remain in negotiated field list on all subsequent dated versions of the property.</p>
            </desc>
        </t>
        <t>
            <field>NOTICE.AMOUNT</field>
            <desc>
                <p>Specifies the maximum amount which could be withdrawn without notification being required.</p>
                <p>The maximum local currency amount that could be withdrawn in a single transaction without incurring an override message. If this value is exceeded then the override message &apos;ACCOUNT &amp; - NOTICE CONDS FOR WITHDRAWAL NOT MET&apos; is displayed.</p>
                <p>Validation Rules</p>
                <p>Must be a valid amount input</p>
                <p>Optional Field</p>
                <p>Associated multi-valued field with NOTICE.PERIOD and NOTICE.AVAILABILITY</p>
            </desc>
        </t>
        <t>
            <field>NOTICE.AVAILABILITY</field>
            <desc>
                <p>The period for which the funds will be available once notice has been given. This field defines the number of days, months or working days for which funds subject to notice conditions will be available. e.g. if three month notice is given for withdrawal then the bank can stipulate that the funds will only be available for two weeks after which a further three month notice must be given</p>
                <p>Validation Rules</p>
                <p>2-3 alphanumeric characters in the format: nnD, nnM or nnW.</p>
                <p>Associated multi-valued field with NOTICE.AMOUNT and NOTICE.PERIOD</p>
            </desc>
        </t>
        <t>
            <field>ACT.CREDIT.CHECK</field>
            <desc>
                <p>Indicates the type of balance that would be used for performing balance check.</p>
                <p>Holds a value from AC.CREDIT.CHECK table.</p>
                <p>Validation Rules</p>
                <p>Not allowed to input if CREDIT.CHECK field value is not equal to &quot;COMPONENT&quot;.</p>
                <p>Not allowed to input when activity class/on activity is not specified.</p>
                <p>Must be input for first multi value as default setup.</p>
            </desc>
        </t>
        <t>
            <field>NOTICE.PERIOD</field>
            <desc>
                <p>Defines the notice, in days or months, which must be given before the amount, specified in NOTICE.AMOUNT can be withdrawn.</p>
                <p>The number of days, months or working days which constitute the period. For example: 20D, 7W, 3M, etc.</p>
                <p>Validation Rules</p>
                <p>Must be a valid t24 PERIOD input</p>
                <p>Optional Field</p>
                <p>Associated multivalued field with NOTICE.AMOUNTand NOTICE.AVAILABILITY</p>
            </desc>
        </t>
        <t>
            <field>NR.ATTRIBUTE</field>
            <desc>
                <p>Defines which individual attribute (field) has the negotiation rules defined in fields &quot;Nr.Negotiable&quot; through to &quot;Nr.Message&quot;</p>
                <p/>
                <p>Validation Rules</p>
                <p>Must be a valid field name within this property</p>
                <p>This field is part of a multi value set</p>
            </desc>
        </t>
        <t>
            <field>NR.MESSAGE</field>
            <desc>
                <p>This field indicates whether to raise error or override message when rule is broken</p>
                <p>Allows only two values ERROR or OVERRIDE</p>
                <p>ERROR error message is raised</p>
                <p>OVERRIDE Override message is generated</p>
            </desc>
        </t>
        <t>
            <field>AVAIL.BAL.UPD</field>
            <desc>
                <p>Identifies the options available for building the available balance on an account. The unauthorised movement fields will be updated but may not necessarily be used for balance checking. This is to enable a new type of balance check to be made if the parameter settings are changed.It can be set at Arrangement level (AA.ARR.BALANCE.AVAILABILITY) or at the Product Level (AA.PRD.DES.BALANCE.AVAILABILITY) or ACCOUNT.PARAMETER level.</p>
                <p/>
                <p>Unauthorised debits or Unauthorised credits , or both or none of them</p>
                <p>It will be selected in the following order:</p>
                <p/>
                <p>1. Arrangement (AA.ARR.BALANCE.AVAILABILITY)</p>
                <p>2. ACCOUNT.PARAMETER, if not set at Arrangement level</p>
                <p/>
                <p>Validation Rules</p>
                <p>BOTH - Unauthorised debits and credits to be included in the available balance</p>
                <p>NONE - No unauthorised movements to be included in the available balance</p>
                <p>DEBITS - Only unauthorised debits to make up available balance</p>
                <p>CREDITS - Only unauthorised credits to make up available balance</p>
                <p>The default will be No authorised movements to be included in the available balance</p>
            </desc>
        </t>
        <t>
            <field>NR.OPTIONS</field>
            <desc>
                <p>Defines named values to indicate if an option applies to the associated NR.ATTRIBUTE. More than one option can be associated with the NR.ATTRIBUTE, with certain restrictions.</p>
                <p/>
                <p>Validation Rules</p>
                <p>Valid Inputs are NEGOTIABLE, NON-NEGOTIABLE, OVERRIDE, FIX-VALUE, MANDATORY, COUNT as described below: -</p>
                <p/>
                <p>NEGOTIABLE</p>
                <p>The value of NEGOTIABLE will indicate that the associated NR.ATTRIBUTE can be negotiated at the arrangement level.</p>
                <p/>
                <p>NON-NEGOTIABLE</p>
                <p>The value of NON-NEGOTIABLE will indicate that the associated NR.ATTRIBUTE cannot be negotiated at the arrangement level. Both NEGOTIABLE and NON-NEGOTIABLE cannot be defined together</p>
                <p/>
                <p>OVERRIDE</p>
                <p>Specifies if a default override message should be generated if the default attribute is amended at the arrangement level. If OVERRIDE is not specified, no override will be generated.</p>
                <p/>
                <p>FIX-VALUE</p>
                <p>Specified if the field value is to be fixed at the arrangement level. If FIX-VALUE is not specified the field value will vary with the changes to the underlying product condition.</p>
                <p/>
                <p>MANDATORY</p>
                <p>Specifies if the attribute is mandatory for this product condition. Can only be specified where the attribute is not defined as mandatory in the property class.</p>
                <p/>
                <p>COUNT</p>
                <p>Specified to restrict the number of values that should satisfy the rule specified in NR.ATTRIBUTE.RULE. In absence of a rule, the count refers to the number of multi-value/sub-value.</p>
                <p>If the rule is not satisfied then error/override will be raised based on the NR.MESSAGE mentioned.</p>
            </desc>
        </t>
        <t>
            <field>NR.STD.COMP</field>
            <desc>
                <p>It is possible to define negotiation rules in EB.COMPARISON.TYPE.</p>
                <p/>
                <p/>
                <p>Validation Rules</p>
                <p>Input must be a valid record from EB.STANDARD.COMPARISON</p>
            </desc>
        </t>
        <t>
            <field>NR.TYPE</field>
            <desc>
                <p>Defines the negotiation rule that is linked to the field defined in &quot;Nr.Attribute&quot;. If an attribute has a negotiation rule linked to it (in associated fields NR.TYPE, NR.VALUE and NR.MESSAGE) the attribute must be defined as negotiable.</p>
                <p>It is possible to define more than one negotiation rule for an attribute</p>
                <p/>
                <p>Validation Rules</p>
                <p>Input must be a valid record from EB.COMPARISON.TYPE</p>
                <p>This is a multi value set of fields</p>
            </desc>
        </t>
        <t>
            <field>NR.VALUE</field>
            <desc>
                <p>Defines the value that links to the rule in field &quot;Nr.Type&quot;</p>
            </desc>
        </t>
        <t>
            <field>OD.CHARGE.ACTION</field>
            <desc>
                <p>Indicates if the charges related to overdraft have to be assessed or waived for the given activity / activity class.</p>
                <p>Has two values - Assess and Waive.</p>
                <p>Validation Rules</p>
                <p>Not allowed to input if CREDIT.CHECK field value is not equal to &quot;COMPONENT&quot;.</p>
                <p>Not allowed to input when activity class/on activity is not specified.</p>
                <p>Must be input for first multi value as default setup if Overdraft Processing flag is set.</p>
                <p>Not allowed to input if Overdraft Processing flag is not set.</p>
            </desc>
        </t>
        <t>
            <field>ACTIVITY.CLASS</field>
            <desc>
                <p>Indicates the activity class for which NSF setup is applicable.</p>
                <p>Mutually exclusive with On Activity.</p>
                <p>Validation Rules</p>
                <p>Not allowed to input if CREDIT.CHECK field value is not equal to &quot;COMPONENT&quot;.</p>
                <p>Must be null for first multi value to indicate default nsf setup.</p>
                <p>Cannot be specified if On Activity is given.</p>
                <p>Cannot be null if On Activity is null.</p>
                <p>DEFAULT NSF SETUP Rules:</p>
                <p> Activity class/On Activity must be null.</p>
                <p> Act Credit check input mandatory.</p>
                <p> Limit check input mandatory.</p>
                <p> Overdrawn action, Od charge Action &amp; Od Charge Rev Action mandatory only if Overdraft Processing flag is set.</p>
            </desc>
        </t>
        <t>
            <field>OD.CHARGE.REV.ACTION</field>
            <desc>
                <p>To specify how a charge reversal has to be treated when the original transaction is reversed. </p>
                <p>Has two values:</p>
                <p>• Reverse – The linked charge is also reversed. </p>
                <p>• Re-Book – A new credit entry is posted of the same charge value.</p>
                <p>Validation Rules</p>
                <p>Not allowed to input if CREDIT.CHECK field value is not equal to &quot;COMPONENT&quot;.</p>
                <p>Input mandatory if Overdraft Processing flag is set.</p>
                <p>Not allowed to input if Overdraft Processing flag is not set.</p>
            </desc>
        </t>
        <t>
            <field>ON.ACTIVITY</field>
            <desc>
                <p>Indicates the activity for which NSF check setup is applicable.</p>
                <p>Mutually exclusive with Activity Class.</p>
                <p>Validation Rules</p>
                <p>Not allowed to input if CREDIT.CHECK field value is not equal to &quot;COMPONENT&quot;.</p>
                <p>Must be null for first multi value to indicate default nsf setup.</p>
                <p>Cannot be specified if Activity Class is given.</p>
                <p>Cannot be null if Activity Class is null.</p>
                <p>DEFAULT NSF SETUP Rules:</p>
                <p> Activity class/On Activity must be null.</p>
                <p> Act Credit check input mandatory.</p>
                <p> Limit check input mandatory.</p>
                <p> Overdrawn action, Od charge Action &amp; Od Charge Rev Action mandatory only if Overdraft Processing flag is set.</p>
            </desc>
        </t>
        <t>
            <field>OVERDRAFT.PROCESSING</field>
            <desc>
                <p>Indicates if this account supports NSF processing or not. </p>
                <p>Has a value Yes/null.</p>
                <p>• When this field is null, no overdraft processing will be triggered for that account.</p>
                <p>• When the field is set to Yes, the enhanced overdraft processing would be performed by the system.</p>
                <p>Validation Rules</p>
                <p>Not allowed to input for HVT accounts.</p>
            </desc>
        </t>
        <t>
            <field>OVERDRAWN.ACTION</field>
            <desc>
                <p>Indicates the action to be performed by the system for the given activity / activity class, in the event of insufficient funds while performing balance check.</p>
                <p>Has 3 values</p>
                <p>• Post – Would reduce account balance &amp; exception record is created for funds decision by user. </p>
                <p>• Reject – Transaction rejected at source and would not be posted in T24. No charge assessed. </p>
                <p>• Settle – Transaction is paid and updates account balance. Exception is logged as system decision and charge is assessed.</p>
                <p>Validation Rules</p>
                <p>Not allowed to input if CREDIT.CHECK field value is not equal to &quot;COMPONENT&quot;.</p>
                <p>Not allowed to input when activity class/on activity is not specified.</p>
                <p> Must be input for first multi value as default setup if Overdraft Processing flag is set.</p>
                <p>Not allowed to input if Overdraft Processing flag is not set.</p>
            </desc>
        </t>
        <t>
            <field>OWNING.COMPANY</field>
            <desc>
                <p>This field is used to capture the T24 Company(ies) that own the Product Condition record. There is no functionality attached to this field and can be used only for access control through SMS verification.</p>
                <p/>
                <p>The input in this field must be a valid record in company table and should belong to current financial group.</p>
                <p/>
                <p>This is a multi value field. Input in this field is optional.</p>
            </desc>
        </t>
        <t>
            <field>PR.APP.METHOD</field>
            <desc>
                <p>This will hold two values either DUE or CAPITALISE.This Field denote which application method(DUE or CAPITALISE)should be taken while applying periodic rule charges.</p>
            </desc>
        </t>
        <t>
            <field>PR.APP.PERIOD</field>
            <desc>
                <p>This will have to accept a valid T24 period.This Field will denote the application period for current aplication method.</p>
            </desc>
        </t>
        <t>
            <field>PR.ATTRIBUTE</field>
            <desc>
                <p>These are set of Attributes which define the names of the rule, which will be applied on certain attributes of property classes over a period of time.</p>
                <p/>
                <p>Validation Rules</p>
                <p>Input must be a valid record from AA.PERIODIC.ATTRIBUTE</p>
            </desc>
        </t>
        <t>
            <field>PR.BRK.CHARGE</field>
            <desc>
                <p>Charge can be collected when the periodic rule is broken</p>
                <p>This field denotes the charge property. The property and its condition is</p>
                <p>defined the product designer and validated during publishing</p>
                <p/>
                <p>Validation Rules</p>
                <p>Valid charge property</p>
            </desc>
        </t>
        <t>
            <field>PR.BRK.MSG</field>
            <desc>
                <p>Based on the PR.BRK.RES option selected, this will hold either an OVERRIDE or EB.ERROR id. By default the ids will be picked from the associated EB.COMPARISON.TYPE record. If CAP or FLOOR values are given, then the underlying AA.PERIODIC.ATTRIBUTE.CLASS should have this type defined in it.</p>
                <p/>
                <p>Validation Rules</p>
                <p>Input must be a valid OVERRIDE ID or EB.ERROR ID.</p>
            </desc>
        </t>
        <t>
            <field>CHANGED.FIELDS</field>
            <desc>
                <p>No input and multi value field lists all fields that have been negotiated for each dated version of the property. For a subsequently dated property, the attributes listed in this field will appear in &quot;Negotiated.Fields&quot; and only newly negotiated fields will appear on &quot;Changed.Fields&quot;</p>
            </desc>
        </t>
        <t>
            <field>PR.BRK.RES</field>
            <desc>
                <p>When a rule is broken what action needs to be taken is defined here. Currently, the various options available are</p>
                <p/>
                <p>Error block further processing</p>
                <p>Override Give an override</p>
                <p>Information  Record details only</p>
                <p>CAP the rule value is to be used as a CAP if the rule is broken</p>
                <p>FLOOR the rule value is to be used as a FLOOR if the rule is broken</p>
                <p/>
                <p>Validation Rules</p>
                <p>Should be one of the above valid options</p>
            </desc>
        </t>
        <t>
            <field>PR.VALUE</field>
            <desc>
                <p>This is the actual rule value, which will be applied on certain attributes of the property classes over a period of time.</p>
                <p/>
                <p>Validation Rules</p>
                <p>Input must be a valid data type defined in the corresponding</p>
                <p>AA.PERIODIC.ATTRIBUTE.CLASS record.</p>
            </desc>
        </t>
        <t>
            <field>PRODUCT.KEY</field>
            <desc>
                <p>This field represents the key to the product level conditions of a property class This field basically has three components seperated by a hyphen Condition id Currency - if the property class is currency based. By default takes up local currency Effective date - if the property class is dated</p>
            </desc>
        </t>
        <t>
            <field>STMT.NOS</field>
            <desc>
                <p>System field - not used for property conditions</p>
            </desc>
        </t>
        <t>
            <field>TARGET.PRODUCT</field>
            <desc>
                <p>This field denotes the target classic product of the given property class  The already existing T24 products are mapped using AA infrastructure These are called classic products These products are mapped to different property clases</p>
            </desc>
        </t>
        <t>
            <field>TOLERANCE.AMOUNT</field>
            <desc>
                <p>Indicates the Grace amount, which is the allowed overdraft before the bank imposes NSF/OD fees.</p>
                <p>Validation Rules</p>
                <p>Not allowed to input if CREDIT.CHECK field value not equal to &quot;COMPONENT&quot;.</p>
                <p>Must be input if Tolerance Currency is given.</p>
            </desc>
        </t>
        <t>
            <field>TOLERANCE.CCY</field>
            <desc>
                <p>Indicates the corresponding currency for the TOLERANCE.AMOUNT.</p>
                <p>Validation Rules</p>
                <p>Not allowed to input if CREDIT.CHECK field value not equal to &quot;COMPONENT&quot;.</p>
                <p>Must be input if Tolerance Amount is given.</p>
                <p/>
            </desc>
        </t>
        <t>
            <field>USE.LIMIT</field>
            <desc>
                <p>Field to determine the type of Limit to be used for Credit Check Process. Applicable only when the LIMIT.CHECK field is setup with OPT-IN or OPT-IN-NO-IDL.</p>
                <p/>
                <p>Available Options:</p>
                <p>LIMIT - Uses only the Primary Limit of the Account for Credit Check.</p>
                <p>INTERNAL - Uses only the Secondary Limit of the Account for Credit Check.</p>
                <p>NULL - Determines the least available balance between Primary and Secondary Limit to use for Credit Check.</p>
            </desc>
        </t>
        <t>
            <field>CREDIT.CHECK</field>
            <desc>
                <p>Identifies on which balance, overdraft and limit checking should be made. It can be set at Arrangement level (AA.ARR.BALANCE.AVAILABILITY) or at the Product Level (AA.PRD.DES.BALANCE.AVAILABILITY) or ACCOUNT.PARAMETER level.</p>
                <p/>
                <p>The flag will be selected in the following order:</p>
                <p>1. Arrangement</p>
                <p>2. ACCOUNT.PARAMETER, if not set at Arrangement level</p>
                <p/>
                <p>Validation Rules</p>
                <p/>
                <p>AVAILABLE:</p>
                <p>Credit checking is made using AVAILABLE.BAL</p>
                <p/>
                <p>WORKING:</p>
                <p>Credit checking is made using WORKING.BALANCE</p>
                <p/>
                <p>FORWARD:</p>
                <p>Credit checking is made using WORKING.BALANCE plus today&apos;s forward movements.</p>
                <p/>
                <p>AVAILWORK:</p>
                <p>Credit checking is made using AVAILABLE.BAL and WORKING.BALANCE.</p>
                <p/>
                <p>AVAILFWD:</p>
                <p>Credit checking is made using AVAILABLE.BAL and WORKING.BALANCE plus today&apos;s forward movements.</p>
                <p/>
                <p>BLANK: The default checking is against WORKING.BALANCE</p>
                <p/>
                <p>COMPONENT: Credit checking is made using the values in ACT.CREDIT.CHECK which must be a valid record in AC.CREDIT.CHECK which in turn must be a valid record in AC.BALANCE.COMPONENT.</p>
            </desc>
        </t>
        <t>
            <field>DEFAULT.ATTR.OPTION</field>
            <desc>
                <p>Optional field - Allowed Values are RESETTING and NON-RESETTING.</p>
                <p/>
                <p> RESETTING - During any Renewal Activities (for eg : change.product, rollover or reset) the property conditions will be reset from the product.</p>
                <p/>
                <p> NON-RESETTING - During any Renewal Activities property conditions will be maintained from the Arrangement level.</p>
                <p/>
                <p> Leaving the field blank sets NON-RESETTING as the default option.</p>
                <p/>
            </desc>
        </t>
        <t>
            <field>DEFAULT.NEGOTIABLE</field>
            <desc>
                <p>Defines whether all attributes (fields) can be negotiable or not.</p>
                <p/>
                <p>Validation Rules</p>
                <p>This field is Mandatory</p>
                <p>Valid options are YES and NO</p>
            </desc>
        </t>
        <t>
            <field>DESCRIPTION</field>
            <desc>
                <p>Describes this condition record and is used for enrichment.  This field can be expanded to allow the User to enter the Description of the property condition in various languages. Each expansion of the field will correspond to a new Language as defined in the LANGUAGE table (Ref: GENERAL TABLES), and will indicate to the User the Language in which the Description must be entered.   Up to 35 type A (alphanumeric) characters</p>
            </desc>
        </t>
        <t>
            <field>FULL.DESCRIPTION</field>
            <desc>
                <p>Help Text for this field is unavailable.  Please refer to the T24 User Guides for further information.</p>
            </desc>
        </t>
        <t>
            <field>ID.COMP.1</field>
            <desc>
                <p>Contains the arrangement number, extracted from the first component of the id Not applicable at product level System updated field no input allowed</p>
            </desc>
        </t>
        <t>
            <field>ID.COMP.2</field>
            <desc>
                <p>The action that was triggered on the arrangement property The action is taken from ACTIVITY.CLASS record of the underlying AA.ARRANGEMENT.ACTIVITY request that caused the record to be modified.</p>
            </desc>
        </t>
    <t><field>NR.ATTRIBUTE.RULE</field><desc><p>Help Text for this field is unavailable.  Please refer to the T24 User Guides for further information.</p></desc></t><t><field>NR.VALUE.SOURCE</field><desc><p>Help Text for this field is unavailable.  Please refer to the T24 User Guides for further information.</p></desc></t><t><field>API.ATTRIBUTE</field><desc><p>Help Text for this field is unavailable.  Please refer to the T24 User Guides for further information.</p></desc></t><t><field>NOTICE.ACCOUNT</field><desc><p>Help Text for this field is unavailable.  Please refer to the T24 User Guides for further information.</p></desc></t></menu>
</t24help>
