<?xml version="1.0" encoding="utf-8"?>
<t24help xmlns:xsi="http://www.w3.org/2001/XMLSchema-instance">
    <header>
        <product>AA</product>
        <title>AA.PERIODIC.RULE.DEFINITION</title>
        <table>AA.PERIODIC.RULE.DEFINITION</table>
    </header>
    <overview>
        <ovdesc>
            <p>A Definition table which will allow the user to enter the details of each version of the configuration and allow them to publish it.</p>
            <p/>
            <p>Validations: </p>
            <p>Id should contain only 41 characters which included version and rule.name.</p>
            <p>And Periodicrulecatalog record id is created with effective date appended</p>
        </ovdesc>
    </overview>
    <menu>
        <t>
            <field>PUBLISH.ERROR</field>
            <desc>
                <p>In the event of the publishing effort resulting in the PUBLISH.ERROR field being set to "Completed with Error", this field will contain error messages encountered </p>
                <p>1.Associated Multi-value : Beginning with PUBLISH.ERROR and ending with ERROR.SUGGESTION.</p>
                <p>2.Validation Rules a. Non Input. b. System Maintained</p>
            </desc>
        </t>
        <t>
            <field>PUBLISH.STATUS</field>
            <desc>
                <p>This field will contain the result of the publishing effort.</p>
                <p>Validation Rules</p>
                <p>a. Non Input. </p>
                <p>b. System Maintained </p>
                <p>c. Allowed values are : Completed Successfully or Completed with Error</p>
                <p/>
            </desc>
        </t>
        <t>
            <field>REFERENCE</field>
            <desc>
                <p>This field contains the "ID" for the configuration reference. This is the same as the ID of the definition record without the version number</p>
            </desc>
        </t>
        <t>
            <field>RULE.SOURCE</field>
            <desc>
                <p>No input if PERIODIC.RULE is specified.</p>
                <p>Soft Configured based on Source Type in Periodic attribute i.e could be an Activity Class or Activity or Balance type or AA Product.</p>
                <p>This field is mutually exclusive with the existing Activity Class, Activity and Balance attributes in the Rule Definition set of fields</p>
            </desc>
        </t>
        <t>
            <field>VERSION</field>
            <desc>
                <p>The version number of the definition. This number will automatically be incremented when a new record is created.</p>
            </desc>
        </t>
        <t>
            <field>ACTION</field>
            <desc>
                <p>Indicates if the definition should be proofed and published.</p>
                <p>After successful publishing the record cannot be changed, and the definition can only be changed by creating a new version. </p>
                <p/>
            </desc>
        </t>
        <t>
            <field>DESCRIPTION</field>
            <desc>
                <p>Natural Language "name" of the definition</p>
                <p>Mandatory</p>
                <p/>
            </desc>
        </t>
        <t>
            <field>EFFECTIVE.DATE</field>
            <desc>
                <p>Indicates when this version of the definition will be effective for processing.                  Mandatory if PUBLISH is "YES". </p>
                <p>Must be a date GE to Today and cannot be prior to the Effective Date of the previous version.</p>
            </desc>
        </t>
        <t>
            <field>ERROR.SUGGESTION</field>
            <desc>
                <p>In the event of the publishing effort resulting in the PUBLISH.ERROR field being set to "Completed with Error", this field will contain suggestions provided in order to correct errors listed in the associated PUBLISH.ERROR </p>
                <p>1.Associated Multi-value : Beginning with PUBLISH.ERROR and ending with ERROR.SUGGESTION.</p>
                <p>2.Validation Rules a. Non Input. b. System Maintained</p>
                <p/>
            </desc>
        </t>
        <t>
            <field>FILTER.BY.PRODUCT</field>
            <desc>
                <p>No input if PERIODIC.RULE is specified</p>
                <p>Certain Periodic Attributes are capable of evaluating the Source (Activity Class/Activity/Balance) on multiple Arrangements (either based on associated arrangements from the Bundle or based on CRA). This is controlled by the Attribute Multi Arrangement in AA.PERIODIC.ATTRIBUTE. However, if there is a need to filter these multiple arrangements down to a sub-set based on the Products to which they belong, the same could be specified in this field.</p>
                <p>Before evaluating the Source on each of those Arrangements, system would filter that list down to only those belonging to the Product(s) specified here.Input allowed only if Source is input</p>
            </desc>
        </t>
        <t>
            <field>FULL.DESCRIPTION</field>
            <desc>
                <p>Detailed description of the definition.</p>
                <p/>
            </desc>
        </t>
        <t>
            <field>OVERRIDE</field>
        </t>
        <t>
            <field>PERIODIC.ATTRIBUTE</field>
            <desc>
                <p>Indicates the Periodic Attribute that has to be used for evaluation of the rule.    </p>
                <p>Linked to AA.PERIODIC.ATTRIBUTE table.</p>
                <p>No input if PERIODIC.RULE is specified</p>
                <p>Allowed Values:</p>
                <p>Only the Periodic attributes that belong to ACTIVITY.RESTRICTION property class can be specified here.</p>
                <p/>
            </desc>
        </t>
        <t>
            <field>PERIODIC.RULE.DEFINITION</field>
        </t>
    </menu>
</t24help>
