<?xml version="1.0" encoding="utf-8"?>
<t24help>
    <header>
        <product>AA</product>
        <table>AA.PRD.DES.CHANGE.PRODUCT</table>
    </header>
    <menu>
        <t>
            <field>DESCRIPTION</field>
            <desc>
                <p>Please provide the description</p>
            </desc>
        </t>
        <t>
            <field>CHANGE.DATE.TYPE</field>
            <desc>
                <p>Indicate the product change type for the arrangement.</p>
            </desc>
        </t>
        <t>
            <field>CHANGE.PERIOD</field>
            <desc>
                <p>Specify the period for the product change for the arrangement</p>
            </desc>
        </t>
        <t>
            <field>CHANGE.DATE</field>
            <desc>
                <p>Define the date on which the arrangement will change from an existing product to a new product</p>
            </desc>
        </t>
        <t>
            <field>CHANGE.ACTIVITY</field>
            <desc>
                <p>Specify the activity to trigger during loan renewal</p>
            </desc>
        </t>
        <t>
            <field>PRIOR.DAYS</field>
            <desc>
                <p>If the bank wishes the change product event to happen prior to the date mentioned in the CHANGE.DATE/CHANGE.PERIOD field</p>
            </desc>
        </t>
        <t>
            <field>CHG.TO.PRODUCT</field>
            <desc>
                <p>Mention the product to which the arrangement must switch to on the date/period mentioned in the above fields.</p>
            </desc>
        </t>
        <t>
            <field>ALLOWED.PRODUCT</field>
            <desc>
                <p>Specify the list of PRODUCTS to which the arrangement product can switch to</p>
            </desc>
        </t>
        <t>
            <field>INITIATION.TYPE</field>
            <desc>
                <p>Please specify whether the renewal activity should be triggered automatically or manually</p>
            </desc>
        </t>
        <t>
            <field>DEFAULT.ACTIVITY</field>
            <desc>
                <p>Define the ACTIVITY to be triggered by default if the INITIATION.TYPE is chosen as MANUAL</p>
            </desc>
        </t>
        <t>
            <field>DEFAULT.NEGOTIABLE</field>
            <desc>
                <p>Indicate if all fields are negotiable.</p>
            </desc>
        </t>
        <t>
            <field>DEFAULT.ATTR.OPTION</field>
            <desc>
                <p>Define if the renewal conditions are to be reset from the product or not.</p>
            </desc>
        </t>
        <t>
            <field>NR.ATTRIBUTE</field>
            <desc>
                <p>Mention the attributes which have the defined negotiation rules set</p>
            </desc>
        </t>
        <t>
            <field>NR.OPTIONS</field>
            <desc>
                <p>Indicate a value applicable to the associated NR.ATTRIBUTE</p>
            </desc>
        </t>
        <t>
            <field>NR.TYPE</field>
            <desc>
                <p>Define the negotiation rule that needs to be linked to the field defined in NR.ATTRIBUTE</p>
            </desc>
        </t>
        <t>
            <field>NR.VALUE</field>
            <desc>
                <p>Define the value that links to the rule in field NR.RULE</p>
            </desc>
        </t>
        <t>
            <field>NR.MESSAGE</field>
            <desc>
                <p>Indicate whether to raise an ERROR message or an OVERRIDE message when the rule is broken</p>
            </desc>
        </t>
    </menu>
</t24help>
