<?xml version="1.0" encoding="utf-8"?>
<t24help xmlns:xsi="http://www.w3.org/2001/XMLSchema-instance">
    <header>
        <product>AA</product>
        <table>AA.PRD.DES.EVIDENCE</table>
    </header>
    <overview>
        <ovdesc>
            <p>The EVIDENCE Property class captures Covenants and Conditions for an arrangement.</p>
            <p/>
            <p>The Covenants are requested in periodic basis and the Conditions are one-time evidence. On non-submission or non-compliance of the evidences, the related consequent activity will be restricted.</p>
            <p/>
            <p>The evidences can also be waived using the Waive feature in the Evidence framework.</p>
        </ovdesc>
    </overview>
    <menu>
        <t>
            <field>COVENANT.FREQUENCY</field>
            <desc>
                <p>Specifies the frequency in which the requirement or the covenant has to be received from the customer and checked.</p>
                <p>For example, quarterly financial statements should be submitted on a quarterly basis and reviewed. Else the COVENANT.CONSEQ field condition will be applied. </p>
            </desc>
        </t>
        <t>
            <field>COVENANT.REL.EVIDENCE</field>
            <desc>
                <p>Specifies the related evidence requirement that is required for a consequence.</p>
                <p>The EV.EVIDENCE.REQUIREMENT should be a valid related requirement of the given COVENANT.EVIDENCE</p>
                <p/>
                <p>1. Must be a REQUIREMENT with related requirement.</p>
                <p>2. Must be a valid EV.EVIDENCE.REQUIREMENT.</p>
            </desc>
        </t>
        <t>
            <field>COVENANT.RULE.OPER</field>
            <desc>
                <p>Specifies the operand that will be used to evaluate the evidence rule. This along with the value in the COVENANT.RULE.VALUE will act as the rule for the requirement to pass. </p>
                <p>Allowed Values - Less Than, Greater Than, Equals, Not Equal.</p>
                <p/>
                <p>Validation Rules:</p>
                <p>Allowed Values - Less Than, Greater Than, Equals, Not Equal.</p>
            </desc>
        </t>
        <t>
            <field>COVENANT.RULE.VALUE</field>
            <desc>
                <p>Specifies the value that will be used to evaluate the evidence rule. Along with the value in the COVENANT.RULE.OPER will act as the rule for the requirement to pass.</p>
            </desc>
        </t>
        <t>
            <field>COVENANT.START.DATE</field>
            <desc>
                <p>Specifies the date from which the requirement or the covenant is due. Start date for monitoring the covenant.</p>
                <p>If not specified, system will be defaulted with the contract start date.</p>
                <p/>
                <p>Validation Rules:</p>
                <p>1. Must be a valid DATE field.</p>
            </desc>
        </t>
        <t>
            <field>DEFAULT.ATTR.OPTION</field>
            <desc>
                <p>Optional field - Allowed Values are RESETTING and NON-RESETTING.</p>
                <p>RESETTING - During any Renewal Activities (for eg : change.product, rollover or reset) the property conditions will be reset from the product.</p>
                <p>NON-RESETTING - During any Renewal Activities property conditions will be maintained from the Arrangement level.</p>
                <p>Leaving the field blank sets NON-RESETTING as the default option.</p>
                <p>Not used in Arrangement/Sim level.</p>
            </desc>
        </t>
        <t>
            <field>DEFAULT.NEGOTIABLE</field>
            <desc>
                <p>Defines whether all attributes (fields) can be negotiable or not.</p>
                <p/>
                <p>This field is Mandatory.</p>
                <p>Valid options are YES and NO.</p>
            </desc>
        </t>
        <t>
            <field>DESCRIPTION</field>
            <desc>
                <p>Describes this condition record and is used for enrichment.</p>
                <p/>
                <p>This field can be expanded to allow the User to enter the Description of the property condition in various languages. Each expansion of the field will correspond to a new Language as defined in the LANGUAGE table (Ref: GENERAL TABLES), and will indicate to the User the Language in which the Description must be entered.</p>
                <p/>
                <p>Up to 35 type A (alphanumeric) characters.</p>
            </desc>
        </t>
        <t>
            <field>FULL.DESCRIPTION</field>
            <desc>
                <p>Standard T24 description field</p>
            </desc>
        </t>
        <t>
            <field>ID.COMP.1</field>
            <desc>
                <p>Contains the arrangement number, extracted from the first component of the id.</p>
                <p>Not applicable at Product level.</p>
                <p>System updated field no input allowed.</p>
            </desc>
        </t>
        <t>
            <field>API.ATTRIBUTE</field>
        </t>
        <t>
            <field>ID.COMP.2</field>
            <desc>
                <p>The action that was triggered on the arrangement property.</p>
                <p/>
                <p>The action is taken from ACTIVITY.CLASS record of the underlying AA.ARRANGEMENT.ACTIVITY request that caused the record to be modified.</p>
            </desc>
        </t>
        <t>
            <field>ID.COMP.3</field>
            <desc>
                <p>Contains the effective date of the property condition.</p>
                <p>Not applicable at product level.</p>
                <p>System updated field no input allowed.</p>
            </desc>
        </t>
        <t>
            <field>ID.COMP.4</field>
            <desc>
                <p>Reserved for future use.</p>
                <p>Not applicable at product level.</p>
                <p>System field no input allowed.</p>
            </desc>
        </t>
        <t>
            <field>ID.COMP.5</field>
            <desc>
                <p>Reserved for future use.</p>
                <p>Not applicable at product level.</p>
                <p>System field no input allowed.</p>
            </desc>
        </t>
        <t>
            <field>ID.COMP.6</field>
            <desc>
                <p>Reserved for future use.</p>
                <p>Not applicable at product level.</p>
                <p>System field no input allowed.</p>
            </desc>
        </t>
        <t>
            <field>NEGOTIATED.FLDS</field>
            <desc>
                <p>No input and multi value field that lists the attributes on the arrangement property record that have been fixed and/or negotiated. These are stored when the arrangement level record is committed. When the arrangement level record is next used all items in the NEGOTIATED.FIELDS list will be maintained.</p>
                <p>Once an attribute has been fixed or negotiated it will remain in negotiated field list on all subsequent dated versions of the property.</p>
            </desc>
        </t>
        <t>
            <field>NR.ATTRIBUTE</field>
            <desc>
                <p>Defines which individual attribute (field) has the negotiation rules defined in fields "Nr.Negotiable" through to "Nr.Message"</p>
                <p>Must be a valid field name within this property.</p>
                <p>This field is part of a multi value set.</p>
            </desc>
        </t>
        <t>
            <field>NR.ATTRIBUTE.RULE</field>
            <desc>
                <p>Field is use to indicate the rules to be executed against certain fields for a property during product creation or arrangement creation.</p>
            </desc>
        </t>
        <t>
            <field>NR.MESSAGE</field>
            <desc>
                <p>This field indicates whether to raise error or override message when rule is broken</p>
                <p>Allows only two values ERROR or OVERRIDE.</p>
                <p>ERROR error message is raised.</p>
                <p>OVERRIDE Override message is generated.</p>
                <p>CAP - Term is capped to maximum.</p>
                <p>FLOOR - Term is brought down to Minimum.</p>
            </desc>
        </t>
        <t>
            <field>NR.OPTIONS</field>
            <desc>
                <p>Defines named values to indicate if an option applies to the associated NR.ATTRIBUTE. More than one option can be associated with the NR.ATTRIBUTE, with certain restrictions.</p>
                <p/>
                <p>Valid Inputs are NEGOTIABLE, NON-NEGOTIABLE, OVERRIDE, FIX-VALUE, MANDATORY, COUNT as described below: -</p>
                <p/>
                <p>NEGOTIABLE</p>
                <p/>
                <p>The value of NEGOTIABLE will indicate that the associated NR.ATTRIBUTE can be negotiated at the arrangement level.</p>
                <p/>
                <p>NON-NEGOTIABLE</p>
                <p/>
                <p>The value of NON-NEGOTIABLE will indicate that the associated NR.ATTRIBUTE cannot be negotiated at the arrangement level. Both NEGOTIABLE and NON-NEGOTIABLE cannot be defined together</p>
                <p/>
                <p>OVERRIDE</p>
                <p/>
                <p>Specifies if a default override message should be generated if the default attribute is amended at the arrangement level. If OVERRIDE is not specified, no override will be generated.</p>
                <p/>
                <p>FIX-VALUE</p>
                <p/>
                <p>Specified if the field value is to be fixed at the arrangement level. If FIX-VALUE is not specified the field value will vary with the changes to the underlying product condition.</p>
                <p/>
                <p>MANDATORY</p>
                <p/>
                <p>Specifies if the attribute is mandatory for this product condition. Can only be specified where the attribute is not defined as mandatory in the property class.</p>
                <p/>
                <p>COUNT</p>
                <p>Specified to restrict the number of values that should satisfy the rule specified in NR.ATTRIBUTE.RULE. In absence of a rule, the count refers to the number of multi-value/sub-value.</p>
                <p>If the rule is not satisfied then error/override will be raised based on the NR.MESSAGE mentioned.</p>
            </desc>
        </t>
        <t>
            <field>CHANGED.FIELDS</field>
            <desc>
                <p>No input and multi value field lists all fields that have been negotiated for each dated version of the property. For a subsequently dated property, the attributes listed in this field will appear in "Negotiated.Fields" and only newly negotiated fields will appear on "Changed.Fields"</p>
            </desc>
        </t>
        <t>
            <field>NR.STD.COMP</field>
            <desc>
                <p>It is possible to define negotiation rules in EB.COMPARISON.TYPE.</p>
                <p/>
                <p>Input must be a valid record from EB.STANDARD.COMPARISON</p>
            </desc>
        </t>
        <t>
            <field>NR.TYPE</field>
            <desc>
                <p>Defines the negotiation rule that is linked to the field defined in "Nr.Attribute". If an attribute has a negotiation rule linked to it (in associated fields NR.TYPE, NR.VALUE and NR.MESSAGE) the attribute must be defined as negotiable.</p>
                <p/>
                <p>It is possible to define more than one negotiation rule for an attribute</p>
                <p/>
                <p>Input must be a valid record from EB.COMPARISON.TYPE</p>
                <p/>
                <p>This is a multi value set of fields</p>
            </desc>
        </t>
        <t>
            <field>NR.VALUE</field>
            <desc>
                <p>Defines the value that links to the rule in field "Nr.Type"</p>
            </desc>
        </t>
        <t>
            <field>NR.VALUE.SOURCE</field>
        </t>
        <t>
            <field>OVERRIDE</field>
            <desc>
                <p>Standard Override field containing override messages generated by amendments to this property.</p>
            </desc>
        </t>
        <t>
            <field>OWNING.COMPANY</field>
            <desc>
                <p>This field is used to capture the T24 Company(ies) that own the Product Condition record. There is no functionality attached to this field and can be used only for access control through SMS verification.</p>
                <p/>
                <p>The input in this field must be a valid record in company table and should belong to current financial group.</p>
                <p/>
                <p>This is a multi value field. Input in this field is optional.</p>
            </desc>
        </t>
        <t>
            <field>PR.APP.METHOD</field>
            <desc>
                <p>This field denotes the application method that needs to be applied to the periodic rule charges.</p>
                <p/>
                <p>Allowed values are</p>
                <p/>
                <p>Due - The periodic rule charges are made due</p>
                <p/>
                <p>Capitalise - The periodic rule charges are capitalised</p>
            </desc>
        </t>
        <t>
            <field>PR.APP.PERIOD</field>
            <desc>
                <p>This field denotes the application period for the given periodic rule charges.</p>
                <p/>
                <p>The periodic rule charges will be applied at the end of the period. If the value defined is zero, then the charges are applied immediately.</p>
                <p/>
                <p>Standard T24 period field.</p>
            </desc>
        </t>
        <t>
            <field>PR.ATTRIBUTE</field>
            <desc>
                <p>These are set of Attributes which define the names of the rule, which will be applied on certain attributes of property classes over a period of time.</p>
                <p/>
                <p>Input must be a valid record from AA.PERIODIC.ATTRIBUTE</p>
            </desc>
        </t>
        <t>
            <field>PR.BRK.CHARGE</field>
            <desc>
                <p>Charge can be collected when the periodic rule is broken</p>
                <p/>
                <p>This field denotes the charge property. The property and its condition is</p>
                <p/>
                <p>defined the product designer and validated during publishing</p>
                <p/>
                <p>Valid charge property</p>
            </desc>
        </t>
        <t>
            <field>CONDITION.CATEG</field>
            <desc>
                <p>Specifies the category of the Condition defined. Values will be from the EV.REQUIREMENT.CATEGORY virtual table. </p>
                <p>That is, there will be a record in the table EB.LOOKUP with prefix EV.REQUIREMENT.CATEGORY.</p>
            </desc>
        </t>
        <t>
            <field>PR.BRK.MSG</field>
            <desc>
                <p>Based on the PR.BRK.RES option selected, this will hold either an OVERRIDE or EB.ERROR id. By default the ids will be picked from the associated EB.COMPARISON.TYPE record. If CAP or FLOOR values are given, then the underlying AA.PERIODIC.ATTRIBUTE.CLASS should have this type defined in it.</p>
                <p/>
                <p>Input must be a valid OVERRIDE ID or EB.ERROR ID.</p>
            </desc>
        </t>
        <t>
            <field>PR.BRK.RES</field>
            <desc>
                <p>When a rule is broken what action needs to be taken is defined here. Currently, the various options available are</p>
                <p/>
                <p>Error block further processing</p>
                <p/>
                <p>Override Give an override</p>
                <p/>
                <p>Information Record details only</p>
                <p/>
                <p>CAP the rule value is to be used as a CAP if the rule is broken</p>
                <p/>
                <p>FLOOR the rule value is to be used as a FLOOR if the rule is broken</p>
                <p/>
                <p>Should be one of the above valid options</p>
            </desc>
        </t>
        <t>
            <field>PR.RESERVED.1</field>
            <desc>
                <p>Reserved for future use</p>
            </desc>
        </t>
        <t>
            <field>PR.RESERVED.2</field>
            <desc>
                <p>Reserved for future use</p>
            </desc>
        </t>
        <t>
            <field>PR.RESERVED.3</field>
            <desc>
                <p>Reserved for future use</p>
            </desc>
        </t>
        <t>
            <field>PR.VALUE</field>
            <desc>
                <p>This is the actual rule value, which will be applied on certain attributes of the property classes over a period of time.</p>
                <p/>
                <p>Input must be a valid data type defined in the corresponding</p>
                <p/>
                <p>AA.PERIODIC.ATTRIBUTE.CLASS record.</p>
            </desc>
        </t>
        <t>
            <field>PRODUCT.KEY</field>
            <desc>
                <p>This field represents the key to the product level conditions of a property class</p>
                <p/>
                <p>This field basically has three components seperated by a hyphen</p>
                <p/>
                <p>Condition id</p>
                <p/>
                <p>Currency - if the property class is currency based. By default takes up local currency</p>
                <p/>
                <p>Effective date - if the property class is dated</p>
            </desc>
        </t>
        <t>
            <field>STMT.NOS</field>
            <desc>
                <p>System field - not used for property conditions</p>
            </desc>
        </t>
        <t>
            <field>SYS.RESERVE1</field>
            <desc>
                <p>System field - reserved for future use</p>
            </desc>
        </t>
        <t>
            <field>SYS.RESERVE2</field>
            <desc>
                <p>System field - reserved for future use</p>
            </desc>
        </t>
        <t>
            <field>CONDITION.CONSEQ</field>
            <desc>
                <p>Specifies the consequence that will happen if the evidence requirement or the condition is breached. A valid AA.ACTION record, which is of Restrict type can be defined.</p>
                <p/>
                <p>Validation Rules:</p>
                <p>Only AA.ACTION records with RESTRICT.ACTIVITY set is allowed.</p>
            </desc>
        </t>
        <t>
            <field>SYS.RESERVE3</field>
            <desc>
                <p>System field - reserved for future use</p>
            </desc>
        </t>
        <t>
            <field>SYS.RESERVE6</field>
            <desc>
                <p>System field - reserved for future use</p>
            </desc>
        </t>
        <t>
            <field>SYS.RESERVE7</field>
            <desc>
                <p>System field - reserved for future use</p>
            </desc>
        </t>
        <t>
            <field>TARGET.PRODUCT</field>
            <desc>
                <p>This field denotes the target classic product of the given property class</p>
                <p/>
                <p>The already existing T24 products are mapped using AA infrastructure</p>
                <p/>
                <p>These are called classic products</p>
                <p/>
                <p>These products are mapped to different property clases</p>
            </desc>
        </t>
        <t>
            <field>CONDITION.DUE.ACTIVITY</field>
            <desc>
                <p>Specifies the activity for which the condition has to be evaluated.</p>
                <p/>
                <p>Validation Rules:</p>
                <p>A valid record from AA.ACTIVITY with EVIDENCE.CHECK enabled.</p>
            </desc>
        </t>
        <t>
            <field>CONDITION.EVIDENCE</field>
            <desc>
                <p>Specifies the evidence requirement that is required for a consequence of a condition.</p>
                <p>The EV.EVIDENCE.REQUIREMENT defined should be SINGLE, Periodic and of the given CONDITION.CATEG.</p>
            </desc>
        </t>
        <t>
            <field>COVENANT.CATEG</field>
            <desc>
                <p>Specifies the category of the Covenant defined. Values will be from the EV.REQUIREMENT.CATEGORY virtual table. </p>
                <p>That is, there will be a record in the table EB.LOOKUP with prefix EV.REQUIREMENT.CATEGORY.</p>
            </desc>
        </t>
        <t>
            <field>COVENANT.CONSEQ</field>
            <desc>
                <p>Specifies the consequence that will happen if the evidence requirement or the covenant is breached. A valid AA.ACTION record, which is of Restrict type can be defined.</p>
                <p/>
                <p>Validation Rules:</p>
                <p>Only AA.ACTION records with RESTRICT.ACTIVITY set is allowed.</p>
            </desc>
        </t>
        <t>
            <field>COVENANT.EVIDENCE</field>
            <desc>
                <p>Specifies the evidence requirement that is required for a consequence of a Covenant.</p>
                <p>The EV.EVIDENCE.REQUIREMENT defined should be SINGLE, Periodic and of the given COVENANT.CATEG.</p>
                <p/>
                <p>Validation Rules:</p>
                <p>1. Mandatory when COVENENT.CATEG is given.</p>
                <p>2. Must be a valid EV.EVIDENCE.REQUIREMENT.</p>
            </desc>
        </t>
    </menu>
</t24help>
