<?xml version="1.0" encoding="utf-8"?>
<t24help xmlns:xsi="http://www.w3.org/2001/XMLSchema-instance">
	<header>
		<product>HKLEND</product>
		<title>
		</title>
		<table>AA.PRD.CAT.XHKLENDING.INTEREST</table>
	</header>
	<overview>
		<ovdesc>
			<p>Create a new class for interest rate comparison configurations. User can configure rules for a single product or individual contract.</p>
			<p></p>
		</ovdesc>
		<ovimage>
		</ovimage>
	</overview>
	<menu>
		<t>
			<field>COMPARISON.RULE</field>
			<desc>
				<p>Specify the selection method from the interest set. The list of selection are taking from EB.LOOKUP under COMPARISON RULES. System supports the returning of the maximum rate, minimum rate and average rate from interest rate set.</p>
			</desc>
		</t>
		<t>
			<field>PERIODIC.INDEX</field>
			<desc>
				<p>Periodic rate index. Multi value set from interest index to effective rate. Indicates the periodic index selected for comparison.</p>
			</desc>
		</t>
		<t>
			<field>PERIODIC.PERIOD</field>
			<desc>
				<p>Periodic interest period. Defines the interest period to be used when linking to PERIODIC.INTEREST. When a period is stated in Years or Weeks, they would be converted to Months and Days respectively before locating the PI table.</p>
			</desc>
		</t>
		<t>
			<field>PERIODIC.METHOD</field>
			<desc>
				<p>If system does not find an interest rate in the correct bucket of PERIODIC.INTEREST table, it will apply a method to arrive at a rate chosen. Periodic method indicates the method being used for interest rate application. The list of method supported is as follow: Closest – Use interest rate from the closest range. Interpolate – Use linear interpolation to estimate the rate. Next – Use the interest rate from the upper range. Previous – Use the interest rate from the lower range.</p>
			</desc>
		</t>
		<t>
			<field>INTEREST.SPREAD</field>
			<desc>
				<p>Indicates the spread for the interest. Can be positive or negative.</p>
			</desc>
		</t>
		<t>
			<field>EFFECTIVE.RATE</field>
			<desc>
				<p>Calculated based on the interest retrieved from periodic table and spread defined.</p>
			</desc>
		</t>
		<t>
			<field>CEILING.RATE</field>
			<desc>
				<p>Indicates the maximum interest rate permitted from the selection. If the rate returned from selection list is higher than the ceiling rate defined, system should select ceiling rate as the resultant rate.</p>
			</desc>
		</t>
		<t>
			<field>FLOOR.RATE</field>
			<desc>
				<p>Indicates the minimum interest rate permitted from the selection. If the rate returned from selection list is lower than the floor rate defined, system should select floor rate as the resultant rate.</p>
			</desc>
		</t>
		<t>
			<field>RESULTANT.RATE</field>
			<desc>
				<p>Indicates the final interest rate calculated for the contract. System first selects a rate from the list of interest indexes defined using the comparison rules specified, verifies against floor and ceiling rate set, and returns the resulting interest rate for the contract.</p>
			</desc>
		</t>
		<t>
			<field>FLAT.RATE</field>
			<desc>
				<p>System should convert the monthly flat rate to annualized rate and update the FIXED.RATE field in interest condition</p>
			</desc>
		</t>
	</menu>
</t24help>
