<?xml version="1.0" encoding="utf-8"?>
<t24help xmlns:xsi="http://www.w3.org/2001/XMLSchema-instance">
    <header>
        <product>AA</product>
        <table>AA.PRD.PRF.CLOSURE</table>
    </header>
    <overview>
        <ovdesc>
            <p>The CLOSURE property class is used to Close an AA account if no more transactions happen in that account.In case of non-revolving arrangements, once all balances are settled, Arrangement account Closure can be triggered anytime manually or automatically. For revolving arrangements, the activity can be triggered on or after maturity. On reversal of a new arrangement, account closure would be triggered automatically.</p>
        </ovdesc>
    </overview>
    <menu>
        <t>
            <field>COOLING.WAIVE.PROP</field>
            <desc>
                <p>To define the list of charges or interest property to be defined in order to choose waive option at property level.</p>
                <p/>
                <p>Validation Rules:</p>
                <p/>
                <p>1. Either COOLING.WAIVE.CLASS or COOLING.WAIVE.PROP is mandatory with COOLING.PERIOD.</p>
                <p>2. Only valid property defined in the table AA.PROPERTY can be specified.</p>
                <p>3. The property specified should belong to INTEREST or CHARGE property class.</p>
            </desc>
        </t>
        <t>
            <field>DEFAULT.ATTR.OPTION</field>
            <desc>
                <p>Optional field - Allowed Values are RESETTING and NON-RESETTING.</p>
                <p/>
                <p> RESETTING - During any Renewal Activities (for eg : change.product, rollover or reset) the property conditions will be reset from the product.</p>
                <p/>
                <p> NON-RESETTING - During any Renewal Activities property conditions will be maintained from the Arrangement level.</p>
                <p/>
                <p> Leaving the field blank sets NON-RESETTING as the default option.</p>
                <p/>
            </desc>
        </t>
        <t>
            <field>DEFAULT.NEGOTIABLE</field>
            <desc>
                <p>Defines whether all attributes (fields) can be negotiable or not.</p>
                <p/>
                <p/>
                <p>This field is Mandatory</p>
                <p>Valid options are YES and NO</p>
            </desc>
        </t>
        <t>
            <field>DEFER.CLOSURE.PERIOD</field>
            <desc>
                <p>This field specifies the period until which arrangement closure is deferred.</p>
                <p>Arrangement can be closed or moved to pending closure only after the closure period is reached(based on closure period,provided all balances are settled). </p>
                <p>(Eg., If DEFER.CLOSURE.PERIOD is 10 days and TERM is 5 days, arrangement can be closed only after 10 days.) </p>
                <p>This feature is allowed only for lending products without interest property. </p>
                <p>If DEFER.CLOSURE.PERIOD is set, closure type can only be set to DEFER.CLOSURE. </p>
                <p>If DEFER.CLOSURE.PERIOD is not defined system will follow the default behaviour. </p>
                <p>Validation rule:</p>
                <p>Valid PERIOD field.</p>
                <p>Maximum of 4 characters.</p>
            </desc>
        </t>
        <t>
            <field>DESCRIPTION</field>
            <desc>
                <p>Describes this condition record and is used for enrichment.</p>
                <p/>
                <p>This field can be expanded to allow the User to enter the Description of the property condition in various languages. Each expansion of the field will correspond to a new Language as defined in the LANGUAGE table (Ref: GENERAL TABLES), and will indicate to the User the Language in which the Description must be entered.</p>
                <p/>
                <p/>
                <p>Up to 35 type A (alphanumeric) characters</p>
                <p/>
            </desc>
        </t>
        <t>
            <field>FULL.DESCRIPTION</field>
            <desc>
                <p>Help Text for this field is unavailable.  Please refer to the T24 User Guides for further information.</p>
            </desc>
        </t>
        <t>
            <field>ID.COMP.1</field>
            <desc>
                <p>Contains the arrangement number, extracted from the first component of the id</p>
                <p>Not applicable at product level</p>
                <p>System updated field no input allowed</p>
                <p/>
            </desc>
        </t>
        <t>
            <field>ID.COMP.2</field>
            <desc>
                <p>The action that was triggered on the arrangement property</p>
                <p>The action is taken from ACTIVITY.CLASS record of the underlying AA.ARRANGEMENT.ACTIVITY request that caused the record to be modified.</p>
                <p/>
            </desc>
        </t>
        <t>
            <field>ID.COMP.3</field>
            <desc>
                <p>Contains the effective date of the property condition</p>
                <p>Not applicable at product level</p>
                <p>System updated field no input allowed</p>
                <p/>
            </desc>
        </t>
        <t>
            <field>ID.COMP.4</field>
            <desc>
                <p>Reserved for future use</p>
                <p>Not applicable at product level</p>
                <p>System field no input allowed</p>
                <p/>
            </desc>
        </t>
        <t>
            <field>ID.COMP.5</field>
            <desc>
                <p>Reserved for future use</p>
                <p>Not applicable at product level</p>
                <p>System field no input allowed</p>
                <p/>
            </desc>
        </t>
        <t>
            <field>CHANGED.FIELDS</field>
            <desc>
                <p>No input and multi value field - lists all fields that have been negotiated for each dated version of the property. For a subsequently dated property, the attributes listed in this field will appear in &quot;Negotiated.Fields&quot; and only newly negotiated fields will appear on &quot;Changed.Fields&quot;</p>
                <p/>
                <p/>
            </desc>
        </t>
        <t>
            <field>ID.COMP.6</field>
            <desc>
                <p>Reserved for future use</p>
                <p>Not applicable at product level</p>
                <p>System field no input allowed</p>
                <p/>
            </desc>
        </t>
        <t>
            <field>NEGOTIATED.FLDS</field>
            <desc>
                <p>No input and multi value field that lists the attributes on the arrangement property record that have been fixed and/or negotiated. These are stored when the arrangement level record is committed. When the arrangement level record is next used all items in the NEGOTIATED.FIELDS list will be maintained.</p>
                <p>Once an attribute has been fixed or negotiated it will remain in negotiated field list on all subsequent dated versions of the property.</p>
            </desc>
        </t>
        <t>
            <field>NR.ATTRIBUTE</field>
            <desc>
                <p>Defines which individual attribute (field) has the negotiation rules defined in fields &quot;Nr.Negotiable&quot; through to &quot;Nr.Message&quot;</p>
                <p/>
                <p/>
                <p>Must be a valid field name within this property</p>
                <p>This field is part of a multi value set</p>
            </desc>
        </t>
        <t>
            <field>NR.ATTRIBUTE.RULE</field>
        </t>
        <t>
            <field>NR.MESSAGE</field>
            <desc>
                <p>This field indicates whether to raise error or override message when rule is broken</p>
                <p>Allows only two values ERROR or OVERRIDE</p>
                <p>ERROR error message is raised</p>
                <p>OVERRIDE Override message is generated</p>
                <p/>
            </desc>
        </t>
        <t>
            <field>NR.OPTIONS</field>
            <desc>
                <p>Defines named values to indicate if an option applies to the associated NR.ATTRIBUTE. More than one option can be associated with the NR.ATTRIBUTE, with certain restrictions.</p>
                <p/>
                <p/>
                <p>Valid Inputs are NEGOTIABLE, NON-NEGOTIABLE, OVERRIDE, FIX-VALUE, MANDATORY, COUNT as described below: -</p>
                <p/>
                <p>NEGOTIABLE</p>
                <p>The value of NEGOTIABLE will indicate that the associated NR.ATTRIBUTE can be negotiated at the arrangement level.</p>
                <p/>
                <p>NON-NEGOTIABLE</p>
                <p>The value of NON-NEGOTIABLE will indicate that the associated NR.ATTRIBUTE cannot be negotiated at the arrangement level. Both NEGOTIABLE and NON-NEGOTIABLE cannot be defined together</p>
                <p/>
                <p>OVERRIDE</p>
                <p>Specifies if a default override message should be generated if the default attribute is amended at the arrangement level. If OVERRIDE is not specified, no override will be generated.</p>
                <p/>
                <p>FIX-VALUE</p>
                <p>Specified if the field value is to be fixed at the arrangement level. If FIX-VALUE is not specified the field value will vary with the changes to the underlying product condition.</p>
                <p/>
                <p>MANDATORY</p>
                <p>Specifies if the attribute is mandatory for this product condition. Can only be specified where the attribute is not defined as mandatory in the property class.</p>
                <p/>
                <p>COUNT</p>
                <p>Specified to restrict the number of values that should satisfy the rule specified in NR.ATTRIBUTE.RULE. In absence of a rule, the count refers to the number of multi-value/sub-value.</p>
                <p>If the rule is not satisfied then error/override will be raised based on the NR.MESSAGE mentioned.</p>
            </desc>
        </t>
        <t>
            <field>NR.STD.COMP</field>
            <desc>
                <p>It is possible to define negotiation rules in EB.COMPARISON.TYPE.</p>
                <p/>
                <p/>
                <p/>
                <p>Input must be a valid record from EB.STANDARD.COMPARISON</p>
            </desc>
        </t>
        <t>
            <field>NR.TYPE</field>
            <desc>
                <p>Defines the negotiation rule that is linked to the field defined in &quot;Nr.Attribute&quot;. If an attribute has a negotiation rule linked to it (in associated fields NR.TYPE, NR.VALUE and NR.MESSAGE) the attribute must be defined as negotiable.</p>
                <p>It is possible to define more than one negotiation rule for an attribute</p>
                <p/>
                <p/>
                <p>Input must be a valid record from EB.COMPARISON.TYPE</p>
                <p>This is a multi value set of fields</p>
            </desc>
        </t>
        <t>
            <field>NR.VALUE</field>
            <desc>
                <p>Defines the value that links to the rule in field &quot;Nr.Type&quot;</p>
            </desc>
        </t>
        <t>
            <field>NR.VALUE.SOURCE</field>
        </t>
        <t>
            <field>CLOSE.ONLINE</field>
            <desc>
                <p>Field to indicate whether the account would be closed immediately or in COB. This field accepts value only &quot;YES&quot;.</p>
                <p>Allowed only for Accounts/MultiCcyAccount</p>
            </desc>
        </t>
        <t>
            <field>OVERRIDE</field>
            <desc>
                <p>Standard Override field containing override messages generated by amendments to this property</p>
                <p/>
            </desc>
        </t>
        <t>
            <field>OWNING.COMPANY</field>
            <desc>
                <p>This field is used to capture the T24 Company(ies) that own the Product Condition record. There is no functionality attached to this field and can be used only for access control through SMS verification.</p>
                <p/>
                <p>The input in this field must be a valid record in company table and should belong to current financial group.</p>
                <p/>
                <p>This is a multi value field. Input in this field is optional.</p>
            </desc>
        </t>
        <t>
            <field>POSTING.RESTRICT</field>
            <desc>
                <p>This field Specifies the account closure posting restriction code (defined in POSTING.RESTRICT). This would be used to update the ACCOUNT.CLOSURE record that is automatically created by the system once the close activity is triggered. POSTING.RESTRICT should be between 90 to 99..</p>
            </desc>
        </t>
        <t>
            <field>PR.APP.METHOD</field>
            <desc>
                <p>This will hold two values either DUE or CAPITALISE.This Field denote which application method(DUE or CAPITALISE)should be taken while applying periodic rule charges.</p>
                <p/>
            </desc>
        </t>
        <t>
            <field>PR.APP.PERIOD</field>
            <desc>
                <p>This will have to accept a valid T24 period.This Field will denote the application period for current aplication method.</p>
                <p/>
            </desc>
        </t>
        <t>
            <field>PR.ATTRIBUTE</field>
            <desc>
                <p>These are set of Attributes which define the names of the rule, which will be applied on certain attributes of property classes over a period of time.</p>
                <p/>
                <p/>
                <p>Input must be a valid record from AA.PERIODIC.ATTRIBUTE</p>
            </desc>
        </t>
        <t>
            <field>PR.BRK.CHARGE</field>
            <desc>
                <p>Charge can be collected when the periodic rule is broken</p>
                <p>This field denotes the charge property. The property and its condition is</p>
                <p>defined the product designer and validated during publishing</p>
                <p/>
                <p/>
                <p>Valid charge property</p>
            </desc>
        </t>
        <t>
            <field>PR.BRK.MSG</field>
            <desc>
                <p>Based on the PR.BRK.RES option selected, this will hold either an OVERRIDE or EB.ERROR id. By default the ids will be picked from the associated EB.COMPARISON.TYPE record. If CAP or FLOOR values are given, then the underlying AA.PERIODIC.ATTRIBUTE.CLASS should have this type defined in it.</p>
                <p/>
                <p/>
                <p>Input must be a valid OVERRIDE ID or EB.ERROR ID.</p>
            </desc>
        </t>
        <t>
            <field>PR.BRK.RES</field>
            <desc>
                <p>When a rule is broken what action needs to be taken is defined here. Currently, the various options available are </p>
                <p/>
                <p>Error block further processing</p>
                <p>Override Give an override</p>
                <p>Information  Record details only</p>
                <p>CAP the rule value is to be used as a CAP if the rule is broken</p>
                <p>FLOOR the rule value is to be used as a FLOOR if the rule is broken</p>
                <p/>
                <p/>
                <p>Should be one of the above valid options</p>
            </desc>
        </t>
        <t>
            <field>PR.RESERVED.1</field>
            <desc>
                <p>System field - reserved for future use</p>
                <p/>
            </desc>
        </t>
        <t>
            <field>CLOSURE.ACTIVITY</field>
            <desc>
                <p>No functionality behind this field.</p>
            </desc>
        </t>
        <t>
            <field>PR.RESERVED.2</field>
            <desc>
                <p>System field - reserved for future use</p>
                <p/>
            </desc>
        </t>
        <t>
            <field>PR.RESERVED.3</field>
            <desc>
                <p>System field - reserved for future use</p>
                <p/>
            </desc>
        </t>
        <t>
            <field>PR.VALUE</field>
            <desc>
                <p>This is the actual rule value, which will be applied on certain attributes of the property classes over a period of time.</p>
                <p/>
                <p/>
                <p>Input must be a valid data type defined in the corresponding</p>
                <p>AA.PERIODIC.ATTRIBUTE.CLASS record.</p>
            </desc>
        </t>
        <t>
            <field>PRODUCT.KEY</field>
            <desc>
                <p>This field represents the key to the product level conditions of a property class</p>
                <p>This field basically has three components seperated by a hyphen</p>
                <p>Condition id</p>
                <p>Currency - if the property class is currency based. By default takes up local currency</p>
                <p>Effective date - if the property class is dated</p>
                <p/>
            </desc>
        </t>
        <t>
            <field>STMT.NOS</field>
            <desc>
                <p>System field - not used for property conditions.</p>
            </desc>
        </t>
        <t>
            <field>SYS.RESERVE1</field>
            <desc>
                <p>System field - reserved for future use</p>
                <p/>
            </desc>
        </t>
        <t>
            <field>SYS.RESERVE2</field>
            <desc>
                <p>System field - reserved for future use</p>
                <p/>
            </desc>
        </t>
        <t>
            <field>SYS.RESERVE3</field>
            <desc>
                <p>System field - reserved for future use</p>
                <p/>
            </desc>
        </t>
        <t>
            <field>SYS.RESERVE4</field>
            <desc>
                <p>System field - reserved for future use</p>
                <p/>
            </desc>
        </t>
        <t>
            <field>SYS.RESERVE6</field>
            <desc>
                <p>System field - reserved for future use</p>
                <p/>
            </desc>
        </t>
        <t>
            <field>CLOSURE.METHOD</field>
            <desc>
                <p>This field defines whether the arrangement account would get closed automatically or would be closed manually.</p>
                <p>Allowed Values are MANUAL and AUTOMATIC</p>
                <p>MANUAL - closure activity can be triggered manually when all balances get settled.</p>
                <p>AUTOMATIC - close activity will be triggered on the day in which the activity has been scheduled in AA.SCHEDULED.ACTIVITY.</p>
                <p>Validation Rules:</p>
                <p>Only MANUAL allowed for MultiCcyAccount Product Line</p>
            </desc>
        </t>
        <t>
            <field>SYS.RESERVE7</field>
            <desc>
                <p>System field - reserved for future use</p>
                <p/>
            </desc>
        </t>
        <t>
            <field>TARGET.PRODUCT</field>
            <desc>
                <p>This field denotes the target classic product of the given property class</p>
                <p/>
                <p>The already existing T24 products are mapped using AA infrastructure</p>
                <p>These are called classic products</p>
                <p>These products are mapped to different property clases</p>
                <p/>
            </desc>
        </t>
        <t>
            <field>WAIVE.BILL.TYPE</field>
            <desc>
                <p>This field is to specify if the current, billed or all the components of the Charge/Interest to be waived.</p>
                <p/>
                <p>Validation Rules:</p>
                <p>1. Mandatory Input if COOLING.PERIOD is specified.</p>
                <p>2. Only CURRENT option is allowed for INTEREST.</p>
                <p>3. Only ALL option is allowed for CHARGES.</p>
                <p/>
                <p>Billed is reserved for future use.</p>
            </desc>
        </t>
        <t>
            <field>CLOSURE.PERIOD</field>
            <desc>
                <p>This field specifies the period after which closure activity needs to be scheduled once the arrangement account is identified for closure. (Based on closure Method and Closure type settings).                     This field will not be considered if close activity is triggered manually.                                     (Eg., If CLOSURE.PERIOD is 10 Days, Closure activity would be scheduled 10 days after the balances are settled or after maturity date depending on the CLOSURE.TYPE.)               </p>
                <p>If CLOSURE.PERIOD is NULL , Close activity would be scheduled on the date in which all balances are settled.                           </p>
                <p>Validation rule:</p>
                <p>Valid PERIOD field.</p>
                <p>Maximum of 4 characters</p>
            </desc>
        </t>
        <t>
            <field>CLOSURE.TYPE</field>
            <desc>
                <p>This field defines when the Closure Activity should be triggered.</p>
                <p>Allowed values are DEFER.CLOSURE, MATURITY, BALANCE , NULL</p>
                <p>DEFER.CLOSURE - If closure type is DEFER.CLOSURE, it is mandatory to define DEFER.CLOSURE.PERIOD. Closure activity would be scheduled on or after defer closure date based on the CLOSURE.PERIOD, provided all balances are settled.</p>
                <p>MATURITY - Closure activity would be scheduled on or after maturity date based on CLOSURE PERIOD provided all balances are settled.</p>
                <p>BALANCE - Closure activity would be scheduled once all balances in the arrangement become Zero.</p>
                <p>NULL -  If Closure Method is &quot;Manual&quot; , then CLOSURE.TYPE should be NULL.</p>
            </desc>
        </t>
        <t>
            <field>COOLING.DATE.ADJ</field>
            <desc>
                <p>This field allows user to choose whether the date should be adjusted to the next working day in case the Cooling Date falls on a holiday.</p>
                <p/>
                <p>While setting this field to the option FORWARD, the Cooling date will be adjusted to the next working day if the calculated date falls on a holiday. A NULL value is treated as NO and results in no adjustment to a calculated cooling date.</p>
                <p/>
                <p>Validation Rules:</p>
                <p>1. Optional Field.</p>
                <p>2. The only option is FORWARD.</p>
            </desc>
        </t>
        <t>
            <field>COOLING.PERIOD</field>
            <desc>
                <p>This field is to specify the cooling period of the contract within which the bank can opt to waive the accrued interest/ billed charges.</p>
                <p/>
                <p>Validation Rules:</p>
                <p>1. Optional Field.</p>
                <p>2. Mutually exclusive with COOLING.PERIOD in TERM.AMOUNT property class.</p>
                <p>3. Standard T24 Period.</p>
                <p>4. Allowed only in Days when Cooling Convention is given as Working Days</p>                
            </desc>
        </t>
        <t>
            <field>COOLING.WAIVE.CLASS</field>
            <desc>
                <p>This field is to define the property classes for which waive/refund has to be opted.</p>
                <p/>
                <p>The option available are</p>
                <p>1. To waive accrued interest.</p>
                <p>2. To waive billed charges. The settled charges will be refunded too.</p>
                <p/>
                <p>Validation Rules:</p>
                <p>1. Either COOLING.WAIVE.CLASS or COOLING.WAIVE.PROP is mandatory with COOLING.PERIOD.</p>
                <p>2. The only options allowed are INTEREST and CHARGES.</p>
            </desc>
        </t>
        <t>
            <field>COOLING.CONVENTION</field>
            <desc>
                <p>The input in this field decides the calculation of the Cooling date will be considered the Calendar days or working days.</p>
                <p>Allowed options are two</p>
                <p>1. WORKING.DAYS - Considers only working days during cooling period calculation</p>
                <p>2. BLANK - Considers all the calendar days for cooling period calculation.</p>
                <p/>
                <p>Validation Rules:</p>
                <p>1. Input in this field allowed only once when cooling period given.  This is no change field. </p>
                <p>2. Input allowed only when user input the Cooling Period.</p>
                <p/>                
                <p>Example -  Create new arrangement effective on 17th April 2019 with Cooling Period as 7D and 20th April 2019, 21st April 2019 falls on a holiday. </p>
                <p>The Cooling date Calculation will be vary based on Cooling Convention. </p>
                <p>BLANK –  System will consider all the Calendar days and has calculate the cooling date as 24th April 2019. </p>
                <p>WORKING.DAYS - System will consider only working days and has calculate the cooling date as 26th April 2019. </p>                
            </desc>
        </t>            
    <t><field>API.ATTRIBUTE</field><desc><p>Help Text for this field is unavailable.  Please refer to the T24 User Guides for further information.</p></desc></t></menu>
</t24help>
