<?xml version="1.0" encoding="utf-8"?>
<t24help xmlns:xsi="http://www.w3.org/2001/XMLSchema-instance">
    <header>
        <product>AA</product>
        <table>AA.PRD.PRF.PRODUCT.BUNDLE</table>
    </header>
    <menu>
        <t>
            <field>AUDITOR.CODE</field>
        </t>
        <t>
            <field>AUTHORISER</field>
        </t>
        <t>
            <field>CHANGED.FIELDS</field>
        </t>
        <t>
            <field>CO.CODE</field>
        </t>
        <t>
            <field>CURR.NO</field>
        </t>
        <t>
            <field>CURRENCY.MINIMUM</field>
            <desc>
                <p>CURRENCY.MINIMUM is given then inputted ARRANGEMENTs should not be less than MINIMUM.</p>
            </desc>
        </t>
        <t>
            <field>DATE.TIME</field>
        </t>
        <t>
            <field>DEFAULT.ATTR.OPTION</field>
            <desc>
                <p>Optional field - Allowed Values are RESETTING and NON-RESETTING.</p>
                <p>RESETTING - During any Renewal Activities (for ex : CHANGE.PRODUCT) the property conditions will be reset from the product.</p>
                <p>NON-RESETTING - During any Renewal Activities property conditions will be maintained from the Arrangement level.</p>
                <p>The overall definition may be stated as RESETTING and certain individual attributes may be set to NON-RESETTING as well. This could be done using the NR.ATTRIBUTE fields.</p>
                <p> Leaving the field blank sets NON-RESETTING as the default option.</p>
                <p/>
            </desc>
        </t>
        <t>
            <field>DEFAULT.NEGOTIABLE</field>
            <desc>
                <p>Defines whether all attributes (fields) can be negotiable or not. The overall definition may be stated as NON-NEGOTIABLE and certain individual attributes may be set to NEGOTIABLE as well. This could be done using the NR.ATTRIBUTE fields.</p>
                <p/>
                <p>This field is Mandatory</p>
                <p>Valid options are YES and NO</p>
            </desc>
        </t>
        <t>
            <field>DEPT.CODE</field>
        </t>
        <t>
            <field>ACCOUNT.REF</field>
            <desc>
                <p>Reserved for future use</p>
            </desc>
        </t>
        <t>
            <field>DESCRIPTION</field>
            <desc>
                <p>Valid description to a Condition at the Product level. Allows Language specific description to be entered.</p>
            </desc>
        </t>
        <t>
            <field>FULL.DESCRIPTION</field>
        </t>
        <t>
            <field>ID.COMP.1</field>
            <desc>
                <p>Contains the arrangement number, extracted from the first component of the id</p>
                <p>Not applicable at product level</p>
                <p>System updated field no input allowed</p>
            </desc>
        </t>
        <t>
            <field>ID.COMP.2</field>
            <desc>
                <p>The action that was triggered on the arrangement property</p>
                <p>The action is taken from ACTIVITY.CLASS record of the underlying AA.ARRANGEMENT.ACTIVITY request that caused the record to be modified</p>
            </desc>
        </t>
        <t>
            <field>ID.COMP.3</field>
            <desc>
                <p>Contains the effective date of the property condition</p>
                <p>Not applicable at product level</p>
                <p>System updated field no input allowed</p>
            </desc>
        </t>
        <t>
            <field>ID.COMP.4</field>
            <desc>
                <p>Reserved for future use</p>
                <p>Not applicable at product level</p>
                <p>System field no input allowed</p>
            </desc>
        </t>
        <t>
            <field>ID.COMP.5</field>
            <desc>
                <p>Reserved for future use</p>
                <p>Not applicable at product level</p>
                <p>System field no input allowed</p>
            </desc>
        </t>
        <t>
            <field>ID.COMP.6</field>
            <desc>
                <p>Reserved for future use</p>
                <p>Not applicable at product level</p>
                <p>System field no input allowed</p>
            </desc>
        </t>
        <t>
            <field>INPUTTER</field>
        </t>
        <t>
            <field>LIMIT.TYPE</field>
            <desc>
                <p>This field denotes the credit facility type of Master account. Allowed values are</p>
                <p>MCCF-Multi Currency Credit Facility             </p>
                <p>SCCF-Single Currency Credit Facility</p>
                <p>MCF-Multi Currency Facility</p>
                <p>SCF-Single Currency Facility</p>
            </desc>
        </t>
        <t>
            <field>ADD.TERM</field>
        </t>
        <t>
            <field>MASTER.ACC.NAME</field>
            <desc>
                <p>This field denotes the master account name.</p>
            </desc>
        </t>
        <t>
            <field>MASTER.ALTERNATE.REFERENCE</field>
            <desc>
                <p>Represents the Recipient of the bundle.</p>
                <p>Must be a Valid Alternate id.Eg:LENDING~012920390</p>
                <p>Must be one of the valid field value of ALTERNATE.REF field.</p>
            </desc>
        </t>
        <t>
            <field>MASTER.ARRANGEMENT</field>
            <desc>
                <p>Represents the Recipient of the bundle.</p>
                <p>Must be a valid Arrangement. </p>
                <p>Must be one of the valid field value of ARRANGEMENT field.</p>
            </desc>
        </t>
        <t>
            <field>MASTER.LIVE.DATE</field>
            <desc>
                <p>This field denotes the pool go live date. It must be a future dated working date. Effectively, at Start of Day of that date, the Bundle in Pending Live (NEW.OFFER) status would be brought to Live (NEW)</p>
            </desc>
        </t>
        <t>
            <field>MASTER.TYPE</field>
            <desc>
                <p>Indicates to which Interest compensation property should the master refer to for processing. The field serves 2 purposes:</p>
                <p>Indicates which Arrangement in the list acts as a MASTER(Recipient). Typically, there can only be ONE master. All other arrangements are automatically assumed to be Donors.</p>
                <p>Indicates which Interest compensation property should the system refer to for processing the Donors and Recipients</p>
                <p>Validation Rules:</p>
                <p>1. Should be a Valid entry in AA.PROPERTY record</p>
                <p>2. The Property should belong to INTEREST.COMPENSATION property class</p>
                <p>3. There can only be ONE entry in a condition record since there can only be one master</p>
            </desc>
        </t>
        <t>
            <field>MAXIMUM</field>
            <desc>
                <p>This field is used to capture the T24 Company(ies) that own the Product Condition record. There is no functionality attached to this field and can be used only for access control through SMS verification.</p>
                <p>The input in this field must be a valid record in company table and should belong to current financial group.</p>
                <p>This is a multi value field. Input in this field is optional.</p>
            </desc>
        </t>
        <t>
            <field>MINIMUM</field>
            <desc>
                <p>MINIMUM is given then inputted ARRANGEMENTs should not be less than MINIMUM</p>
                <p>If PRODUCT.GROUP is defined without PRODUCT then MINIMUM will be applicable for PRODUCT.GROUP.</p>
                <p> If PRODUCT is available along with PRODUCT.GROUP then MINIMUM will be applicable for PRODUCT.</p>
            </desc>
        </t>
        <t>
            <field>NEGOTIATED.FLDS</field>
            <desc>
                <p>No input and multi value field that lists the attributes on the arrangement property record that have been fixed and/or negotiated. These are stored when the arrangement level record is committed. Once an attribute has been fixed or negotiated it will remain in negotiated field list on all subsequent dated versions of the property.</p>
            </desc>
        </t>
        <t>
            <field>NR.ATTRIBUTE</field>
            <desc>
                <p>Defines which individual attribute (field) has the negotiation rules defined in fields "Nr.Negotiable" through to "Nr.Message"</p>
                <p/>
                <p>Must be a valid field name within this property</p>
                <p>This field is part of a multi value set</p>
            </desc>
        </t>
        <t>
            <field>NR.ATTRIBUTE.RULE</field>
        </t>
        <t>
            <field>ALLOWED.CURRENCY</field>
            <desc>
                <p>If this field is set then all the participents of the bundle should belongs to these curreny. </p>
                <p>Out of the currency arrangements will not be allowed in the bundle.</p>
            </desc>
        </t>
        <t>
            <field>NR.MESSAGE</field>
            <desc>
                <p>This field indicates whether to raise error or override message when rule is broken</p>
                <p>Allows only two values ERROR or OVERRIDE</p>
                <p>ERROR error message is raised</p>
                <p>OVERRIDE Override message is generated</p>
            </desc>
        </t>
        <t>
            <field>NR.OPTIONS</field>
            <desc>
                <p>Defines named values to indicate if an option applies to the associated NR.ATTRIBUTE. More than one option can be associated with the NR.ATTRIBUTE, with certain restrictions.</p>
                <p/>
                <p>Valid Inputs are NEGOTIABLE, NON-NEGOTIABLE, OVERRIDE, FIX-VALUE, MANDATORY, COUNT as described below: - </p>
                <p>NEGOTIABLE</p>
                <p>The value of NEGOTIABLE will indicate that the associated NR.ATTRIBUTE can be negotiated at the arrangement level.</p>
                <p>NON-NEGOTIABLE</p>
                <p>The value of NON-NEGOTIABLE will indicate that the associated NR.ATTRIBUTE cannot be negotiated at the arrangement level. Both NEGOTIABLE and NON-NEGOTIABLE cannot be defined together </p>
                <p>OVERRIDE</p>
                <p>Specifies if a default override message should be generated if the default attribute is amended at the arrangement level. If OVERRIDE is not specified, no override will be generated.</p>
                <p>FIX-VALUE</p>
                <p>Specified if the field value is to be fixed at the arrangement level. If FIX-VALUE is not specified the field value will vary with the changes to the underlying product condition.</p>
                <p>MANDATORY</p>
                <p>Specifies if the attribute is mandatory for this product condition. Can only be specified where the attribute is not defined as mandatory in the property class.</p>
                <p>COUNT</p>
                <p>Specified to restrict the number of values that should satisfy the rule specified in NR.ATTRIBUTE.RULE. In absence of a rule, the count refers to the number of multi-value/sub-value.</p>
                <p>If the rule is not satisfied then error/override will be raised based on the NR.MESSAGE mentioned.</p>
            </desc>
        </t>
        <t>
            <field>NR.STD.COMP</field>
            <desc>
                <p>Negotiation rules may be defined as a standard types in EB.STANDARD.COMPARISON. And those types may be used in this field.</p>
                <p/>
                <p>Input must be a valid record from EB.STANDARD.COMPARISON</p>
            </desc>
        </t>
        <t>
            <field>NR.TYPE</field>
            <desc>
                <p>Defines the negotiation rule that is linked to the field defined in "Nr.Attribute". If an attribute has a negotiation rule linked to it (in associated fields NR.TYPE, NR.VALUE and NR.MESSAGE) the attribute must be defined as negotiable.</p>
                <p>It is possible to define more than one negotiation rule for an attribute</p>
                <p/>
                <p>Input must be a valid record from EB.COMPARISON.TYPE</p>
                <p>This is a multi value set of fields</p>
            </desc>
        </t>
        <t>
            <field>NR.VALUE</field>
            <desc>
                <p>Defines the value that links to the rule in field "Nr.Type". For example, if the rule is not to allow a value to go below 10, then the Value of 10 has to be stated in this field and together with NR.TYPE would evaluate the rule.</p>
            </desc>
        </t>
        <t>
            <field>NR.VALUE.SOURCE</field>
        </t>
        <t>
            <field>OWNING.COMPANY</field>
            <desc>
                <p>This field is used to capture the T24 Company(ies) that own the Product Condition record. There is no functionality attached to this field and can be used only for access control through SMS verification.</p>
                <p/>
                <p>The input in this field must be a valid record in company table and should belong to current financial group.</p>
                <p/>
                <p>This is a multi value field. Input in this field is optional.</p>
            </desc>
        </t>
        <t>
            <field>PARTICIPANT.CURRENCY</field>
            <desc>
                <p>Indicate all the donors of the bundle belongs to same currency as recipient currency.</p>
                <p>This will accept RECIPIENT and ANY.</p>
            </desc>
        </t>
        <t>
            <field>PARTICIPANT.OWNER</field>
            <desc>
                <p>Indicates All the participents in the bundle belongs to same customer reference.</p>
                <p>This will accept BUNDLE.OWNER and ANY.</p>
            </desc>
        </t>
        <t>
            <field>PR.APP.METHOD</field>
            <desc>
                <p>This will hold two values either DUE, CAPITALISE or DEFER. This Field denote which application method(DUE or CAPITALISE)should be taken while applying periodic rule charges. DEFER would not make anything DUE immediately. An option may be stated to define how long to defer.</p>
            </desc>
        </t>
        <t>
            <field>ALT.ID</field>
            <desc>
                <p>This field value will be populated based on the Local API attached for the previous ALT.ID.TYPE field. The account identifiers by which the user's T24 Bundle Arrangement is alternatively identified can be linked to the Arrangement using this field. ALT.ID.TYPE and ALT.ID fields of AA.ARRANGEMENT is maintained by this field. </p>
                <p/>
                <p>Validation Rules:</p>
                <p>Multi-valued field.</p>
                <p>Format is dependent on the definitions in the ALT.ACCT.PARAMETER application.</p>
                <p>Entries in this field will be validated in accordance with the rules defined for each alternate account system in the ALT.ACCT.PARAMETER application.</p>
            </desc>
        </t>
        <t>
            <field>PR.APP.PERIOD</field>
            <desc>
                <p>This will have to accept a valid T24 period.The field indicates the period which is used for Evaluation of a rule. For example: If a field should not be allowed to increase more than 10000 with in a period of 1M, the field would actually hold the "1M" value.</p>
            </desc>
        </t>
        <t>
            <field>PR.ATTRIBUTE</field>
            <desc>
                <p>These are set of Attributes which define the names of the rule, which will be applied on certain attributes of property classes over a period of time. </p>
                <p/>
                <p>Input must be a valid record from AA.PERIODIC.ATTRIBUTE</p>
            </desc>
        </t>
        <t>
            <field>PR.BRK.CHARGE</field>
            <desc>
                <p>Charge can be collected when the periodic rule is broken.</p>
                <p>This field denotes the charge property. The property and its condition is defined the product designer and validated during publishing.</p>
                <p/>
                <p>Valid charge property</p>
            </desc>
        </t>
        <t>
            <field>PR.BRK.MSG</field>
            <desc>
                <p>Based on the PR.BRK.RES option selected, this will hold either an OVERRIDE or EB.ERROR id. By default the ids will be picked from the associated EB.COMPARISON.TYPE record. If CAP or FLOOR values are given, then the underlying AA.PERIODIC.ATTRIBUTE.CLASS should have this type defined in it.</p>
                <p/>
                <p>Input must be a valid OVERRIDE ID or EB.ERROR ID.</p>
            </desc>
        </t>
        <t>
            <field>PR.BRK.RES</field>
            <desc>
                <p>When a rule is broken what action needs to be taken is defined here. Currently, the various options available are </p>
                <p>Error - Blocks further processing </p>
                <p>Override - Gives an override </p>
                <p>Information - Records details only</p>
                <p>CAP the rule value is to be used as a CAP if the rule is broken(basically for Interest processing during COB)</p>
                <p>FLOOR the rule value is to be used as a FLOOR if the rule is broken.</p>
                <p/>
                <p>(basically for Interest processing during COB)</p>
                <p>Should be one of the above valid options</p>
            </desc>
        </t>
        <t>
            <field>PR.RESERVED.1</field>
            <desc>
                <p>System field - reserved for future use</p>
                <p/>
            </desc>
        </t>
        <t>
            <field>PR.RESERVED.2</field>
            <desc>
                <p>System field - reserved for future use</p>
                <p/>
            </desc>
        </t>
        <t>
            <field>PR.RESERVED.3</field>
            <desc>
                <p>System field - reserved for future use</p>
                <p/>
            </desc>
        </t>
        <t>
            <field>PR.VALUE</field>
            <desc>
                <p>This is the actual rule value, which will be applied on certain attributes of the property classes over a period of time.</p>
                <p/>
                <p>Input must be a valid data type defined in the corresponding</p>
                <p>AA.PERIODIC.ATTRIBUTE.CLASS record.</p>
            </desc>
        </t>
        <t>
            <field>PRODUCT</field>
            <desc>
                <p>Bundle Definition is enhanced to allow specification of participating arrangements at their Product level.</p>
                <p>Ex, if a Notional Pooling allows only a certain type of "Checking Account" to be participants, then an existing Normal Current Account might need to be changed to "Checking Account" product before it can be added to a Bundle</p>
                <p>In the example above, both "Checking Account" and "Normal Current Account" will be part of the ‘Current Accounts’ Product Group.</p>
                <p>However, in the Bundle condition, instead of specifying this product group, we would instead, specify ‘Checking Account’ in a new field that can accept a valid AA Product.</p>
                <p>This new field will be mutually exlcusive to the existing Product Group field. Either the Product Group or a Product should be required</p>
                <p>Allow multiple products to be added for a product group and arrangements to it</p>
                <p>At arrangement level, validate the participants against these products specified</p>
            </desc>
        </t>
        <t>
            <field>ALTERNATE.REF</field>
            <desc>
                <p>Reserved for future use</p>
            </desc>
        </t>
        <t>
            <field>PRODUCT.GROUP</field>
            <desc>
                <p>Indicates the list of product groups that form part of this bundle product. If a customer needs to  have certain products mandatorily, then they may be flagged as MANDATORY and a customer cannot participate in a bundle if the pre-requisite is not met.</p>
                <p>Validation Rules:</p>
                <p>1. Mandatory field</p>
                <p>2. Should be a valid entry in AA.PRODUCT.GROUP</p>
            </desc>
        </t>
        <t>
            <field>PRODUCT.KEY</field>
            <desc>
                <p>This field represents the key to the product level conditions of a property class </p>
                <p>This field basically has three components seperated by a hyphen</p>
                <p>Condition id</p>
                <p>Currency - if the property class is currency based. By default takes up local currency</p>
                <p>Effective date - if the property class is dated</p>
            </desc>
        </t>
        <t>
            <field>RECORD.STATUS</field>
        </t>
        <t>
            <field>REFERENCE.CCY</field>
            <desc>
                <p>A Bundle Arrangement can have a Reference Currency specified that can then be used for (1) Valuation purposes - the balances at the Bundle level would then be shown with reference to this Currency and (2) For the Pool Orchestration in case of a Bundle Hierarchy with Multi Currency Participant Accounts, system would nominate the Account belonging to this Currency as the Recipient for Interest Compensation purposes</p>
            </desc>
        </t>
        <t>
            <field>SETTLE.ARRANGEMENT</field>
            <desc>
                <p>An EPP arrangement will be mentioned , the field is mantdatory when there is a charge mentioned and settlement is missing in arrangement.</p>
                <p/>
            </desc>
        </t>
        <t>
            <field>STMT.NOS</field>
            <desc>
                <p>System field - not used for property conditions</p>
                <p/>
            </desc>
        </t>
        <t>
            <field>SYS.RESERVE1</field>
            <desc>
                <p>System field - reserved for future use</p>
                <p/>
            </desc>
        </t>
        <t>
            <field>SYS.RESERVE2</field>
            <desc>
                <p>System field - reserved for future use</p>
                <p/>
            </desc>
        </t>
        <t>
            <field>SYS.RESERVE3</field>
            <desc>
                <p>System field - reserved for future use</p>
                <p/>
            </desc>
        </t>
        <t>
            <field>SYS.RESERVE6</field>
            <desc>
                <p>System field - reserved for future use</p>
                <p/>
            </desc>
        </t>
        <t>
            <field>API.ATTRIBUTE</field>
        </t>
        <t>
            <field>SYS.RESERVE7</field>
            <desc>
                <p>System field - reserved for future use</p>
                <p/>
            </desc>
        </t>
        <t>
            <field>TARGET.PRODUCT</field>
            <desc>
                <p>This field denotes the target classic product of the given property class</p>
                <p>The already existing T24 products are mapped using AA infrastructure</p>
                <p>These are called classic products</p>
                <p>These products are mapped to different property clases</p>
            </desc>
        </t>
        <t>
            <field>ARR.CURRENCY</field>
            <desc>
                <p>Participants currency is defaulted to this field. Must be a valid input of CURRECY table.</p>
            </desc>
        </t>
        <t>
            <field>ARRANGEMENT</field>
            <desc>
                <p>Indicates the participants of this bundle</p>
                <p/>
                <p>Should exist as a valid AA.ARRANGEMENT</p>
                <p/>
                <p>If MINIMUM flag is set on the multi-value, the field becomes mandatory.</p>
                <p>Otherwise, an optional input</p>
            </desc>
        </t>
        <t>
            <field>AUDIT.DATE.TIME</field>
        </t>
    <t><field>CURRENCY.MAXIMUM</field><desc><p>Help Text for this field is unavailable.  Please refer to the T24 User Guides for further information.</p></desc></t><t><field>GENERATE.IBAN</field><desc><p>Help Text for this field is unavailable.  Please refer to the T24 User Guides for further information.</p></desc></t><t><field>ALT.ID.TYPE</field><desc><p>Help Text for this field is unavailable.  Please refer to the T24 User Guides for further information.</p></desc></t><t><field>LIVE.DATE</field><desc><p>Help Text for this field is unavailable.  Please refer to the T24 User Guides for further information.</p></desc></t><t><field>MASTER.PRODUCT</field><desc><p>Help Text for this field is unavailable.  Please refer to the T24 User Guides for further information.</p></desc></t><t><field>BUNDLE.CONSTITUTION</field><desc><p>Help Text for this field is unavailable.  Please refer to the T24 User Guides for further information.</p></desc></t><t><field>ARR.INFO.ONLY</field><desc><p>Help Text for this field is unavailable.  Please refer to the T24 User Guides for further information.</p></desc></t><t><field>ARR.ROLE</field><desc><p>Help Text for this field is unavailable.  Please refer to the T24 User Guides for further information.</p></desc></t></menu>
</t24help>
