<?xml version="1.0" encoding="utf-8"?>
<t24help xmlns:xsi="http://www.w3.org/2001/XMLSchema-instance">
    <header>
        <product>AA</product>
        <table>AA.PRD.CAT.FEES</table>
    </header>
    <overview>
        <ovdesc>
            <p>The FEES property class is used to define fee charge. To define charges related to an activity this class can be used in Activity charge property class and in periodic charges property class.</p>
        </ovdesc>
    </overview>
    <menu>
        <t>
            <field>PRODUCT.KEY</field>
            <desc>
               <desc>
                <p>This field represents the key to the product level conditions of a property class</p>
                <p>This field basically has three components seperated by a hyphen</p>
                <p>Condition id</p>
                <p>Currency - if the property class is currency based. By default takes up local currency</p>
                <p>Effective date - if the property class is dated</p>
                <p/>
            </desc>
            </desc>
        </t>
        <t>
            <field>DESCRIPTION</field>
            <desc>
                <p>Describes this condition record and is used for enrichment.</p>
                <p/>
                <p>This field can be expanded to allow the User to enter the Description of the property condition in various languages. Each expansion of the field will correspond to a new Language as defined in the LANGUAGE table (Ref: GENERAL TABLES), and will indicate to the User the Language in which the Description must be entered.</p>
                <p/>
                <p/>
                <p>Up to 35 type A (alphanumeric) characters</p>
                <p/>
            </desc>
        </t>
        <t>
            <field>FULL.DESCRIPTION</field>
            <desc>
                <p>Describes this condition record and is used for enrichment.</p>
                <p/>
            </desc>
        </t>
        <t>
            <field>PROPERTY</field>
            <desc>
                <p>Specifies the Charge Property name.</p>
            </desc>
        </t>
        <t>
            <field>TYPE</field>
            <desc>
                <p>Specifies the calculation type of the Charge property.</p>
                <p>Valid values are Flat,Percentage,Unit,Routine.</p>
                <p>Percentage and Unit option will be allowed only if Calculation source in Product Designer (or at the Property level) is defined for the charge property.</p>
            </desc>
        </t>
        <t>
            <field>TIERS</field>
            <desc>
                <desc>
                <p>Specifies whether the charge definition is tiered or not. If tiered, whether the method of calculation is Level or Band.</p>
                <p>Valid values are No or Null(default),Bands,Level</p>
                <p>Level and Band option will be allowed only if Calculation source or Tier Calculation source in Product Designer is defined for the Charge property.</p>
                <p>Restricted for ‘Routine’ CALC.TYPE.</p>
            </desc>
            </desc>
        </t>
        <t>
            <field>TIER.VALUE.TYPE</field>
            <desc>
                <p>Specifies the criteria / dimension based on which tiers are defined.</p>
                <p>Valis values are AMOUNT and COUNT
                </p>
            </desc>
        </t>
        <t>
            <field>CALC.VALUE</field>
            <desc>
                <p>Defines charge calculation type to be applied for charge calculations.</p>
                <p/>
                <p>        It will accept FLAT, PERCENTAGE, UNIT.</p>
                <p/>
                <p/>
                <p>        FLAT - Amount defined in CHG.AMOUNT to used for the associated tier set.  PERCENTAGE - Rate defined in CHARGE.RATE to be applied for the associated tier set.</p>
                <p/>
                <p>        UNIT - Multiplication factor defined in CHG.AMOUNT to be applied for calculating charge.</p>
                <p/>
                <p/>
                <p/>
                <p/>
                <p>        This field is mandatory when CHARGE.TYPE is CALCULATED.</p>
                <p/>
                <p/>
                <p>     Ex1: Calc Type = Flat</p>
                <p/>
                <p>     Charge rate = NULL</p>
                <p>     Chg Amount = 10</p>
                <p>     Tier Max Charge = 15</p>
                <p>     Tier Min Charge = 12</p>
                <p>     Tier Amount = 1000</p>
                <p>     Charge amount for this tier = 10</p>
                <p/>
                <p/>
                <p>     EX2: Calc type = Percentage</p>
                <p/>
                <p>     Charge rate = 1</p>
                <p>     Chg Amount = NULL</p>
                <p>     Tier Max Charge = 15</p>
                <p>     Tier Min Charge = 12</p>
                <p>     Tier Amount = 1000</p>
                <p>     Charge amount for this tier = 1000 * 1% = 10 </p>
                <p>     This is less than Tier Min charge and therefore Charge amount = 12</p>
                <p/>
                <p/>
                <p>     Ex3: Calc Type = UNIT</p>
                <p/>
                <p>     Charge rate = NULL</p>
                <p>     Chg Amount = 0.1</p>
                <p>     Tier Max Charge = 15</p>
                <p>     Tier Min Charge = 12</p>
                <p>     Tier Amount = 1000</p>
                <p>     Charge amount for this tier = 1000 * 0.1 = 100</p>
                <p>     This is greater than Tier Max Charge and therefore Charge amount = 15</p>
            </desc>
        </t>
        <t>
            <field>TIER.START</field>
            <desc>
                <p>Specifies the start value for the tier.</p>
                <p>If tiers are used the first value can be null (which is equivalent to 0). This is the most common configuration. If there is a value other than null or 0, then the tier starts at that value (e.g. 1000) and it is treated like the Calc Threshold in the Charge PC.</p>
                <p>Value specified will be validated against the data type of the source type defined in the product designer for the charge property.</p>
            </desc>
        </t>
        <t>
            <field>MIN.AMOUNT</field>
            <desc>
                <p>Defines a minimum amount which must be charged for the associated Fee. If the calculated amount is less than this amount, the minimum amount will be charged instead (i.e. charge floor).</p>
            </desc>
        </t>
        <t>
            <field>MAX.AMOUNT</field>
            <desc>
                <p>Defines a maximum amount which must be charged for the associated Fee. If the calculated amount is greater than this amount, the maximum amount will be charged instead (i.e. charge cap).</p>
            </desc>
        </t>
        <t>
            <field>CURRENCY</field>
            <desc>
                <p>Specifies the Currency in which all charges defined within the Fees property will be calculated.</p>
                <p>It is an optional field, will use the arrangement currency if not defined.</p>
            </desc>
        </t>
        <t>
            <field>ROUNDING.RULE</field>
            <desc>
                <p>Defines the rounding rule for the calculated charge amount. The rule can be, round the charge amount either upwards or downwards or natural.</p>
                <p/>
                <p/>
                <p/>
                <p/>
                <p/>
                <p>        Should be a valid record in EB.ROUNDING.RULE.</p>
                <p/>
                <p/>
                <p>        Optional field, if null takes the rounding rule specified in CURRENCY record.</p>
                <p/>
                <p>        For more information please refer EB.ROUNDING.RULE helptext.</p>
            </desc>
        </t>
        <t>
            <field>INTERNAL.BOOKING</field>
            <desc>
                <p>Income / expense will be posted to internal account category specified in Accounting condition instead of PL categories.</p>
                <p>This will accept YES or NULL</p>
            </desc>
        </t>
        <t>
            <field>PR.ATTRIBUTE</field>
            <desc>
                <p>These are set of Attributes which define the names of the rule, which will be applied on certain attributes of property classes over a period of time.</p>
                <p/>
                <p/>
                <p>Input must be a valid record from AA.PERIODIC.ATTRIBUTE</p>
            </desc>
        </t>
        <t>
            <field>PR.VALUE</field>
            <desc>
                <p>This is the actual rule value, which will be applied on certain attributes of the property classes over a period of time.</p>
                <p/>
                <p/>
                <p>Input must be a valid data type defined in the corresponding</p>
                <p>AA.PERIODIC.ATTRIBUTE.CLASS record.</p>
            </desc>
        </t>
        <t>
            <field>PR.BRK.CHARGE</field>
            <desc>
                <p>Charge can be collected when the periodic rule is broken</p>
                <p>This field denotes the charge property. The property and its condition is</p>
                <p>defined the product designer and validated during publishing</p>
                <p/>
                <p/>
                <p>Valid charge property</p>
            </desc>
        </t>
        <t>
            <field>PR.BRK.MSG</field>
            <desc>
                <p>Based on the PR.BRK.RES option selected, this will hold either an OVERRIDE or EB.ERROR id. By default the ids will be picked from the associated EB.COMPARISON.TYPE record. If CAP or FLOOR values are given, then the underlying AA.PERIODIC.ATTRIBUTE.CLASS should have this type defined in it.</p>
                <p/>
                <p/>
                <p>Input must be a valid OVERRIDE ID or EB.ERROR ID.</p>
            </desc>
        </t>
        <t>
            <field>PR.BRK.RES</field>
            <desc>
                <p>When a rule is broken what action needs to be taken is defined here. Currently, the various options available are </p>
                <p/>
                <p>Error block further processing</p>
                <p>Override Give an override</p>
                <p>Information  Record details only</p>
                <p>CAP the rule value is to be used as a CAP if the rule is broken</p>
                <p>FLOOR the rule value is to be used as a FLOOR if the rule is broken</p>
                <p/>
                <p/>
                <p>Should be one of the above valid options</p>
            </desc>
        </t>
        <t>
            <field>PR.APP.METHOD</field>
            <desc>
                <p>Used by MSO to define whether fee can be waived or not</p>
            </desc>
        </t>
        <t>
            <field>PR.APP.PERIOD</field>
            <desc>
                <p>This field accepts only a valid Period.</p>
                <p>Value in this field will be considered as calendar days. </p>
                <p>Input allowed only when the charge is set to amortize.</p>
            </desc>
        </t>
        <t>
            <field>OWNING.COMPANY</field>
            <desc>
                <p>This field is used to capture the T24 Company(ies) that own the Product Condition record. There is no functionality attached to this field and can be used only for access control through SMS verification.</p>
                <p/>
                <p>The input in this field must be a valid record in company table and should belong to current financial group.</p>
                <p/>
                <p>This is a multi value field. Input in this field is optional.</p>
            </desc>
        </t>
        
        <t>
            <field>DEFAULT.ATTR.OPTION</field>
            <desc>
                <p>Optional field - Allowed Values are RESETTING and NON-RESETTING.</p>
                <p/>
                <p> RESETTING - During any Renewal Activities (for eg : change.product, rollover or reset) the property conditions will be reset from the product.</p>
                <p/>
                <p> NON-RESETTING - During any Renewal Activities property conditions will be maintained from the Arrangement level.</p>
                <p/>
                <p> Leaving the field blank sets NON-RESETTING as the default option.</p>
                <p/>
            </desc>
        </t>
        <t>
            <field>DEFAULT.NEGOTIABLE</field>
            <desc>
                <p>Defines whether all attributes (fields) can be negotiable or not.</p>
                <p/>
                <p/>
                <p>This field is Mandatory</p>
                <p>Valid options are YES and NO</p>
            </desc>
        </t>
        <t>
            <field>NR.ATTRIBUTE</field>
            <desc>
                <p>Defines which individual attribute (field) has the negotiation rules defined in fields &quot;Nr.Negotiable&quot; through to &quot;Nr.Message&quot;</p>
                <p/>
                <p/>
                <p>Must be a valid field name within this property</p>
                <p>This field is part of a multi value set</p>
            </desc>
        </t>
        <t>
            <field>NR.ATTRIBUTE.RULE</field>
            <desc>
                <p>Field is use to indicate the rules to be executed against certain fields for a property during product creation or arrangement creation.</p>
                <p>Rule here is specified as conditional expression with fields in the product condition to be evaluated.</p>
                <p>Multi-valued for a product condition.</p>
            </desc>
        </t>
        <t>
            <field>NR.MESSAGE</field>
            <desc>
                <p>This field indicates whether to raise error or override message when rule is broken</p>
                <p>Allows only two values ERROR or OVERRIDE</p>
                <p>ERROR error message is raised</p>
                <p>OVERRIDE Override message is generated</p>
                <p/>
            </desc>
        </t>
        <t>
            <field>NR.OPTIONS</field>
            <desc>
                <p>Defines named values to indicate if an option applies to the associated NR.ATTRIBUTE. More than one option can be associated with the NR.ATTRIBUTE, with certain restrictions.</p>
                <p/>
                <p/>
                <p>Valid Inputs are NEGOTIABLE, NON-NEGOTIABLE, OVERRIDE, FIX-VALUE, MANDATORY as described below: -</p>
                <p/>
                <p>NEGOTIABLE</p>
                <p>The value of NEGOTIABLE will indicate that the associated NR.ATTRIBUTE can be negotiated at the arrangement level.</p>
                <p/>
                <p>NON-NEGOTIABLE</p>
                <p>The value of NON-NEGOTIABLE will indicate that the associated NR.ATTRIBUTE cannot be negotiated at the arrangement level. Both NEGOTIABLE and NON-NEGOTIABLE cannot be defined together</p>
                <p/>
                <p>OVERRIDE</p>
                <p>Specifies if a default override message should be generated if the default attribute is amended at the arrangement level. If OVERRIDE is not specified, no override will be generated.</p>
                <p/>
                <p>FIX-VALUE</p>
                <p>Specified if the field value is to be fixed at the arrangement level. If FIX-VALUE is not specified the field value will vary with the changes to the underlying product condition.</p>
                <p/>
                <p>MANDATORY</p>
                <p>Specifies if the attribute is mandatory for this product condition. Can only be specified where the attribute is not defined as mandatory in the property class.</p>
            </desc>
        </t>        
        <t>
            <field>NR.VALUE.SOURCE</field>
            <desc>
                <p>Specifies the source to be used for validating the limit for payment. Should be a valid record from AC.BALANCE.TYPE.</p>
            </desc>
        </t>
           <t>
            <field>NR.STD.COMP</field>
            <desc>
                <p>It is possible to define negotiation rules in EB.COMPARISON.TYPE.</p>
                <p/>
                <p/>
                <p/>
                <p>Input must be a valid record from EB.STANDARD.COMPARISON</p>
            </desc>
        </t>
        <t>
            <field>NR.TYPE</field>
            <desc>
                <p>Defines the negotiation rule that is linked to the field defined in &quot;Nr.Attribute&quot;. If an attribute has a negotiation rule linked to it (in associated fields NR.TYPE, NR.VALUE and NR.MESSAGE) the attribute must be defined as negotiable.</p>
                <p>It is possible to define more than one negotiation rule for an attribute</p>
                <p/>
                <p/>
                <p>Input must be a valid record from EB.COMPARISON.TYPE</p>
                <p>This is a multi value set of fields</p>
            </desc>
        </t>
        <t>
            <field>NR.VALUE</field>
            <desc>
                <p>Defines the value that links to the rule in field &quot;Nr.Type&quot;</p>
            </desc>
        </t>
        <t>
            <field>CHANGED.FIELDS</field>
            <desc>
                <p>No input and multi value field - lists all fields that have been negotiated for each dated version of the property. For a subsequently dated property, the attributes listed in this field will appear in &quot;Negotiated.Fields&quot; and only newly negotiated fields will appear on &quot;Changed.Fields&quot;</p>
                <p/>
                <p/>
            </desc>
        </t>
        <t>
            <field>NEGOTIATED.FLDS</field>
            <desc>
                <p>No input and multi value field that lists the attributes on the arrangement property record that have been fixed and/or negotiated. These are stored when the arrangement level record is committed. When the arrangement level record is next used all items in the NEGOTIATED.FIELDS list will be maintained.</p>
                <p>Once an attribute has been fixed or negotiated it will remain in negotiated field list on all subsequent dated versions of the property.</p>
            </desc>
        </t>
        <t>
            <field>ID.COMP.1</field>
            <desc>
                <p>Contains the arrangement number, extracted from the first component of the id</p>
                <p>Not applicable at product level</p>
                <p>System updated field no input allowed</p>
                <p/>
            </desc>
        </t>
        <t>
            <field>ID.COMP.2</field>
            <desc>
                <p>The action that was triggered on the arrangement property</p>
                <p>The action is taken from ACTIVITY.CLASS record of the underlying AA.ARRANGEMENT.ACTIVITY request that caused the record to be modified.</p>
                <p/>
            </desc>
        </t>
        <t>
            <field>ID.COMP.3</field>
            <desc>
                <p>Contains the effective date of the property condition</p>
                <p>Not applicable at product level</p>
                <p>System updated field no input allowed</p>
                <p/>
            </desc>
        </t>
        <t>
            <field>ID.COMP.4</field>
            <desc>
                <p>Reserved for future use</p>
                <p>Not applicable at product level</p>
                <p>System field no input allowed</p>
                <p/>
            </desc>
        </t>
        <t>
            <field>ID.COMP.5</field>
            <desc>
                <p>Reserved for future use</p>
                <p>Not applicable at product level</p>
                <p>System field no input allowed</p>
                <p/>
            </desc>
        </t>        
        <t>
            <field>ID.COMP.6</field>
            <desc>
                <p>Reserved for future use</p>
                <p>Not applicable at product level</p>
                <p>System field no input allowed</p>
                <p/>
            </desc>
        </t>
        <t>
            <field>TARGET.PRODUCT</field>
            <desc>
                <p>This field denotes the target classic product of the given property class</p>
                <p/>
                <p>The already existing T24 products are mapped using AA infrastructure</p>
                <p>These are called classic products</p>
                <p>These products are mapped to different property clases</p>
                <p/>
            </desc>
        </t>
        <t>
            <field>STMT.NOS</field>
            <desc>
                <p>System field - not used for property conditions</p>
                <p/>
            </desc>
        </t>
    <t><field>K.TYPE</field><desc><p>Help Text for this field is unavailable.  Please refer to the T24 User Guides for further information.</p></desc></t><t><field>API.ATTRIBUTE</field><desc><p>Help Text for this field is unavailable.  Please refer to the T24 User Guides for further information.</p></desc></t></menu>
</t24help>
