<?xml version="1.0" encoding="utf-8"?>
<t24help xmlns:xsi="http://www.w3.org/2001/XMLSchema-instance">
    <header>
        <product>AA</product>
        <table>AA.PRD.CAT.SETTLEMENT</table>
    </header>
    <overview>
        <ovdesc>
            <p>Property Class to Link external channel and AA</p>
        </ovdesc>
    </overview>
    <menu>
        <t>
            <field>ID.COMP.2</field>
            <desc>
                <p>The action that was triggered on the arrangement property</p>
                <p>The action is taken from ACTIVITY.CLASS record of the underlying AA.ARRANGEMENT.ACTIVITY request that caused the record to be modified.</p>
                <p/>
            </desc>
        </t>
        <t>
            <field>ID.COMP.3</field>
            <desc>
                <p>Contains the effective date of the property condition</p>
                <p>Not applicable at product level</p>
                <p>System updated field no input allowed</p>
                <p/>
            </desc>
        </t>
        <t>
            <field>ID.COMP.4</field>
            <desc>
                <p>Reserved for future use</p>
                <p>Not applicable at product level</p>
                <p>System field no input allowed</p>
                <p/>
            </desc>
        </t>
        <t>
            <field>ID.COMP.5</field>
            <desc>
                <p>Reserved for future use</p>
                <p>Not applicable at product level</p>
                <p>System field no input allowed</p>
                <p/>
            </desc>
        </t>
        <t>
            <field>ID.COMP.6</field>
            <desc>
                <p>Reserved for future use</p>
                <p>Not applicable at product level</p>
                <p>System field no input allowed</p>
                <p/>
            </desc>
        </t>
        <t>
            <field>NEGOTIATED.FLDS</field>
            <desc>
                <p>No input and multi value field that lists the attributes on the arrangement property record that have been fixed and/or negotiated. These are stored when the arrangement level record is committed. When the arrangement level record is next used all items in the NEGOTIATED.FIELDS list will be maintained.</p>
                <p>Once an attribute has been fixed or negotiated it will remain in negotiated field list on all subsequent dated versions of the property.</p>
            </desc>
        </t>
        <t>
            <field>NR.ATTRIBUTE</field>
            <desc>
                <p>Defines which individual attribute (field) has the negotiation rules defined in fields &quot;Nr.Negotiable&quot; through to &quot;Nr.Message&quot;</p>
                <p/>
                <p/>
                <p>Must be a valid field name within this property</p>
                <p>This field is part of a multi value set</p>
            </desc>
        </t>
        <t>
            <field>NR.MESSAGE</field>
            <desc>
                <p>This field indicates whether to raise error or override message when rule is broken</p>
                <p>Allows only two values ERROR or OVERRIDE</p>
                <p>ERROR error message is raised</p>
                <p>OVERRIDE Override message is generated</p>
                <p/>
            </desc>
        </t>
        <t>
            <field>NR.OPTIONS</field>
            <desc>
                <p>Defines named values to indicate if an option applies to the associated NR.ATTRIBUTE. More than one option can be associated with the NR.ATTRIBUTE, with certain restrictions.</p>
                <p/>
                <p/>
                <p>Valid Inputs are NEGOTIABLE, NON-NEGOTIABLE, OVERRIDE, FIX-VALUE, MANDATORY, COUNT as described below: -</p>
                <p/>
                <p>NEGOTIABLE</p>
                <p>The value of NEGOTIABLE will indicate that the associated NR.ATTRIBUTE can be negotiated at the arrangement level.</p>
                <p/>
                <p>NON-NEGOTIABLE</p>
                <p>The value of NON-NEGOTIABLE will indicate that the associated NR.ATTRIBUTE cannot be negotiated at the arrangement level. Both NEGOTIABLE and NON-NEGOTIABLE cannot be defined together</p>
                <p/>
                <p>OVERRIDE</p>
                <p>Specifies if a default override message should be generated if the default attribute is amended at the arrangement level. If OVERRIDE is not specified, no override will be generated.</p>
                <p/>
                <p>FIX-VALUE</p>
                <p>Specified if the field value is to be fixed at the arrangement level. If FIX-VALUE is not specified the field value will vary with the changes to the underlying product condition.</p>
                <p/>
                <p>MANDATORY</p>
                <p>Specifies if the attribute is mandatory for this product condition. Can only be specified where the attribute is not defined as mandatory in the property class.</p>
                <p/>
                <p>COUNT</p>
                <p>Specified to restrict the number of values that should satisfy the rule specified in NR.ATTRIBUTE.RULE. In absence of a rule, the count refers to the number of multi-value/sub-value.</p>
                <p>If the rule is not satisfied then error/override will be raised based on the NR.MESSAGE mentioned.</p>
            </desc>
        </t>
        <t>
            <field>NR.RESERVED1</field>
            <desc>
                <p>System Field - Reserved for future use</p>
                <p/>
            </desc>
        </t>
        <t>
            <field>CHANGED.FIELDS</field>
            <desc>
                <p>No input and multi value field - lists all fields that have been negotiated for each dated version of the property. For a subsequently dated property, the attributes listed in this field will appear in &quot;Negotiated.Fields&quot; and only newly negotiated fields will appear on &quot;Changed.Fields&quot;</p>
                <p/>
                <p/>
            </desc>
        </t>
        <t>
            <field>NR.RESERVED2</field>
            <desc>
                <p>System Field - Reserved for future use</p>
                <p/>
            </desc>
        </t>
        <t>
            <field>NR.STD.COMP</field>
            <desc>
                <p>It is possible to define negotiation rules in EB.COMPARISON.TYPE.</p>
                <p/>
                <p/>
                <p/>
                <p>Input must be a valid record from EB.STANDARD.COMPARISON</p>
            </desc>
        </t>
        <t>
            <field>NR.TYPE</field>
            <desc>
                <p>Defines the negotiation rule that is linked to the field defined in &quot;Nr.Attribute&quot;. If an attribute has a negotiation rule linked to it (in associated fields NR.TYPE, NR.VALUE and NR.MESSAGE) the attribute must be defined as negotiable.</p>
                <p>It is possible to define more than one negotiation rule for an attribute</p>
                <p/>
                <p/>
                <p>Input must be a valid record from EB.COMPARISON.TYPE</p>
                <p>This is a multi value set of fields</p>
            </desc>
        </t>
        <t>
            <field>NR.VALUE</field>
            <desc>
                <p>Defines the value that links to the rule in field &quot;Nr.Type&quot;</p>
            </desc>
        </t>
        <t>
            <field>OVERRIDE</field>
            <desc>
                <p>Standard Override field containing override messages generated by amendments to this property</p>
                <p/>
            </desc>
        </t>
        <t>
            <field>OWNING.COMPANY</field>
            <desc>
                <p>This field is used to capture the T24 Company(ies) that own the Product Condition record. There is no functionality attached to this field and can be used only for access control through SMS verification.</p>
                <p/>
                <p>The input in this field must be a valid record in company table and should belong to current financial group.</p>
                <p/>
                <p>This is a multi value field. Input in this field is optional.</p>
            </desc>
        </t>
        <t>
            <field>PAYIN.AC.DB.RULE</field>
            <desc>
                <p>The field decides the manner in which system should utilise the funds available in PAYIN.ACCOUNT during settlement process.</p>
                <p>1) FULL: System debits the PAYIN account to the extent of the bill amount irrespective of whether or not the funds are avaliable in the specified account. For this purpose, system creates an overdraft in the PAYIN.ACCOUNT in case funds are only partially available provided the PAYIN.ACCOUNT has a limit attached to it.</p>
                <p>2) PARTIAL: System debits the PAYIN.ACCOUNT only to the extent of funds availabe.</p>
                <p>3) NONE: System would not debit the PAYIN.ACCOUNT if funds are not fully available to settle the bill.</p>
                <p/>
                <p>Validation Rules</p>
                <p>It must be a valid record in AA.SETTLEMENT.TYPE.</p>
            </desc>
        </t>
        <t>
            <field>PAYIN.ACCOUNT</field>
            <desc>
                <p>Contains the repayment settlement ACCOUNT to be used.</p>
                <p/>
                <p/>
                <p>Should be a valid T24 ACCOUNT Number.</p>
            </desc>
        </t>
        <t>
            <field>PAYIN.ACTIVITY</field>
            <desc>
                <p>When PAYIN.ACCOUNT used is an Arrangement Account, then an activity has to be specified to debit that arrangement as well. That activity need to stated here. Ofcourse, if the Account is not an Arrangement account, then this field is not required to be stated since the Debit happens directly. Please be noted that this activity happens on the Arrangement from which funds are debited and is not relevant to this Arrangement. It is only a definition on this arrangement.  Validation rules:  Should be a Valid entry in AA.ACTIVITY Should belong to the same Product line as stated in the PAYIN.ACCOUNT Required only if the PAYIN.ACCOUNT is an AA Account.</p>
            </desc>
        </t>
        <t>
            <field>PAYIN.AMOUNT</field>
            <desc>
                <p>Will allow the ability to define only a fixed value. </p>
                <p>The system will cascade "from top-to bottom" down the multiple fields taking the amounts defined in order (a blank field will be considered for processing last). </p>
                <p/>
                <p>When a bill is generated to be collected the individual amounts or total amounts defined may exceed the billed amount. </p>
                <p>In this case the amount defined is classed as an "up-to" amount. This is the maximum that can be taken and will honour the ACCOUNT.DEBIT.RULE field. </p>
                <p>To satisfy the bill a lesser amount can also be taken. </p>
                <p/>
                <p>When a bill is generated to be collected the individual amounts or total amounts defined may not satisfy the billed amount. </p>
                <p>The amount defined will be the amount to be taken. </p>
                <p>In this case any remainder of the bill will be made due. </p>
            </desc>
        </t>
        <t>
            <field>CUST.SETT.INSTR</field>
            <desc>
                <p>Reserved for future use.</p>
                <p>System field no input allowed.</p>
                <p/>
            </desc>
        </t>
        <t>
            <field>PAYIN.BENEFICIARY</field>
            <desc>
                <p>This field is a link to the core BENEFICIARY table and is used to define where the debit will be made from.</p>
                <p>When configured a PAYMENT.ORDER will be generated and this can be used as a vehicle to link to an alternative DDA account system.</p>
                <p>The BENEFICIARY record is mapped through to the PAYMENT.ORDER application.</p>
                <p/>
                <p>Current functionality also allows for a T24 account to be defined in the Beneficiary record which will be debited.</p>
                <p/>
                <p>o Optional field</p>
                <p>o Mutually exclusive with PAYIN.ACCOUNT and RC setup.</p>
                <p>o Is used in conjunction with PAYIN.PO.PRODUCT.</p>
                <p>o Drills down to the BENEFICIARY table.</p>
            </desc>
        </t>
        <t>
            <field>PAYIN.CURRENCY</field>
            <desc>
                <p>Reserved for future use.</p>
                <p>System field no input allowed.</p>
                <p/>
            </desc>
        </t>
        <t>
            <field>PAYIN.PERCENTAGE</field>
            <desc>
                <p>Will allow the ability to define only a percentage value. </p>
                <p>The system will cascade "from top-to bottom" down the multiple fields taking the percentages in order (a blank field will be considered for processing last). </p>
                <p>The percentage defined is the % portion of the Billed amount, which will be settled from the respective account. </p>
                <p>The total percentages may not exceed 100%, The total percentages may not total 100% </p>
                <p>In the case of any rounding issues the last account will be deemed as the account to process any required adjustments. </p>
                <p>A blank field can be defined at last, In this case the remainder of the bill will be settled from this account.</p>
            </desc>
        </t>
        <t>
            <field>PAYIN.PO.PRODUCT</field>
            <desc>
                <p>This field is linked to the PAYMENT.ORDER.PRODUCT table and its value is passed through to the PAYMENT.ORDER application.</p>
                <p>Its main purpose will be to control parameters for message processing.</p>
                <p/>
                <p>o Optional field</p>
                <p>o Is used in conjunction with PAYIN.BENEFICIARY.</p>
                <p>o Drills down to the PAYMENT.ORDER.PRODUCT table.</p>
            </desc>
        </t>
        <t>
            <field>PAYIN.PRD.GROUP</field>
            <desc>
                <p>Reserved for future use.</p>
                <p>System field no input allowed.</p>
                <p/>
            </desc>
        </t>
        <t>
            <field>PAYIN.PRODUCT</field>
            <desc>
                <p>Reserved for future use.</p>
                <p>System field no input allowed.</p>
                <p/>
            </desc>
        </t>
        <t>
            <field>PAYIN.RC.CONDITION</field>
            <desc>
                <p>Defines the RC.CONDITION to be used for the payment type to allow variation of different retry conditions.</p>
                <p/>
                <p>Validation Rules</p>
                <p/>
                <p>Should  be a valid entry in RC.CONDITION</p>
                <p>Valid only if PAYIN.TXN.TYPE is defined</p>
            </desc>
        </t>
        <t>
            <field>PAYIN.RC.TYPE</field>
            <desc>
                <p>Defines the RC.TYPE reference to be used during handoff to  inform the recycler what type of transaction is being handed-off.  </p>
                <p/>
                <p>Validation Rules</p>
                <p/>
                <p>Should be a valid entry in RC.TYPE</p>
                <p>Valid only if PAYIN.TXN.TYPE is defined</p>
            </desc>
        </t>
        <t>
            <field>PAYIN.SETTLE.ACTIVITY</field>
            <desc>
                <p>Contains the apply payment activity to be triggered on the underlying ARRANGEMENT record.</p>
                <p/>
                <p/>
                <p>Should be a valid record in AA.ACTIVITY.</p>
            </desc>
        </t>
        <t>
            <field>PAYIN.SETTLEMENT</field>
            <desc>
                <p>This field is used to either switch ON or switch OFF settlement instrucion, without clearing other settlement related fields.</p>
                <p/>
                <p/>
                <p>Valid input is Yes or No. Default value is Yes.</p>
            </desc>
        </t>
        <t>
            <field>DD.MANDATE.REF</field>
            <desc>
                <p>The DD mandate to be used if the settlement method is DD. The DD number must be the account of the arrangement</p>
                <p/>
                <p> Should be a valid Mandate Ref from DD.DDI</p>
                <p/>
            </desc>
        </t>
        <t>
            <field>PAYMENT.TYPE</field>
            <desc>
                <p> Payment types for the AA contract that require settlement by DD to be defined</p>
                <p/>
                <p> Valid payment type from AA.PAYMENT.TYPE</p>
            </desc>
        </t>
        <t>
            <field>PAYOUT.AC.CR.RULE</field>
            <desc>
                <p>The field is to define the user exception routine.</p>
                <p/>
                <p>Validation Rules</p>
                <p/>
                <p>It must be a valid record in AA.SETTLEMENT.TYPE.</p>
                <p>Debit Rule field - must always be NULL for payout.</p>
            </desc>
        </t>
        <t>
            <field>PAYOUT.ACCOUNT</field>
            <desc>
                <p>Contains the Payout settlement ACCOUNT are to be used.</p>
                <p/>
                <p/>
                <p>Should be a valid T24 ACCOUNT Number.</p>
            </desc>
        </t>
        <t>
            <field>PAYOUT.ACTIVITY</field>
            <desc>
                <p>When PAYOUT.ACCOUNT used is an Arrangement Account, then an activity has to be specified to Credit the Account arrangement as well. That activity needs to stated here. Ofcourse, if the Account is not an Arrangement account, then this field is not required to be stated since the Credit happens directly.  Please be noted that this activity happens on the Arrangement from which funds are debited and is not relevant to this Arrangement. It is only a definition on this arrangement.   Validation rules:  Should be a Valid entry in AA.ACTIVITY Should belong to the same Product line as stated in the PAYOUT.ACCOUNT Required only if the PAYOUT.ACCOUNT is an AA Account.</p>
            </desc>
        </t>
        <t>
            <field>PAYOUT.AMOUNT</field>
            <desc>
                <p>Will allow the ability to define only a fixed value. </p>
                <p>The system will cascade "from top-to bottom" down the multiple fields taking the amounts defined in order (a blank field will be considered for processing last). </p>
                <p/>
                <p>When a bill is generated to be collected the individual amounts or total amounts defined may exceed the billed amount. </p>
                <p>In this case the amount defined is classed as an "up-to" amount. This is the maximum that can be taken and will honour the ACCOUNT.DEBIT.RULE field. </p>
                <p>To satisfy the bill a lesser amount can also be taken. </p>
                <p/>
                <p>When a bill is generated to be collected the individual amounts or total amounts defined may not satisfy the billed amount. </p>
                <p>The amount defined will be the amount to be taken. </p>
                <p>In this case any remainder of the bill will be made due. </p>
            </desc>
        </t>
        <t>
            <field>PAYOUT.BENEFICIARY</field>
            <desc>
                <p>This field is a link to the core BENEFICIARY table and is used to define who is the ultimate beneficiary of the funds.</p>
                <p>When configured a PAYMENT.ORDER will be generated and the routing will be decided via the PAYMENT.ORDER.PARAMETER.</p>
                <p>Based on the setting in PAYMENT.ORDER.PARAMETER either a FUNDS.TRANSFER or TPH message will be produced.</p>
                <p>Along with values from the PAYMENT.ORDER.PRODUCT record the BENEFICIARY record is mapped through to the PAYMENT.ORDER application and then mapped through to FUNDS.TRANSFER or TPH.</p>
                <p/>
                <p>Current functionality also allows for a T24 account to be defined in the Beneficiary record which will be credited.</p>
                <p/>
                <p>o Optional field</p>
                <p>o Mutually exclusive with PAYOUT.ACCOUNT.</p>
                <p>o Is used in conjunction with PAYOUT.PO.PRODUCT.</p>
                <p>o Drills down to the BENEFICIARY table.</p>
            </desc>
        </t>
        <t>
            <field>PAYOUT.CURRENCY</field>
            <desc>
                <p>Reserved for future use.</p>
                <p>System field no input allowed.</p>
                <p/>
            </desc>
        </t>
        <t>
            <field>PAYOUT.PERCENTAGE</field>
            <desc>
                <p>Will allow the ability to define only a percentage value. </p>
                <p>The system will cascade "from top-to bottom" down the multiple fields taking the percentages in order (a blank field will be considered for processing last). </p>
                <p>The percentage defined is the % portion of the Billed amount, which will be settled from the respective account. </p>
                <p>The total percentages may not exceed 100%, The total percentages may not total 100% </p>
                <p>In the case of any rounding issues the last account will be deemed as the account to process any required adjustments. </p>
                <p>A blank field can be defined at last, In this case the remainder of the bill will be settled from this account.</p>
            </desc>
        </t>
        <t>
            <field>PAYOUT.PO.PRODUCT</field>
            <desc>
                <p>This field is linked to the PAYMENT.ORDER.PRODUCT table and its value is passed through to the PAYMENT.ORDER application.</p>
                <p>Its main purpose will be to control parameters for TPH processing and pass outgoing messages parameters.</p>
                <p/>
                <p>o Optional field</p>
                <p>o Is used in conjunction with PAYOUT.BENEFICIARY.</p>
                <p>o Drills down to the PAYMENT.ORDER.PRODUCT table.</p>
            </desc>
        </t>
        <t>
            <field>PAYOUT.PPTY.CLASS</field>
            <desc>
                <p>Contains the PROPERTY CLASS based on which the Payout settlement instruction will be processed.</p>
                <p/>
                <p/>
                <p>Should be a valid record in AA.PROPERTY.CLASS</p>
            </desc>
        </t>
        <t>
            <field>PAYOUT.PRD.GROUP</field>
            <desc>
                <p>Reserved for future use.</p>
                <p>System field no input allowed.</p>
                <p/>
            </desc>
        </t>
        <t>
            <field>DEFAULT.ATTR.OPTION</field>
            <desc>
                <p>Optional field - Allowed Values are RESETTING and NON-RESETTING.</p>
                <p/>
                <p> RESETTING - During any Renewal Activities (for eg : change.product, rollover or reset) the property conditions will be reset from the product.</p>
                <p/>
                <p> NON-RESETTING - During any Renewal Activities property conditions will be maintained from the Arrangement level.</p>
                <p/>
                <p> Leaving the field blank sets NON-RESETTING as the default option.</p>
                <p/>
            </desc>
        </t>
        <t>
            <field>PAYOUT.PRODUCT</field>
            <desc>
                <p>Reserved for future use.</p>
                <p>System field no input allowed.</p>
                <p/>
            </desc>
        </t>
        <t>
            <field>PAYOUT.PROPERTY</field>
            <desc>
                <p>Contains the PROPERTY based on which the Payout settlement instruction will be processed.</p>
                <p/>
                <p/>
                <p>Field should be linked to the file AA.PROPERTY.</p>
            </desc>
        </t>
        <t>
            <field>PAYOUT.RC.CONDITION</field>
            <desc>
                <p>Defines the RC.CONDITION to be used for the payout property to allow variation of different retry conditions.</p>
                <p/>
                <p>Validation Rules</p>
                <p/>
                <p>1. Should  be a valid entry in RC.CONDITION.</p>
                <p>2. For Payout, RC.CONDITION record with Retry option "NONE" is only allowed.</p>
            </desc>
        </t>
        <t>
            <field>PAYOUT.RC.TYPE</field>
            <desc>
                <p>Defines the RC.TYPE reference to be used during handoff to inform the recycler what type of transaction is being handed-off.  </p>
                <p/>
                <p>Validation Rules</p>
                <p/>
                <p>Should be a valid entry in RC.TYPE</p>
            </desc>
        </t>
        <t>
            <field>PAYOUT.SETTLE.ACTIVITY</field>
            <desc>
                <p>Contains the apply payout activity to be triggered on the underlying ARRANGEMENT record.</p>
                <p/>
                <p/>
                <p>Should be a valid record in AA.ACTIVITY</p>
            </desc>
        </t>
        <t>
            <field>PAYOUT.SETTLEMENT</field>
            <desc>
                <p>This field is used to either switch ON or switch OFF settlement instrucion, without clearing other settlement related fields.</p>
                <p/>
                <p/>
                <p>Valid input is Yes or No. Default value is Yes.</p>
            </desc>
        </t>
        <t>
            <field>PR.APP.METHOD</field>
            <desc>
                <p>This field denotes the application method that needs to be applied to the periodic rule charges.</p>
                <p>Allowed values are</p>
                <p>Due - The periodic rule charges are made due</p>
                <p>Capitalise - The periodic rule charges are capitalised</p>
                <p/>
            </desc>
        </t>
        <t>
            <field>PR.APP.PERIOD</field>
            <desc>
                <p>This field denotes the application period for the given periodic rule charges.</p>
                <p>The periodic rule charges will be applied at the end of the period. If the value defined is zero, then the charges are applied immediately.</p>
                <p>Standard T24 period field.</p>
                <p/>
            </desc>
        </t>
        <t>
            <field>PR.ATTRIBUTE</field>
            <desc>
                <p>These are set of Attributes which define the names of the rule, which will be applied on certain attributes of property classes over a period of time.</p>
                <p/>
                <p/>
                <p>Input must be a valid record from AA.PERIODIC.ATTRIBUTE</p>
            </desc>
        </t>
        <t>
            <field>PR.BRK.CHARGE</field>
            <desc>
                <p>Charge can be collected when the periodic rule is broken</p>
                <p>This field denotes the charge property. The property and its condition is</p>
                <p>defined the product designer and validated during publishing</p>
                <p/>
                <p/>
                <p>Valid charge property</p>
            </desc>
        </t>
        <t>
            <field>PR.BRK.MSG</field>
            <desc>
                <p>Based on the PR.BRK.RES option selected, this will hold either an OVERRIDE or EB.ERROR id. By default the ids will be picked from the associated EB.COMPARISON.TYPE record. If CAP or FLOOR values are given, then the underlying AA.PERIODIC.ATTRIBUTE.CLASS should have this type defined in it.</p>
                <p/>
                <p/>
                <p>Input must be a valid OVERRIDE ID or EB.ERROR ID.</p>
            </desc>
        </t>
        <t>
            <field>PR.BRK.RES</field>
            <desc>
                <p>When a rule is broken what action needs to be taken is defined here. Currently, the various options available are </p>
                <p/>
                <p>Error block further processing</p>
                <p>Override Give an override</p>
                <p>Information  Record details only</p>
                <p>CAP the rule value is to be used as a CAP if the rule is broken</p>
                <p>FLOOR the rule value is to be used as a FLOOR if the rule is broken</p>
                <p/>
                <p/>
                <p>Should be one of the above valid options</p>
            </desc>
        </t>
        <t>
            <field>FX.SETTLEMENT.CCY</field>
            <desc>
				<p>This field is applicable for Internal FX transactions </p>
                <p>Indicates the Currency for which FX contra settlement account is to be maintained</p>
            </desc>
        </t>
		<t>
            <field>FX.SETTLEMENT.ACC</field>
            <desc>
                <p>This field is applicable for Internal FX transactions </p>
				<p>Contra settlement accounts to post the offset entries such that pool balance does not change are maintained here</p>
				<p>For eg-User transfers EUR 1000 from EUR TR account to USD TR account.</p>
				<p>Assuming exchange rate is 1.25 ,following entries will be raised     </p>
				<p>Dr EUR TR	1000  </p>                                                 
				<p>Cr Contra EUR TR    1000 </p>        
				<p>Dr Contra USD TR    1250 </p>
				<p>Cr USD TR	1250 </p>
            </desc>
        </t>
        <t>
            <field>DEFAULT.CURRENCY</field>
            <desc>
                <p>Reserved for future use.</p>
                <p>System field no input allowed.</p>
                <p/>
            </desc>
        </t>
        <t>
            <field>PR.RESERVED.1</field>
            <desc>
                <p>System field - reserved for future use</p>
                <p/>
            </desc>
        </t>
        <t>
            <field>PR.RESERVED.2</field>
            <desc>
                <p>System field - reserved for future use</p>
                <p/>
            </desc>
        </t>
        <t>
            <field>PR.RESERVED.3</field>
            <desc>
                <p>System field - reserved for future use</p>
                <p/>
            </desc>
        </t>
        <t>
            <field>PR.VALUE</field>
            <desc>
                <p>This is the actual rule value, which will be applied on certain attributes of the property classes over a period of time.</p>
                <p/>
                <p/>
                <p>Input must be a valid data type defined in the corresponding</p>
                <p>AA.PERIODIC.ATTRIBUTE.CLASS record.</p>
            </desc>
        </t>
        <t>
            <field>PRODUCT.KEY</field>
            <desc>
                <p>This field represents the key to the product level conditions of a property class</p>
                <p>This field basically has three components seperated by a hyphen</p>
                <p>Condition id</p>
                <p>Currency - if the property class is currency based. By default takes up local currency</p>
                <p>Effective date - if the property class is dated</p>
                <p/>
            </desc>
        </t>
        <t>
            <field>STMT.NOS</field>
            <desc>
                <p>System field - not used for property conditions</p>
                <p/>
            </desc>
        </t>
        <t>
            <field>SYS.RESERVE1</field>
            <desc>
                <p>System field - reserved for future use</p>
                <p/>
            </desc>
        </t>
        <t>
            <field>SYS.RESERVE2</field>
            <desc>
                <p>System field - reserved for future use</p>
                <p/>
            </desc>
        </t>
        <t>
 <field>OFFSET.PAYOUT.ACTIVITY</field>
            <desc>
                <p>Specifies the Offset Pay-out rule activity which defines the list of pay balances which need to be debited to offset due balance created.</p>
                <p>Field should be linked to the file AA.ACTIVITY.</p>
                <p>Only offset payout rules activities are allowed.</p>
                <p>Mandatory When offset property class is defined</p>
                <p>Allowed only When offset property is Due type</p>
            </desc>
        </t>
        <t>
            <field>OFFSET.PAYIN.ACTIVITY</field>
            <desc>
                <p>Specifies the Offset Payment rule activity that defines the list of due balances which need to be offset using the pay balance</p>
                <p>Field should be linked to the file AA.ACTIVITY.</p>
                <p>Only offset payment rules activities are allowed.</p>
                 <p>Mandatory When offset property class is defined</p>
                <p>Allowed only When offset property is Pay type</p>
            </desc>
        </t>
        <t>
            <field>DEFAULT.NEGOTIABLE</field>
            <desc>
                <p>Defines whether all attributes (fields) can be negotiable or not.</p>
                <p/>
                <p/>
                <p>This field is Mandatory</p>
                <p>Valid options are YES and NO</p>
            </desc>
        </t>
        <t>
            <field>OFFSET.REQUIRED</field>
            <desc>
                <p>This field is used to either switch ON or switch OFF settlement offset instrucion, without clearing other settlement related fields.</p>
                <p/>
                <p/>
                <p>Valid input is Yes or No.</p>
                <p>Yes – denoting offset required.</p>
                <p>No  – denoting offset not required.</p>
            </desc>
        </t>
        <t>
            <field>OFFSET.PROPERTY</field>
            <desc>
                <p>Contains the PROPERTY which needs to be offset.</p>
                <p/>
                <p/>
                <p>Field should be linked to the file AA.PROPERTY.</p>
                <p>This field is mutually exclusive with OFFSET.PPTY.CLASS.</p>
            </desc>
        </t>
        <t>
            <field>OFFSET.PPTY.CLASS</field>
            <desc>
                <p>Contains the PROPERTY CLASS which needs to be offset.</p>
                <p/>
                <p/>
                <p>Should be a valid record in AA.PROPERTY.CLASS</p>
                <p>This field is mutually exclusive with OFFSET.PROPERTY.</p>
            </desc>
        </t>
        <t>
            <field>TARGET.PRODUCT</field>
            <desc>
                <p>This field denotes the target classic product of the given property class</p>
                <p/>
                <p>The already existing T24 products are mapped using AA infrastructure</p>
                <p>These are called classic products</p>
                <p>These products are mapped to different property clases</p>
                <p/>
            </desc>
        </t>
        <t>
            <field>UPDATE.PENDING.RETRY</field>
            <desc>
                <p>This field would accept two values YES or NO or it can be kept as blank. It is not a mandatory field.  If this field is set to YES, then whenever user changes the Payin settlement accounts then the modified accounts should affect the pending funding requests (RC) raised for the current overdue Bills. If this field is set to NO or blank then the changes to the payin settlement accounts apply to the next due bills.</p>
                <p/>
                <p>Example – Create a loan effective on 01-jan-2020 with every 5 days frequency.  Setup settlement condition with Pay In settlement account 123456 and RC Setup. After crossing 2 payments,RC would be created because of insufficient funds in the account 123456. And setup the UPDATE.PENDING.RETRY as YES.</p>
                <p/>
                <p/>
                <p>BillDate    BillRef     RCRef</p>
                <p>5-Jan-20    Bill1       12345*Bill1</p>
                <p>10-Jan-20   Bill2       12345*Bill2</p>
                <p/>
                <p>On 12-Jan-20 customer comes to the bank and he want to change PayIn settlement account with his Wife account and wants to settle the pending Dues as well since his Wife's account has sufficient money to settle the pending Bills. </p>
                <p/>
                <p>When user inputs the Update Settlement activity and modify the PayIn settlement account to 98765 then system will terminate the old RC and create the new RC for pending dues Bill1 &amp; Bill2 with the new account number. Therefore, RC would be created like below.</p>
                <p/>
                <p>BillDate    BillRef      RCRef           Status</p>
                <p>5-Jan-20    Bill1        12345*Bill1     Terminated</p>
                <p>10-Jan-20   Bill2        12345*Bill2     Terminated</p>
                <p>5-Jan-20    Bill1        98765*Bill1     Active</p>
                <p>10-Jan-20   Bill2        98765*Bill2     Active</p>
            </desc>
        </t>
        <t>
            <field>DESCRIPTION</field>
            <desc>
                <p>Describes this condition record and is used for enrichment.</p>
                <p/>
                <p>This field can be expanded to allow the User to enter the Description of the property condition in various languages. Each expansion of the field will correspond to a new Language as defined in the LANGUAGE table (Ref: GENERAL TABLES), and will indicate to the User the Language in which the Description must be entered.</p>
                <p/>
                <p/>
                <p>Up to 35 type A (alphanumeric) characters</p>
                <p/>
            </desc>
        </t>
        <t>
            <field>FULL.DESCRIPTION</field>
            <desc>
                <p>Standard T24 description field</p>
            </desc>
        </t>
        <t>
            <field>ID.COMP.1</field>
            <desc>
                <p>Contains the arrangement number, extracted from the first component of the id</p>
                <p>Not applicable at product level</p>
                <p>System updated field no input allowed</p>
                <p/>
            </desc>
        </t>
        <t>
            <field>COUNTER.BOOKING.ACCOUNT</field>
            <desc>
                <p>Account to be used as counter booking account when the current arrangement is off-balance and counter bookings should therefore not go to PL account.</p>
                <p>In a normal Interest/Charge processing, system would debit/credit the Arrangement and credit/debit the PL. In the case of Off Balance sheet Memo accounts, even the accrual of Interest will not hit the PL. So, during Make-Due/Pay/Capitalise, system would debit/credit the Memo Account but would need another Account to book the other side of the transaction. This Counter Booking account would be used for that purpose. </p>
                <p>This field mandatory for off-balance accounts which have any setup to process Interest/Charges.</p> 
            </desc>
        </t> 
        <t>
            <field>DR.COUNTER.BOOKING.ACTIVITY</field>
            <desc>
                <p>Debit activity to use for counter booking.</p>
                <p>Example, in the case of Memo Accrual of Credit Interest, the Memo Account will be credited with the Interest accrued and the Counter Booking Account will be debited. In such cases, the Activity specified in this field will be used to run on the Counter Booking Account.</p>
                <p>This field mandatory for off-balance accounts when Counter Booking Account is specified.</p> 
            </desc>
        </t> 
        <t>
            <field>CR.COUNTER.BOOKING.ACTIVITY</field>
            <desc>
                <p>Credit activity to use for counter booking.</p>
                <p>Example, in the case of Memo Accrual of Debit Interest, the Memo Account will be debited with the Interest accrued and the Counter Booking Account will be credited. In such cases, the Activity specified in this field will be used to run on the Counter Booking Account.</p>
                <p>This field mandatory for off-balance accounts when Counter Booking Account is specified.</p> 
            </desc>
        </t> 
        <t>
            <field>DEFAULT.SETTLEMENT.ACCOUNT</field>
            <desc>
                <p>This will be specified for each settlement customer and currency. This account will be used if there is no pay-in or pay-out account/beneficiary is specified in the settlement instructions.</p>
                <p>Input in this field is optional. Must be a valid account.</p>
            </desc>
        </t>
		<t>
            <field>HOLD.FUND</field>
            <desc>
                <p>Indicator to lock the funds in the customer account until value date is reached. Before value date the funds are released to allow actual funding.</p> 
            </desc>
        </t>
		<t>
			<field>LOCKED.ID</field>
			<desc>
				<p>ID of AC.LOCKED.EVENTS.</p>
			</desc>
        </t>
        <t>
            <field>SETTLE.MODE</field>
            <desc>
                <p>Has the various modes of how settlement accounts are going to be shown. It can be Own, Market or Internal.</p>
            </desc>
        </t>
		<t>
			<field>PAY.BY.CHECK</field>
			<desc>
				<p>Indicates if funds will be transmitted via a check file, in which the beneficiary indicated will receive a paper check.</p>
			</desc>
        </t>
        <t>
            <field>DEFAULT.BENEFICIARY</field>
            <desc>
                <p>The default beneficiary id for the customer and currency specified. This beneficiary will be used for incoming and outgoing transactions if pay-in or pay-out account/beneficiary details are not given.</p>
            </desc>
        </t>
        <t>
            <field>DEFAULT.SETTLEMENT.CURRENCY</field>
            <desc>
                <p>To capture the customer for the default settlement account and beneficiary details. This is not a mandatory field.</p>
            </desc>
        </t>
        <t>
            <field>DEFAULT.SETTLEMENT.CUSTOMER</field>
            <desc>
                <p>To capture the customer for the default settlement account and beneficiary details. This is not a mandatory field.</p>
            </desc>
        </t>
        
    <t><field>NR.ATTRIBUTE.RULE</field><desc><p>Help Text for this field is unavailable.  Please refer to the T24 User Guides for further information.</p></desc></t><t><field>NR.VALUE.SOURCE</field><desc><p>Help Text for this field is unavailable.  Please refer to the T24 User Guides for further information.</p></desc></t><t><field>API.ATTRIBUTE</field><desc><p>Help Text for this field is unavailable.  Please refer to the T24 User Guides for further information.</p></desc></t><t><field>PAYIN.CUSTOMER</field><desc><p>Help Text for this field is unavailable.  Please refer to the T24 User Guides for further information.</p></desc></t><t><field>PAYOUT.CUSTOMER</field><desc><p>Help Text for this field is unavailable.  Please refer to the T24 User Guides for further information.</p></desc></t><t><field>DEFAULT.PO.PRODUCT</field><desc><p>Help Text for this field is unavailable.  Please refer to the T24 User Guides for further information.</p></desc></t></menu>
</t24help>
