<?xml version="1.0" encoding="UTF-8" standalone="yes"?>
<t24help>
    <header>
        <product>AA</product>
        <table>AA.PRD.DES.XCOLL.LIEN.DETAILS</table>
    </header>
    <overview>
        <ovdesc>
            <p>The fields of XCOLL.LIEN.DETAILS external property class are used by this product to get the collateral details while creating an arrangement.</p>
        </ovdesc>
    </overview>
    <menu>
        <t>
            <field>LIEN</field>
            <desc>
                <p>If the lien is marked on the deposit for the loan the field is updated as Yes or No while removal this is updated as â€œNoâ€�</p>
            </desc>
        </t>
		 <t>
            <field>LOAN.NO</field>
            <desc>
                <p>The loan arrangement ID for which the lien is marked on the deposit</p>
            </desc>
        </t>
        <t>
            <field>COLLATERAL.REF.NO</field>
            <desc>
                <p>The collateral reference number for which he lien is applied</p>
            </desc>
        </t>
    </menu>
</t24help>
