<?xml version="1.0" encoding="utf-8"?>
<t24help xmlns:xsi="http://www.w3.org/2001/XMLSchema-instance">
    <header>
        <product>AA</product>
        <table>AA.PRD.PRF.SUB.ARRANGEMENT.RULES</table>
    </header>
    <overview>
        <ovdesc>
            <p>This Property Class is used to define the allowable customers, products and currencies for the sub-arrangements. Whenever an arrangement is created under a master arrangement with 'Sub-arrangement rules' Property Class defined, then the new arrangement should abide by the rules defined here. Else the arrangement creation fails.</p>
			<p/>
			<p>Currently allowed only for Facility/MultiCcyAccount Product Line</p>
        </ovdesc>
    </overview>
    <menu>
        <t>
            <field>DESCRIPTION</field>
            <desc>
                <p>Describes this condition record and is used for enrichment.</p>
				<p/>
				<p>This field can be expanded to allow the User to enter the Description of the property condition in various languages. Each expansion of the field will correspond to a new Language as defined in the LANGUAGE table (Ref: GENERAL TABLES), and will indicate to the User the Language in which the Description must be entered.</p>
				<p/>
				<p>Up to 35 type A (alphanumeric) characters</p>
            </desc>
        </t>
		<t>
            <field>CUSTOMER</field>
            <desc>
                <p>Specifies which Customer(s) can be the owner(s) of the Sub-Arrangement in conjunction with value defined in REQUIRED.CUSTOMER.</p>
				<p/>
				<p>Allowed Values:</p>
				<p/>
				<p> • Parent Owner(s) – All / Any of the beneficial owner(s) of the Parent Arrangement must be owner(s) in the Sub-Arrangement.</p>
				<p/>
				<p> • Parent Customer(s) – All / Any of the customer(s) (including non-beneficial owners) of the Parent Arrangement must be Customer(s) in the Sub-Arrangement.</p>
				<p/>
				<p> • Allowed List – All / Any of the Customers defined in Allowed Customer field must be owner(s) of the sub-arrangement.</p>
				<p/>
				<p> • Any – Any Customer(s) can be defined in Sub-Arrangement.</p>
				<p/>
            </desc>
        </t>
		<t>
            <field>REQUIRED.CUSTOMER</field>
            <desc>
                <p>Specifies whether All or Any of the Customer(s) / Owner(s) in the parent arrangement must be the Customer(s) / Owner(s) of the sub-arrangement.</p>
				<p/>
				<p>Allowed Values:</p>
				<p/>
				<p> • All – All the Customer(s) / Owner(s)</p>
				<p/>
				<p> • Any – Any of the Customer(s) / Owner(s)</p>
				<p/>
				<p>Validations:</p>
				<p/>
				<p>Input not allowed when 'Any' option is chosen in CUSTOMER field. </p>
				<p/>
            </desc>
        </t>
		<t>
            <field>ALLOWED.CUSTOMER</field>
            <desc>
                <p>Specifies the list of allowed Customer(s) who can be the owner(s) of Sub-Arrangements.</p>
				<p/>
				<p>Validations:</p>
				<p/>
				<p> • Input allowed only when value in CUSTOMER field is specified as "Allowed List".</p>
				<p/>
				<p> • Must be a valid Customer.</p>
            </desc>
        </t>
		<t>
            <field>ALLOWED.ARR.PER.CCY</field>
            <desc>
                <p>Specifies the allowed number of active sub-arrangements per currency under a Master arrangement account</p>
                <p>Allowed Values:</p>
                <p>One - Only one sub-arrangement is allowed to be active per currency during the lifecycle of the master</p>
                <p>Any - Any/Multiple sub-arrangements are allowed to be active per currency during the lifecycle of the master</p>
            </desc>
        </t>
		<t>
            <field>RESERVED.2</field>
            <desc>
                <p>Reserved for Future Use.</p>
            </desc>
        </t>
        <t>
            <field>CURRENCY</field>
            <desc>
                <p>Field to specify the option to choose the list of currency that a sub arrangement can be created with. This could be a list or same as the currency of the master arrangement or any T24 currency.</p>
                <p>Allowed Values:</p>
                <p>1. PARENT.CURRENCY - Same currency as Master Arrangement.</p>
                <p>2. ALLOWED.LIST - List of currencies as defined in the field ALLOWED.CURRENCY.</p>
                <p>3. ANY – All the currencies applicable for the underlying drawing product.</p>
            </desc>
        </t>
		<t>
            <field>ALLOWED.CURRENCY</field>
            <desc>
                <p>Field to specify the list of currencies that a sub arrangement can be created.</p>
                <p>Validations:</p>
                <p>1. Must be a valid T24 currency.</p>
                <p>2. Mandatory when the field CURRENCY is "ALLOWED.LIST".</p>
            </desc>
        </t>
		<t>
            <field>RESERVED.3</field>
            <desc>
                <p>Reserved for Future Use.</p>
            </desc>
        </t>
		<t>
            <field>RESERVED.4</field>
            <desc>
                <p>Reserved for Future Use.</p>
            </desc>
        </t>
		<t>
            <field>PRODUCT</field>
            <desc>
                <p>This field specifies the product in which sub-arrangements can be created.</p>
				<p/>
				<p>Allowed values are :</p>
				<p/>
				<p> • ALLOWED.LIST – Sub arrangement product can be in any of the product defined in Allowed Product Group and Product fields.</p>
				<p/>
				<p> • ANY – Sub arrangement product can be in any product.</p>
            </desc>
        </t>
        <t>
            <field>ALLOWED.PRD.GROUP</field>
            <desc>
                <p>This field specifies the list of allowed Product Groups in which Sub-Arrangements can be created.</p>
				<p/>
				<p>Validations:</p>
				<p/>
				<p>• Input allowed only when value in PRODUCT field is specified as "Allowed List". </p>
				<p/>
                <p>• Must be a valid AA Lending Product Group. </p>
                <p/>
            </desc>
        </t>
        <t>
            <field>ALLOWED.PRODUCT</field>
            <desc>
                <p>This field specifies the list of allowed products in which sub-arrangements can be created.</p>
				<p/>
				<p>Validations:</p>
				<p/>
                <p> • Input allowed only when value in PRODUCT field is specified as "Allowed List".</p>
                <p/>
				<p> • Must be a valid AA Lending Product. </p>
            </desc>
        </t>
		<t>
            <field>RESERVED.5</field>
            <desc>
                <p>Reserved for Future Use.</p>
            </desc>
        </t>
        <t>
            <field>RESERVED.6</field>
            <desc>
                <p>Reserved for Future Use.</p>
            </desc>
        </t>
        <t>
            <field>NR.OPTIONS</field>
            <desc>
                <p>Defines named values to indicate if an option applies to the associated NR.ATTRIBUTE. More than one option can be associated with the NR.ATTRIBUTE, with certain restrictions.</p>
                <p/>
                <p>Valid Inputs are NEGOTIABLE, NON-NEGOTIABLE, OVERRIDE, FIX-VALUE, MANDATORY, COUNT as described below: -</p>
                <p/>
                <p>NEGOTIABLE</p>
                <p/>
                <p>The value of NEGOTIABLE will indicate that the associated NR.ATTRIBUTE can be negotiated at the arrangement level.</p>
                <p/>
                <p>NON-NEGOTIABLE</p>
                <p/>
                <p>The value of NON-NEGOTIABLE will indicate that the associated NR.ATTRIBUTE cannot be negotiated at the arrangement level. Both NEGOTIABLE and NON-NEGOTIABLE cannot be defined together</p>
                <p/>
                <p>OVERRIDE</p>
                <p/>
                <p>Specifies if a default override message should be generated if the default attribute is amended at the arrangement level. If OVERRIDE is not specified, no override will be generated.</p>
                <p/>
                <p>FIX-VALUE</p>
                <p/>
                <p>Specified if the field value is to be fixed at the arrangement level. If FIX-VALUE is not specified the field value will vary with the changes to the underlying product condition.</p>
                <p/>
                <p>MANDATORY</p>
                <p/>
                <p>Specifies if the attribute is mandatory for this product condition. Can only be specified where the attribute is not defined as mandatory in the property class.</p>
                <p/>
                <p>COUNT</p>
                <p>Specified to restrict the number of values that should satisfy the rule specified in NR.ATTRIBUTE.RULE. In absence of a rule, the count refers to the number of multi-value/sub-value.</p>
                <p>If the rule is not satisfied then error/override will be raised based on the NR.MESSAGE mentioned.</p>
            </desc>
        </t>
		<t>
            <field>TERM.CALCULATION</field>
            <desc>
                <p>This field specifies whether Maturity can be extended during recalculation of maturity of the sub-arrangement.</p>
				<p/>
				<p>Allowed Values are:</p>
				<p/>
                <p> • Maturity Date – Maturity Date of the Facility</p>
                <p/>
				<p> • Maximum Term – Maximum Term defined in the negotiation rules of Facility.</p>
            </desc>
        </t>
		<t>
            <field>RESERVED.7</field>
            <desc>
                <p>Reserved for Future Use.</p>
            </desc>
        </t>
		<t>
            <field>RESERVED.8</field>
            <desc>
                <p>Reserved for Future Use.</p>
            </desc>
        </t>
		<t>
            <field>RESERVED.9</field>
            <desc>
                <p>Reserved for Future Use.</p>
            </desc>
        </t>
		<t>
            <field>RESERVED.10</field>
            <desc>
                <p>Reserved for Future Use.</p>
            </desc>
        </t>
		<t>
            <field>RESERVED.11</field>
            <desc>
                <p>Reserved for Future Use.</p>
            </desc>
        </t>
		<t>
            <field>RESERVED.12</field>
            <desc>
                <p>Reserved for Future Use.</p>
            </desc>
        </t>
		<t>
            <field>RESERVED.13</field>
            <desc>
                <p>Reserved for Future Use.</p>
            </desc>
        </t>
		<t>
            <field>RESERVED.14</field>
            <desc>
                <p>Reserved for Future Use.</p>
            </desc>
        </t>
		<t>
            <field>RESERVED.15</field>
            <desc>
                <p>Reserved for Future Use.</p>
            </desc>
        </t>
		<t>
            <field>RESERVED.16</field>
            <desc>
                <p>Reserved for Future Use.</p>
            </desc>
        </t>
        <t>
            <field>CURRENCY.MARKET</field>
            <desc>
                <p>Field to specify the Currency Market with which currency conversion should happen for a sub arrangement.</p>
                <p>When no rate definition is given in the CURRENCY table for a given currency market, default market is considered as "1".</p>
                <p>Validations:</p>
                <p>1. Must be a valid T24 currency.</p>
            </desc>
        </t>
        <t>
            <field>EXCH.RATE.TYPE</field>
            <desc>
                <p>Field to specify the rate type option with which currency conversion should happen for a sub arrangement.</p>
                <p>Allowed Values:</p>
                <p>1. Mid Rate - Conversion to happen based on Mid Rate.</p>
                <p>2. Sell Rate / Buy Rate - Reserved for Future use.</p>
            </desc>
        </t>
    <t><field>PRODUCT.KEY</field><desc><p>Help Text for this field is unavailable.  Please refer to the T24 User Guides for further information.</p></desc></t><t><field>FULL.DESCRIPTION</field><desc><p>Help Text for this field is unavailable.  Please refer to the T24 User Guides for further information.</p></desc></t><t><field>TERM.RECALCULATION</field><desc><p>Help Text for this field is unavailable.  Please refer to the T24 User Guides for further information.</p></desc></t><t><field>PR.ATTRIBUTE</field><desc><p>Help Text for this field is unavailable.  Please refer to the T24 User Guides for further information.</p></desc></t><t><field>PR.VALUE</field><desc><p>Help Text for this field is unavailable.  Please refer to the T24 User Guides for further information.</p></desc></t><t><field>PR.BRK.RES</field><desc><p>Help Text for this field is unavailable.  Please refer to the T24 User Guides for further information.</p></desc></t><t><field>PR.BRK.MSG</field><desc><p>Help Text for this field is unavailable.  Please refer to the T24 User Guides for further information.</p></desc></t><t><field>PR.BRK.CHARGE</field><desc><p>Help Text for this field is unavailable.  Please refer to the T24 User Guides for further information.</p></desc></t><t><field>PR.APP.METHOD</field><desc><p>Help Text for this field is unavailable.  Please refer to the T24 User Guides for further information.</p></desc></t><t><field>PR.APP.PERIOD</field><desc><p>Help Text for this field is unavailable.  Please refer to the T24 User Guides for further information.</p></desc></t><t><field>OWNING.COMPANY</field><desc><p>Help Text for this field is unavailable.  Please refer to the T24 User Guides for further information.</p></desc></t><t><field>DEFAULT.ATTR.OPTION</field><desc><p>Help Text for this field is unavailable.  Please refer to the T24 User Guides for further information.</p></desc></t><t><field>DEFAULT.NEGOTIABLE</field><desc><p>Help Text for this field is unavailable.  Please refer to the T24 User Guides for further information.</p></desc></t><t><field>NR.ATTRIBUTE</field><desc><p>Help Text for this field is unavailable.  Please refer to the T24 User Guides for further information.</p></desc></t><t><field>NR.ATTRIBUTE.RULE</field><desc><p>Help Text for this field is unavailable.  Please refer to the T24 User Guides for further information.</p></desc></t><t><field>NR.VALUE.SOURCE</field><desc><p>Help Text for this field is unavailable.  Please refer to the T24 User Guides for further information.</p></desc></t><t><field>NR.STD.COMP</field><desc><p>Help Text for this field is unavailable.  Please refer to the T24 User Guides for further information.</p></desc></t><t><field>NR.TYPE</field><desc><p>Help Text for this field is unavailable.  Please refer to the T24 User Guides for further information.</p></desc></t><t><field>NR.VALUE</field><desc><p>Help Text for this field is unavailable.  Please refer to the T24 User Guides for further information.</p></desc></t><t><field>NR.MESSAGE</field><desc><p>Help Text for this field is unavailable.  Please refer to the T24 User Guides for further information.</p></desc></t><t><field>CHANGED.FIELDS</field><desc><p>Help Text for this field is unavailable.  Please refer to the T24 User Guides for further information.</p></desc></t><t><field>NEGOTIATED.FLDS</field><desc><p>Help Text for this field is unavailable.  Please refer to the T24 User Guides for further information.</p></desc></t><t><field>ID.COMP.1</field><desc><p>Help Text for this field is unavailable.  Please refer to the T24 User Guides for further information.</p></desc></t><t><field>ID.COMP.2</field><desc><p>Help Text for this field is unavailable.  Please refer to the T24 User Guides for further information.</p></desc></t><t><field>ID.COMP.3</field><desc><p>Help Text for this field is unavailable.  Please refer to the T24 User Guides for further information.</p></desc></t><t><field>ID.COMP.4</field><desc><p>Help Text for this field is unavailable.  Please refer to the T24 User Guides for further information.</p></desc></t><t><field>ID.COMP.5</field><desc><p>Help Text for this field is unavailable.  Please refer to the T24 User Guides for further information.</p></desc></t><t><field>ID.COMP.6</field><desc><p>Help Text for this field is unavailable.  Please refer to the T24 User Guides for further information.</p></desc></t><t><field>TARGET.PRODUCT</field><desc><p>Help Text for this field is unavailable.  Please refer to the T24 User Guides for further information.</p></desc></t><t><field>STMT.NOS</field><desc><p>Help Text for this field is unavailable.  Please refer to the T24 User Guides for further information.</p></desc></t><t><field>API.ATTRIBUTE</field><desc><p>Help Text for this field is unavailable.  Please refer to the T24 User Guides for further information.</p></desc></t></menu>
</t24help>
