<t24help>
<header>
<product>USIRAC</product>
<title> </title>
<table>AA.PRD.PRF.XIRA</table>
</header>
<overview>
<ovdesc>
<p>The XIRA Property Condition establishes basic information on the arrangement, specific to an Individual Retirement Account (IRA) in the US. Information such as the IRA plan type, IRA beneficiary details, funding source and inherited/beneficiary is setup within the product. </p>
<p></p>
</ovdesc>
<ovimage>
    </ovimage>
 </overview>
 <menu>
 <t>
 <field>PLAN.TYPE</field>
 <desc>
 <p>This field contains drop down of the current IRS plans:</p>
 <p>•   Simple</p>
 <p>•   Traditional</p>
 <p>•   SEP</p>
 <p>•   Roth</p>
 <p> And only these values are valid as these are maintained by Temenos</p>
 </desc>
 </t> 
 <t>
 <field>BENEFICIARY</field>
 <desc>
 <p>The person that will receive the distribution that will be required for all Pay Method values and is linked to the Beneficiary Table</p>
 </desc>
 </t>
  <t>
  <field>SOURCE.OF.FUNDS</field>
  <desc>
  <p> A field with a drop down containing values:</p>
  <p>•  New Deposit</p>
  <p> • Rollover</p>
  <p>•  Transfer</p>
  <p>•  New Money</p>
  <p> • New Account</p>
  <p> This list can be changed as need via EB.LOOKUP</p>
  </desc>
  </t>
  <t>
  <field>FINANCIAL.INSTITUTION</field>
  <desc>
  <p> A free text fields that allows the bank to enter where the funds came from to fund the IRA Account</p>
   </desc>
   </t> 
   <t>
    <field>BEN.ROLE</field>
    <desc>
    <p>This field determines, in the event of death of the IRA, who will receive the IRA funds. It has a drop down with values of:</p>
    <p> •    Beneficiary</p>
    <p> •   Contingent Beneficiary</p>
    <p>A customer cannot be both a beneficiary and a contingent beneficiary</p>
    </desc>
   </t>
   <t>
   <field>BEN.RELATION</field>
   <desc>
   <p>Denotes the relationship of beneficiary or contingent beneficiary to the primary owner. Valid values are:</p>
   <p> •    Spouse</p>
   <p>• Non-spouse</p>
   <p> •    Other</p>
   <p>These values assist the bank in making choice in the Inherited IRS RMD Calculation Mthd but there are not coding supporting the choices made</p>
   </desc>
   </t>
   <t>
   <field>BEN.SHARE</field>
   <desc>
   <p>A field that determines the amount of the account balance that is due to the beneficiary/contingent beneficiary. </p>
   <p> The sum of the percent in each role (Beneficiary / Contingent Beneficiary) must equal 100 else an edit is produced</p>
   </desc>
   </t>
   <t>
   <field>INHERIT.IRA</field>
   <desc>
   <p>The field with a drop down of:</p>
   <p>• Blank – processes the same as NO</p>
   <p>• No – this a normal IRA</p>
   <p>• Yes – this IRA is opened due to the death of a customer who had an IRA account</p>
   <p> If Yes then the following context inquiry values are required:</p>
   <p> • Decedent’s Cust ID</p>
   <p>• Relationship</p>
   <p> • Inherited IRA RMD Calculation Mthd</p>
   <p>• Calculation</p>
   </desc>
   </t>
   <t>
   <field>DECEDENT.CUSTOMER</field>
   <desc>
   <p>The customer ID of the individual that passed and who’s funds are funding the IRA at hand</p>
   <p> This field will have a context inquiry providing the following decedent’s details:</p>
   <p> •    Name</p>
   <p>• Date of Birth</p>
   <p>• Date of Death</p>
   <p>• SSN</p>
   </desc>
   </t>
   <t>
   <field>DECEDENT.RELATIONSHIP</field>
   <desc>
   <p>Denotes the relationship of primary owner to the decedent. Valid values are:</p>
   <p>• Spouse</p>
   <p>• Non-spouse</p>
   <p>• Other</p>
   </desc>
   </t>
   <t>
   <field>INHERIT.RMD.CALC.METHOD</field>
   <desc>
   <p> Describes the client-requested distribution method for the inherited funds. Options are:</p>
   <p> •    Lump Sum – this option is available for the spouse of the deceased only. Once deposited in the IRA the funds will be withdrawn in the Lump Sum. There is no logic supporting this choice</p>
   <p> •    Five-Year Method – this choice is a manual five-year distribution of the IRA taken at the discretion of the client. There is no logic supporting this choice</p>
   <p> • Life Expectancy – This allows the inheritor to defer a large tax event. This value will require an entry in the Calculation field. This will supported by logic</p>
   </desc>
   </t>
   <t>
   <field>INHERIT.RMD.CALCULATION</field>
   <desc>
   <p> This a drop down that includes values of:</p>
   <p> •    Reducing</p>
   <p> •    Non-Reducing</p>
   <p>This only is available when the Inherited IRS RMD Calculation Mthd field value is  Life Expectancy</p>
   </desc>
   </t>
   </menu>
</t24help>