<t24help>
<header>
<product>MXBASE</product>
<title> </title>
<table>AA.PRD.CAT.XRATE.SETUP</table>
</header>
<overview>
<ovdesc>
<p>The XRATE.SETUP Property Condition establishes basic information on the arrangement for calculation of rates. Information such as the UDI amount limit, the inflation rate, and initial deposit amount for savings accounts is setup within the product.</p>
<p></p>
</ovdesc>
<ovimage>
    </ovimage>
 </overview>
 <menu>
 <t>
 <field>LIMIT</field>
 <desc>
 <p>Regulatory UDI amount limit</p>
 </desc>
 </t> 
 <t>
 <field>INFLATION.RATE</field>
 <desc>
 <p>Index of Inflation Rate (4 decimals required)</p>
 </desc>
 </t>
  <t>
  <field>INITIAL.DEPOSIT</field>
  <desc>
  <p> Initial Deposit for Savings Accounts</p>
  </desc>
  </t>
   </menu>
</t24help>