<t24help>
	<header>
		<product>AA</product>
		<title>AA.PRD.PRF.XAU.ADDITIONAL.INFO</title>
		<table>AA.PRD.PRF.XAU.ADDITIONAL.INFO</table>
	</header>
	<overview>
		<ovdesc>
			<p>To store information related to External Accrued Tax for AUMB.</p>
		</ovdesc>
		<ovimage/>
	</overview>

	<menu>

		<t>
			<field>ACCRUED.TAX</field>
			<desc>
				<p>Daily Accrued Tax on the basis of Accrual Amt field from AA.INTEREST.ACCRUAL will be stored in this field. </p>
			</desc>
		</t>

	</menu> 

</t24help>