<?xml version="1.0" encoding="utf-8"?>
<t24help>
    <header>
        <product>AA</product>
        <table>AA.PRD.DES.ACCOUNT</table>
    </header>
    <menu>
        <t>
            <field>DESCRIPTION</field>
            <desc>
                <p>Provide description for the condition records</p>
            </desc>
        </t>
        <t>
            <field>CATEGORY</field>
            <desc>
                <p>Mention the relevant CATEGORY record</p>
            </desc>
        </t>
        <t>
            <field>CURRENCY</field>
            <desc>
                <p>Identifies the Currency of the Account.It must be an existing code on the CURRENCY Table.</p>
            </desc>
        </t>
        <t>
            <field>ACCOUNT.TITLE.1</field>
            <desc>
                <p>Provide the account title (multilanguage field)</p>
            </desc>
        </t>
        <t>
            <field>ACCOUNT.TITLE.2</field>
            <desc>
                <p>Provide the account title (multilanguage field)</p>
            </desc>
        </t>
        <t>
            <field>SHORT.TITLE</field>
            <desc>
                <p>Provide a short description for the record</p>
            </desc>
        </t>
        <t>
            <field>MNEMONIC</field>
            <desc>
                <p>Specify the mnemonic</p>
            </desc>
        </t>
        <t>
            <field>POSTING.RESTRICT</field>
            <desc>
                <p>Define a posting restriction code applicable at the arrangement level</p>
            </desc>
        </t>
        <t>
            <field>START.DATE</field>
            <desc>
                <p>Please specify from when posting restriction is applicable for the arrangement.</p>
            </desc>
        </t>
        <t>
            <field>BLOCKING.CODE</field>
            <desc>
                <p>Please specify the appropriate blocking codes from EB.LOOKUP table for the posting restrictions</p>
            </desc>
        </t>
        <t>
            <field>BLOCKING.REASON</field>
            <desc>
                <p>Please specify the reason for blocking. </p>
            </desc>
        </t>
        <t>
            <field>EXPIRY.DATE</field>
            <desc>
                <p>Please specify the end date of the posting restriction</p>
            </desc>
        </t>
        <t>
            <field>UNBLOCKING.CODE</field>
            <desc>
                <p>Define the Description when removing the restriction.</p>
            </desc>
        </t>
        <t>
            <field>UNBLOCKING.REASON</field>
            <desc>
                <p>Define the reason for the removal of restriction</p>
            </desc>
        </t>
        <t>
            <field>BASE.DATE.TYPE</field>
            <desc>
                <p>Indicate if the Anniversary field should be from the agreement date or from the first disbursement date(start).</p>
            </desc>
        </t>
        <t>
            <field>DATE.CONVENTION</field>
            <desc>
                <p>Indicate the date convention method which needs to be used for automatic generation of payment schedules</p>
            </desc>
        </t>
        <t>
            <field>DATE.ADJUSTMENT</field>
            <desc>
                <p>Indicate the date adjustment method which needs to be chosen during automatic generation of payment schedules</p>
            </desc>
        </t>
        <t>
            <field>BUS.DAY.CENTRES</field>
            <desc>
                <p>Indicate the countries whose calenders need to be checked for holidays</p>
            </desc>
        </t>
        <t>
            <field>PORTFOLIO.ID</field>
            <desc>
                <p>Mention the portfolio reference to link the arrangement</p>
            </desc>
        </t>
        <t>
            <field>MANDATE.APPL</field>
            <desc>
                <p>Specify the application for which the mandate settings should be applied</p>
            </desc>
        </t>
        <t>
            <field>MANDATE.REG</field>
            <desc>
                <p>Indicate the rule to trigger the mandate checking</p>
            </desc>
        </t>
        <t>
            <field>MANDATE.RECORD</field>
            <desc>
                <p>Indicate the MANDATE record that needs to be checked.</p>
            </desc>
        </t>
        <t>
            <field>REFERAL.CODE</field>
            <desc>
                <p>Specify the conditions for inclusion of account details or the account entries in the end of day report for referring to the Account Officer</p>
            </desc>
        </t>
        <t>
            <field>INACTIVE.MONTHS</field>
            <desc>
                <p>Indicate the Number of months without customer activity before an Arrangement Account is declared as Inactive</p>
            </desc>
        </t>
        <t>
            <field>PR.ATTRIBUTE</field>
            <desc>
                <p>Mention the set of Attributes which define the names of the rule</p>
            </desc>
        </t>
        <t>
            <field>PR.VALUE</field>
            <desc>
                <p>Please enter a value from the AA.PERIODIC.ATTRIBUTE.CLASS which will be applied on certain attributes of the property classes over a period of time.</p>
            </desc>
        </t>
        <t>
            <field>PR.BRK.RES</field>
            <desc>
                <p>Define the action to be applied when a rule is broken</p>
            </desc>
        </t>
        <t>
            <field>PR.BRK.CHARGE</field>
            <desc>
                <p>Define the charge which needs to be applied when a rule is broken</p>
            </desc>
        </t>
        <t>
            <field>PR.APP.METHOD</field>
            <desc>
                <p>Define the application period for current application method</p>
            </desc>
        </t>
        <t>
            <field>PR.APP.PERIOD</field>
            <desc>
                <p>Define the application method to be taken while applying periodic rule charges</p>
            </desc>
        </t>
        <t>
            <field>DEFAULT.NEGOTIABLE</field>
            <desc>
                <p>Indicate if all fields are negotiable.</p>
            </desc>
        </t>
        <t>
            <field>DEFAULT.ATTR.OPTION</field>
            <desc>
                <p>Define if the renewal conditions are to be reset from the product or not.</p>
            </desc>
        </t>
        <t>
            <field>NR.ATTRIBUTE</field>
            <desc>
                <p>Mention the attributes which have the defined negotiation rules set</p>
            </desc>
        </t>
        <t>
            <field>NR.OPTIONS</field>
            <desc>
                <p>Indicate a value applicable to the associated NR.ATTRIBUTE</p>
            </desc>
        </t>
        <t>
            <field>NR.TYPE</field>
            <desc>
                <p>Define the negotiation rule that needs to be linked to the field defined in NR.ATTRIBUTE</p>
            </desc>
        </t>
        <t>
            <field>NR.VALUE</field>
            <desc>
                <p>Define the value that links to the rule in field NR.RULE</p>
            </desc>
        </t>
        <t>
            <field>NR.MESSAGE</field>
            <desc>
                <p>Indicate whether to raise an ERROR message or an OVERRIDE message when the rule is broken</p>
            </desc>
        </t>
        <t>
            <field>PASSBOOK</field>
            <desc>
                <p>Specify whether a Passbook needs to be issued for the Arrangements created using this product.</p>
            </desc>
        </t>
    </menu>
</t24help>
