<?xml version="1.0" encoding="utf-8"?>
<t24help>
    <header>
        <product>AA</product>
        <table>AA.PRD.DES.DORMANCY</table>
    </header>
    <menu>
        <t>
            <field>DESCRIPTION</field>
            <desc>
                <p>Define the description of the PROPERTY</p>
            </desc>
        </t>
        <t>
            <field>STATUS</field>
            <desc>
                <p>Defines the dormancy status of the property</p>
            </desc>
        </t>
        <t>
            <field>PERIOD</field>
            <desc>
                <p>Specifies the period of inactivity of the accounts</p>
            </desc>
        </t>
        <t>
            <field>NOTICE.DAYS</field>
            <desc>
                <p>Defines the Number of days that the system should wait after reaching the corresponding status</p>
            </desc>
        </t>
        <t>
            <field>NOTICE.FREQ</field>
            <desc>
                <p>Specifies the frequency of the notice</p>
            </desc>
        </t>
        <t>
            <field>CHARGE.FREQUENCY</field>
            <desc>
                <p>Define the charge frequency of the property</p>
            </desc>
        </t>
        <t>
            <field>EXCEPTION.API</field>
            <desc>
                <p>Specify an API to filter the arrangements as an exception even if the Dormancy criteria is met</p>
            </desc>
        </t>
        <t>
            <field>EXCEPTION.RULE</field>
            <desc>
                <p>Specify the rule to filter the arrangement as an exception and not mark them as Dormant even though the dormancy criteria is met</p>
            </desc>
        </t>
        <t>
            <field>ACTIVITY.INITIATION</field>
            <desc>
                <p>Specify which activities are qualified to keep an account active</p>
            </desc>
        </t>
        <t>
            <field>ACTIVITY.CLASS</field>
            <desc>
                <p>Specify the Activity Class record</p>
            </desc>
        </t>
        <t>
            <field>ACTIVITY.NAME</field>
            <desc>
                <p>Please specify an AA Activty record</p>
            </desc>
        </t>
        <t>
            <field>INCLUDE.INDICATOR</field>
            <desc>
                <p>Define which Initiation Type</p>
            </desc>
        </t>
        <t>
            <field>DEFAULT.ATTR.OPTION</field>
            <desc>
                <p>Define if the dormancy conditions are to be reset from the product or not</p>
            </desc>
        </t>
        <t>
            <field>DEFAULT.NEGOTIABLE</field>
            <desc>
                <p>Define whether all attributes (fields) can be negotiable or not.</p>
            </desc>
        </t>
        <t>
            <field>NR.ATTRIBUTE</field>
            <desc>
                <p>Mention the attributes which have the defined negotiation rules set</p>
            </desc>
        </t>
        <t>
            <field>NR.OPTIONS</field>
            <desc>
                <p>Indicate a value applicable to the associated NR.ATTRIBUTE</p>
            </desc>
        </t>
        <t>
            <field>NR.TYPE</field>
            <desc>
                <p>Define the negotiation rule that needs to be linked to the field defined in NR.ATTRIBUTE</p>
            </desc>
        </t>
        <t>
            <field>NR.VALUE</field>
            <desc>
                <p>Define the value that links to the rule in field NR.RULE</p>
            </desc>
        </t>
        <t>
            <field>NR.MESSAGE</field>
            <desc>
                <p>Indicate whether to raise an ERROR message or an OVERRIDE message when the rule is broken</p>
            </desc>
        </t>
    </menu>
</t24help>
