<?xml version="1.0" encoding="utf-8"?>
<t24help>
    <header>
        <product>AA</product>
        <table>AA.PRD.DES.INTEREST.COMPENSATION</table>
    </header>
    <menu>
        <t>
            <field>DESCRIPTION</field>
            <desc>
                <p>Please provide the description for the current record</p>
            </desc>
        </t>
        <t>
            <field>RECIPIENT.PRODUCT</field>
            <desc>
                <p>Define the PRODUCT.GROUP which would act as a beneficiary for the bundle product.</p>
            </desc>
        </t>
        <t>
            <field>RECIPIENT.PROPERTY</field>
            <desc>
                <p>Indicate which PROPERTY  in the group above would act as a beneficiary in a bundle</p>
            </desc>
        </t>
        <t>
            <field>MAX.OFFSET</field>
            <desc>
                <p>Define the maximum percent of the recipient balance that can be offset by the Donation.</p>
            </desc>
        </t>
        <t>
            <field>DONOR.PRODUCT</field>
            <desc>
                <p>Define the product group which would act as a contributor or donor for the bundle product.</p>
            </desc>
        </t>
        <t>
            <field>DONOR.PROPERTY</field>
            <desc>
                <p>Indicate which property(ies) in the group above would act as contributor in a bundle. </p>
            </desc>
        </t>
        <t>
            <field>DONOR.ACCRUAL</field>
            <desc>
                <p>Indicate whether the bank would want to stop accruals on donor and accruals to happen only on recipient arrangement.</p>
            </desc>
        </t>
        <t>
            <field>DONOR.BALANCE.TYPE</field>
            <desc>
                <p>Specify the type of balance to be donated by the donor</p>
            </desc>
        </t>
        <t>
            <field>DONATE.TYPE</field>
            <desc>
                <p>Specify which balances(Credit or Debit) of the balance type should be used for Offset</p>
            </desc>
        </t>
        <t>
            <field>DEFAULT.NEGOTIABLE</field>
            <desc>
                <p>Indicate if all fields are negotiable.</p>
            </desc>
        </t>
        <t>
            <field>DEFAULT.ATTR.OPTION</field>
            <desc>
                <p>Define if the renewal conditions are to be reset from the product or not.</p>
            </desc>
        </t>
        <t>
            <field>NR.ATTRIBUTE</field>
            <desc>
                <p>Mention the attributes which have the defined negotiation rules set</p>
            </desc>
        </t>
        <t>
            <field>NR.OPTIONS</field>
            <desc>
                <p>Indicate a value applicable to the associated NR.ATTRIBUTE</p>
            </desc>
        </t>
        <t>
            <field>NR.TYPE</field>
            <desc>
                <p>Define the negotiation rule that needs to be linked to the field defined in NR.ATTRIBUTE</p>
            </desc>
        </t>
        <t>
            <field>NR.VALUE</field>
            <desc>
                <p>Define the value that links to the rule in field NR.RULE</p>
            </desc>
        </t>
        <t>
            <field>NR.MESSAGE</field>
            <desc>
                <p>Indicate whether to raise an ERROR message or an OVERRIDE message when the rule is broken</p>
            </desc>
        </t>
    </menu>
</t24help>
