<?xml version="1.0" encoding="utf-8"?>
<t24help xmlns:xsi="http://www.w3.org/2001/XMLSchema-instance">

    <header>
        <product>AA</product>
        <table>AA.PRD.PRF.ACTIVITY.API</table>
    </header>
    <overview>
        <ovdesc>
            <p>The ACTIVITY.API class is to used to define properties which has more then one pre/post routines merged from various levels of an AA product. User can define a combination of ACTIVITY.API based on the ACTIVITY, PROPERTY.CLASS and ACTION.</p>
            <p/>
            <p>           Say for example, we have product called HOME.LOAN at the top level, next we have Mortgage loan and Housing Loan under it at the second level and at the third level under Housing Loan we have Apartment Loan and Individual house Loan. So, we may like to check certain conditions or do some sort of calculation for each of these Levels. When, we define a Loan Product which comes under, say, Individual House loan scheme, but since it is derived from Housing Loan and again from HOME.LOAN, it should take all the relevant routines from all the three levels so that all conditions and calculations are taken into account.</p>
        </ovdesc>
    </overview>
    <menu>
        <t>
            <field>ID.COMP.3</field>
            <desc>
                <p>Contains the effective date of the property condition</p>
                <p>Not applicable at product level</p>
                <p>System updated field no input allowed</p>
                <p/>
            </desc>
        </t>
        <t>
            <field>ID.COMP.4</field>
            <desc>
                <p>Reserved for future use</p>
                <p>Not applicable at product level</p>
                <p>System field no input allowed</p>
                <p/>
            </desc>
        </t>
        <t>
            <field>ID.COMP.5</field>
            <desc>
                <p>Reserved for future use</p>
                <p>Not applicable at product level</p>
                <p>System field no input allowed</p>
                <p/>
            </desc>
        </t>
        <t>
            <field>ID.COMP.6</field>
            <desc>
                <p>Reserved for future use</p>
                <p>Not applicable at product level</p>
                <p>System field no input allowed</p>
                <p/>
            </desc>
        </t>
        <t>
            <field>NEGOTIATED.FLDS</field>
            <desc>
                <p>No input and multi value field that lists the attributes on the arrangement property record that have been fixed and/or negotiated. These are stored when the arrangement level record is committed. When the arrangement level record is next used all items in the NEGOTIATED.FIELDS list will be maintained.</p>
                <p>Once an attribute has been fixed or negotiated it will remain in negotiated field list on all subsequent dated versions of the property.</p>
            </desc>
        </t>
        <t>
            <field>NR.ATTRIBUTE</field>
            <desc>
                <p>Defines which individual attribute (field) has the negotiation rules defined in fields &quot;Nr.Negotiable&quot; through to &quot;Nr.Message&quot;</p>
                <p/>
                <p/>
                <p>Must be a valid field name within this property</p>
                <p>This field is part of a multi value set</p>
            </desc>
        </t>
        <t>
            <field>NR.MESSAGE</field>
            <desc>
                <p>This field indicates whether to raise error or override message when rule is broken</p>
                <p>Allows only two values ERROR or OVERRIDE</p>
                <p>ERROR error message is raised</p>
                <p>OVERRIDE Override message is generated</p>
                <p/>
            </desc>
        </t>
        <t>
            <field>NR.OPTIONS</field>
            <desc>
                <p>Defines named values to indicate if an option applies to the associated NR.ATTRIBUTE. More than one option can be associated with the NR.ATTRIBUTE, with certain restrictions.</p>
                <p/>
                <p/>
                <p>Valid Inputs are NEGOTIABLE, NON-NEGOTIABLE, OVERRIDE, FIX-VALUE, MANDATORY, COUNT as described below: -</p>
                <p/>
                <p>NEGOTIABLE</p>
                <p>The value of NEGOTIABLE will indicate that the associated NR.ATTRIBUTE can be negotiated at the arrangement level.</p>
                <p/>
                <p>NON-NEGOTIABLE</p>
                <p>The value of NON-NEGOTIABLE will indicate that the associated NR.ATTRIBUTE cannot be negotiated at the arrangement level. Both NEGOTIABLE and NON-NEGOTIABLE cannot be defined together</p>
                <p/>
                <p>OVERRIDE</p>
                <p>Specifies if a default override message should be generated if the default attribute is amended at the arrangement level. If OVERRIDE is not specified, no override will be generated.</p>
                <p/>
                <p>FIX-VALUE</p>
                <p>Specified if the field value is to be fixed at the arrangement level. If FIX-VALUE is not specified the field value will vary with the changes to the underlying product condition.</p>
                <p/>
                <p>MANDATORY</p>
                <p>Specifies if the attribute is mandatory for this product condition. Can only be specified where the attribute is not defined as mandatory in the property class.</p>
                <p/>
                <p>COUNT</p>
                <p>Specified to restrict the number of values that should satisfy the rule specified in NR.ATTRIBUTE.RULE. In absence of a rule, the count refers to the number of multi-value/sub-value.</p>
                <p>If the rule is not satisfied then error/override will be raised based on the NR.MESSAGE mentioned.</p>
            </desc>
        </t>
        <t>
            <field>NR.RESERVED1</field>
            <desc>
                <p>System Field - Reserved for future use</p>
                <p/>
            </desc>
        </t>
        <t>
            <field>NR.RESERVED2</field>
            <desc>
                <p>System Field - Reserved for future use</p>
                <p/>
            </desc>
        </t>
        <t>
            <field>ACTIVITY.CLASS</field>
            <desc>
                <p>Defines the Activity class ID under which the Pre/post routines will be Executed. The Activity.Class and Activity.ID are mutually exclusive fields.</p>
                <p/>
                <p>         This field can be expanded to give pre/post routines under various combinations of Activity.Class, Property.Class / Propertyand Action fields.</p>
                <p/>
                <p/>
                <p>         Up to 55 type A (alphanumeric) characters. Must be a valid AA.ACTIVITY.CLASS ID.</p>
                <p/>
                <p/>
            </desc>
        </t>
        <t>
            <field>NR.STD.COMP</field>
            <desc>
                <p>It is possible to define negotiation rules in EB.COMPARISON.TYPE.</p>
                <p/>
                <p/>
                <p/>
                <p>Input must be a valid record from EB.STANDARD.COMPARISON</p>
            </desc>
        </t>
        <t>
            <field>NR.TYPE</field>
            <desc>
                <p>Defines the negotiation rule that is linked to the field defined in &quot;Nr.Attribute&quot;. If an attribute has a negotiation rule linked to it (in associated fields NR.TYPE, NR.VALUE and NR.MESSAGE) the attribute must be defined as negotiable.</p>
                <p>It is possible to define more than one negotiation rule for an attribute</p>
                <p/>
                <p/>
                <p>Input must be a valid record from EB.COMPARISON.TYPE</p>
                <p>This is a multi value set of fields</p>
            </desc>
        </t>
        <t>
            <field>NR.VALUE</field>
            <desc>
                <p>Defines the value that links to the rule in field &quot;Nr.Type&quot;</p>
            </desc>
        </t>
        <t>
            <field>OVERRIDE</field>
            <desc>
                <p>Standard Override field containing override messages generated by amendments to this property</p>
                <p/>
            </desc>
        </t>
        <t>
            <field>OWNING.COMPANY</field>
            <desc>
                <p>This field is used to capture the T24 Company(ies) that own the Product Condition record. There is no functionality attached to this field and can be used only for access control through SMS verification.</p>
                <p/>
                <p>The input in this field must be a valid record in company table and should belong to current financial group.</p>
                <p/>
                <p>This is a multi value field. Input in this field is optional.</p>
            </desc>
        </t>
        <t>
            <field>PC.ACTION</field>
            <desc>
                <p>Defines the ACTION under which the Pre/post routines will be Executed. The ACTION is a mandatory field for a combination of ACTIVITY.CLASS / ACTIVITY and PROPERTY.CLASS / PROPERTY fields in a multi value set.</p>
                <p/>
                <p>         This field can be expanded along with a given PROPERTY.CLASS / PROPERTY.</p>
                <p/>
                <p/>
                <p>         Up to 16 type A (alphanumeric) characters. Must be a valid ACTION for the Property Class.</p>
            </desc>
        </t>
        <t>
            <field>POST.ROUTINE</field>
            <desc>
                <p>This field enables the user to define a routine to execute for a combination of ACTIVITY.CLASS / ACTIVITY and PROPERTY.CLASS / PROPERTY and ACTION fields.</p>
				<p/>
				<p>More than one post routine can be defined for an ACTIVITY,PROPERTY.CLASS,ACTION field combination.</p>
				<p/>
				<p>This Post Routine will be triggered only after the required Action was performed.</p>
				<p/>
				<p>This field must be a valid EB.API id.</p>
				<p/>
				<p>To enable a java component implementation the EB.API record must have a source type of METHOD and implement an interface defined in the EB.API record HOOK.AA.ACTIVITY.API.POST.ROUTINE.</p>
				<p/>
				<p>See the EB.API record HOOK.AA.ACTIVITY.API.POST.ROUTINE for the full list of supported interfaces.</p>
            </desc>
        </t>
        <t>
            <field>PR.APP.METHOD</field>
            <desc>
                <p>This will hold two values either DUE or CAPITALISE.This Field denote which application method(DUE or CAPITALISE)should be taken while applying periodic rule charges.</p>
                <p/>
            </desc>
        </t>
        <t>
            <field>PR.APP.PERIOD</field>
            <desc>
                <p>This will have to accept a valid T24 period.This Field will denote the application period for current aplication method.</p>
                <p/>
            </desc>
        </t>
        <t>
            <field>PR.ATTRIBUTE</field>
            <desc>
                <p>These are set of Attributes which define the names of the rule, which will be applied on certain attributes of property classes over a period of time.</p>
                <p/>
                <p/>
                <p>Input must be a valid record from AA.PERIODIC.ATTRIBUTE</p>
            </desc>
        </t>
        <t>
            <field>ACTIVITY.ID</field>
            <desc>
                <p>Defines the Activity ID under which the Pre/post routines will be Executed. The Activity.ID and Activity.Class are mutually exclusive fields.</p>
                <p/>
                <p>         This field can be expanded to give pre/post routines under various combinations of Activity.ID, Property.Class/Property and Action fields.</p>
                <p/>
                <p/>
                <p>         Up to 55 type A (alphanumeric) characters. Must be a valid AA.ACTIVITY ID.</p>
            </desc>
        </t>
        <t>
            <field>PR.BRK.CHARGE</field>
            <desc>
                <p>Charge can be collected when the periodic rule is broken</p>
                <p>This field denotes the charge property. The property and its condition is</p>
                <p>defined the product designer and validated during publishing</p>
                <p/>
                <p/>
                <p>Valid charge property</p>
            </desc>
        </t>
        <t>
            <field>PR.BRK.MSG</field>
            <desc>
                <p>Based on the PR.BRK.RES option selected, this will hold either an OVERRIDE or EB.ERROR id. By default the ids will be picked from the associated EB.COMPARISON.TYPE record. If CAP or FLOOR values are given, then the underlying AA.PERIODIC.ATTRIBUTE.CLASS should have this type defined in it.</p>
                <p/>
                <p/>
                <p>Input must be a valid OVERRIDE ID or EB.ERROR ID.</p>
            </desc>
        </t>
        <t>
            <field>PR.BRK.RES</field>
            <desc>
                <p>When a rule is broken what action needs to be taken is defined here. Currently, the various options available are </p>
                <p/>
                <p>Error block further processing</p>
                <p>Override Give an override</p>
                <p>Information  Record details only</p>
                <p>CAP the rule value is to be used as a CAP if the rule is broken</p>
                <p>FLOOR the rule value is to be used as a FLOOR if the rule is broken</p>
                <p/>
                <p/>
                <p>Should be one of the above valid options</p>
            </desc>
        </t>
        <t>
            <field>PR.RESERVED.1</field>
            <desc>
                <p>System field - reserved for future use</p>
                <p/>
            </desc>
        </t>
        <t>
            <field>PR.RESERVED.2</field>
            <desc>
                <p>System field - reserved for future use</p>
                <p/>
            </desc>
        </t>
        <t>
            <field>PR.RESERVED.3</field>
            <desc>
                <p>System field - reserved for future use</p>
                <p/>
            </desc>
        </t>
        <t>
            <field>PR.VALUE</field>
            <desc>
                <p>This is the actual rule value, which will be applied on certain attributes of the property classes over a period of time.</p>
                <p/>
                <p/>
                <p>Input must be a valid data type defined in the corresponding</p>
                <p>AA.PERIODIC.ATTRIBUTE.CLASS record.</p>
            </desc>
        </t>
        <t>
            <field>PRE.ROUTINE</field>
            <desc>
               <p>This field enables the user to define a routine to execute for a combination of ACTIVITY.CLASS / ACTIVITY and PROPERTY.CLASS / PROPERTY and ACTION fields.</p>
			   <p/>
			   <p>More than one pre routine can be defined for an ACTIVITY,PROPERTY.CLASS,ACTION field combination.</p>
			   <p/>
			   <p>The Pre Routine will be triggered before the required Action is triggered</p>
			   <p/>
			   <p>This field must be a valid EB.API id.</p>
			   <p/>
	        </desc>
        </t>
        <t>
            <field>PRE.VALIDATE.RTN</field>
            <desc>
                <p>This field enables the user to define a routine to fire a local API before the system begins to perform its core validation based on the contents of the property.</p>
				<p/>
				<p>So, basically, user could populate the non-mandatory, but linked fields using this API.</p>
				<p/>
				<p>The difference between this API and the VALIDATE.RTN is that - the former fires before the core validation whilst the latter fires AFTER the system's core validation has been completed.</p>
				<p/>
				<p>This field must be a valid EB.API id.</p>
				<p/>
				<p>To enable a java component implementation the EB.API record must have a source type of METHOD and implement an interface defined in the EB.API record HOOK.AA.ACTIVITY.API.PRE.VAL.RTN.</p>
				<p/>
				<p>See the EB.API record HOOK.AA.ACTIVITY.API.PRE.VAL.RTN for the full list of supported interfaces.</p>
				<p/>
            </desc>
        </t>
        <t>
            <field>PRODUCT.KEY</field>
            <desc>
                <p>This field represents the key to the product level conditions of a property class</p>
                <p>This field basically has three components seperated by a hyphen</p>
                <p>Condition id</p>
                <p>Currency - if the property class is currency based. By default takes up local currency</p>
                <p>Effective date - if the property class is dated</p>
                <p/>
            </desc>
        </t>
        <t>
            <field>CHANGED.FIELDS</field>
            <desc>
                <p>No input and multi value field - lists all fields that have been negotiated for each dated version of the property. For a subsequently dated property, the attributes listed in this field will appear in &quot;Negotiated.Fields&quot; and only newly negotiated fields will appear on &quot;Changed.Fields&quot;</p>
                <p/>
                <p/>
            </desc>
        </t>
        <t>
            <field>PROPERTY</field>
            <desc>
                <p>Defines the Property ID under which the Pre/post routines will be Executed. The Property.Class and Property are mutually exclusive fields.</p>
                <p/>
                <p>         This field can be expanded to give pre/post routines under various combinations of Activity.Class/Activity, Property.Class / Property and Action fields.</p>
                <p/>
                <p/>
                <p>         Up to 30 type A (alphanumeric) characters. Must be a valid AA.PROPERTY ID.</p>
                <p/>
            </desc>
        </t>
        <t>
            <field>PROPERTY.CLASS</field>
            <desc>
                <p>Defines the Property.Class ID under which the Pre/post routines will be Executed. The Property.Class and Property are mutually exclusive fields.</p>
                <p/>
                <p>         This field can be expanded to give pre/post routines under various combinations of Activity.Class/Activity, Property.Class / Property and Action fields.</p>
                <p/>
                <p/>
                <p>         Up to 30 type A (alphanumeric) characters. Must be a valid AA.PROPERTY.CLASS ID.</p>
                <p/>
            </desc>
        </t>
        <t>
            <field>RECORD.RTN</field>
            <desc>
                <p>This field enables the user to define a routine to execute for a combination of ACTIVITY.CLASS / ACTIVITY and PROPERTY.CLASS / PROPERTY and ACTION fields.</p>
				<p/>
				<p>More than one post routine can be defined for an ACTIVITY,PROPERTY.CLASS,ACTION field combination.</p>
				<p/>
				<p>The Record Routine will be triggered when the given property is read before the action processing.</p>
				<p/>
				<p>This field must be a valid EB.API id.</p>
				<p/>
				<p>To enable a java component implementation the EB.API record must have a source type of METHOD and implement an interface defined in the EB.API record HOOK.AA.ACTIVITY.API.RECORD.RTN.</p>
				<p/>
				<p>See the EB.API record HOOK.AA.ACTIVITY.API.RECORD.RTN for the full list of supported interfaces.</p>
            </desc>
        </t>
        <t>
            <field>STMT.NOS</field>
            <desc>
                <p>System field - not used for property conditions</p>
                <p/>
            </desc>
        </t>
        <t>
            <field>SYS.RESERVE1</field>
            <desc>
                <p>System field - reserved for future use</p>
                <p/>
            </desc>
        </t>
        <t>
            <field>SYS.RESERVE2</field>
            <desc>
                <p>System field - reserved for future use</p>
                <p/>
            </desc>
        </t>
        <t>
            <field>SYS.RESERVE3</field>
            <desc>
                <p>System field - reserved for future use</p>
                <p/>
            </desc>
        </t>
        <t>
            <field>SYS.RESERVE4</field>
            <desc>
                <p>System field - reserved for future use</p>
                <p/>
            </desc>
        </t>
        <t>
            <field>SYS.RESERVE5</field>
            <desc>
                <p>System field - reserved for future use</p>
                <p/>
            </desc>
        </t>
        <t>
            <field>SYS.RESERVE6</field>
            <desc>
                <p>System field - reserved for future use</p>
                <p/>
            </desc>
        </t>
        <t>
            <field>DEFAULT.ATTR.OPTION</field>
            <desc>
                <p>Optional field - Allowed Values are RESETTING and NON-RESETTING.</p>
                <p/>
                <p> RESETTING - During any Renewal Activities (for eg : change.product, rollover or reset) the property conditions will be reset from the product.</p>
                <p/>
                <p> NON-RESETTING - During any Renewal Activities property conditions will be maintained from the Arrangement level.</p>
                <p/>
                <p> Leaving the field blank sets NON-RESETTING as the default option.</p>
                <p/>
            </desc>
        </t>
        <t>
            <field>SYS.RESERVE7</field>
            <desc>
                <p>System field - reserved for future use</p>
                <p/>
            </desc>
        </t>
        <t>
            <field>TARGET.PRODUCT</field>
            <desc>
                <p>This field denotes the target classic product of the given property class</p>
                <p/>
                <p>The already existing T24 products are mapped using AA infrastructure</p>
                <p>These are called classic products</p>
                <p>These products are mapped to different property clases</p>
                <p/>
            </desc>
        </t>
        <t>
            <field>VALIDATE.RTN</field>
            <desc>
                <p>This field enables the user to define a routine to execute for a combination of ACTIVITY.CLASS / ACTIVITY and PROPERTY.CLASS / PROPERTY and ACTION fields.</p>
				<p/>
				<p>Validate routine will get triggered after core validation is complete.</p>
				<p/>
				<p>This field must be a valid EB.API id.</p>
				<p/>
				<p>To enable a java component implementation the EB.API record must have a source type of METHOD and implement an interface defined in the EB.API record HOOK.AA.ACTIVITY.API.VALIDATE.RTN.</p>
				<p/>
				<p>See the EB.API record HOOK.AA.ACTIVITY.API.VALIDATE.RTN for the full list of supported interfaces.</p>
				<p/>
			</desc>
        </t>
        <t>
            <field>DEFAULT.NEGOTIABLE</field>
            <desc>
                <p>Defines whether all attributes (fields) can be negotiable or not.</p>
                <p/>
                <p/>
                <p>This field is Mandatory</p>
                <p>Valid options are YES and NO</p>
            </desc>
        </t>
        <t>
            <field>DESCRIPTION</field>
            <desc>
                <p>Describes this condition record and is used for enrichment.</p>
                <p/>
                <p>This field can be expanded to allow the User to enter the Description of the property condition in various languages. Each expansion of the field will correspond to a new Language as defined in the LANGUAGE table (Ref: GENERAL TABLES), and will indicate to the User the Language in which the Description must be entered.</p>
                <p/>
                <p/>
                <p>Up to 35 type A (alphanumeric) characters</p>
                <p/>
            </desc>
        </t>
        <t>
            <field>FULL.DESCRIPTION</field>
            <desc>
                <p>Help Text for this field is unavailable.  Please refer to the T24 User Guides for further information.</p>
            </desc>
        </t>
        <t>
            <field>ID.COMP.1</field>
            <desc>
                <p>Contains the arrangement number, extracted from the first component of the id</p>
                <p>Not applicable at product level</p>
                <p>System updated field no input allowed</p>
                <p/>
            </desc>
        </t>
        <t>
            <field>ID.COMP.2</field>
            <desc>
                <p>The action that was triggered on the arrangement property</p>
                <p>The action is taken from ACTIVITY.CLASS record of the underlying AA.ARRANGEMENT.ACTIVITY request that caused the record to be modified.</p>
                <p/>
            </desc>
        </t>
    <t><field>NR.ATTRIBUTE.RULE</field><desc><p>Help Text for this field is unavailable.  Please refer to the T24 User Guides for further information.</p></desc></t><t><field>NR.VALUE.SOURCE</field><desc><p>Help Text for this field is unavailable.  Please refer to the T24 User Guides for further information.</p></desc></t><t><field>API.ATTRIBUTE</field><desc><p>Help Text for this field is unavailable.  Please refer to the T24 User Guides for further information.</p></desc></t></menu>
</t24help>
