<?xml version="1.0" encoding="utf-8"?>
<t24help xmlns:xsi="http://www.w3.org/2001/XMLSchema-instance">
	<header>
		<product>NZBASE</product>
		<title>
		</title>
		<table>AA.PRD.CAT.XNZ.ADDITIONAL.INFO</table>
	</header>
	<overview>
		<ovdesc>
			<p> To store information related to External settlement Account Number for NZMB. </p>
			<p></p>
		</ovdesc>
		<ovimage>
		</ovimage>
	</overview>
	   <menu>
        <t>
            <field>SETTLE.ACCT.TYPE</field>
            <desc>
                <p> Settlement Account Type indicates whether account is a pay-in or pay-out account. </p>
            </desc>
        </t>
        <t>
            <field>SETTLE.ACCT.NUMBER</field>
            <desc>
                <p> Account name pertaining to the non-T24 pay-out account number will be captured in this field. </p>
            </desc>
        </t>
              <t>
            <field>SETTLE.ACCT.NAME</field>
            <desc>
                <p> Account name pertaining to the non-T24 pay-out account number will be captured in this field. </p>
            </desc>
        </t>
    </menu>
</t24help>
