<t24help>
<header>
<product>LENINS</product>
<title> </title>
<table>AA.PRD.PRF.XLOCINS</table>
</header>
<overview>
<ovdesc>
<p>The XLOCINS Property Condition establishes basic information on the arrangement, specific to an Individual LOCInsurance. Information such as the Insurance Type, Insurance Customer, Life/Disability status and respecive Preminum amount is setup within the product. </p>
<p></p>
</ovdesc>
<ovimage>
    </ovimage>
 </overview>
 <menu>
 <t>
 <field>INS.TYPE</field>
 <desc>
 <p>This field contains drop down of the Insurance Type:</p>
 <p>* Disability Insurance</p>
 <p>* Life Insurance</p>
 <p>* LOC Insurance</p>
 <p> And only these values are valid as these are maintained at EB.LOOKUP of INSURANCE.OPTION</p>
 </desc>
 </t> 
 <t>
 <field>INS.CUSTOMER</field>
 <desc>
 <p>The Co-borrower of Arrangement get defaulted at new arrangement creation. User can remove the Customer if not part of Insurance. Where there is change of Customer user need to trigger update XLOCINS Activity to update external property details</p>
 <p>Valid entry from CUSTOMER allowed</p>
 <p>Associated MV set</p>
 </desc>
 </t>
  <t>
  <field>LIFE.INS.FLAG</field>
  <desc>
  <p> A field to indicaate Life Insurance Flag of below</p>
  <p>* Accepted</p>
  <p>* Declined By Client</p>
  <p>* Cancelled By Client</p>
  <p>* Rejected By Insurance</p>

  <p> Associated MV with INS.CUSTOMER</p>
  </desc>
  </t>
  <t>
  <field>LIFE.INS.AMT</field>
  <desc>
  <p> Life Insurance Preminum amount stored here. Associated MV with INS.CUSTOMER</p>
   </desc>
   </t> 
    <t>
  <field>DISABILITY.FLAG</field>
  <desc>
  <p> A field to indicaate Disability Insurance Flag of below</p>
  <p>* Accepted</p>
  <p>* Declined By Client</p>
  <p>* Cancelled By Client</p>
  <p>* Rejected By Insurance</p>

  <p> Associated MV with INS.CUSTOMER</p>
  </desc>
  </t>
  <t>
  <field>DISABILITY.AMT</field>
  <desc>
  <p> Disability Insurance Preminum amount stored here. Associated MV with INS.CUSTOMER</p>
   </desc>
   </t> 
   </menu>
</t24help>