<?xml version="1.0" encoding="utf-8"?>
<t24help xmlns:xsi="http://www.w3.org/2001/XMLSchema-instance">
    <header>
        <product>AA</product>
        <table>AA.PRD.PRF.SUB.ARRANGEMENT.CONDITION</table>
    </header>
    <overview>
        <ovdesc>
            <p> SubArrangement Condition is a property class that defines the negotiation rules and default rules to be applied for the sub-arrangements. </p>
        </ovdesc>
    </overview>
    <menu>
        <t>
            <field>ID.COMP.2</field>
            <desc>
                <p>The action that was triggered on the arrangement property</p>
                <p/>
                <p>The action is taken from ACTIVITY.CLASS record of the underlying AA.ARRANGEMENT.ACTIVITY request that caused the record to be modified</p>
            </desc>
        </t>
        <t>
            <field>ID.COMP.3</field>
            <desc>
                <p>Contains the effective date of the property condition</p>
                <p/>
                <p>Not applicable at product level</p>
                <p/>
                <p>System updated field no input allowed</p>
            </desc>
        </t>
        <t>
            <field>ID.COMP.4</field>
            <desc>
                <p>Reserved for future use</p>
                <p/>
                <p>Not applicable at product level</p>
                <p/>
                <p>System field no input allowed</p>
            </desc>
        </t>
        <t>
            <field>ID.COMP.5</field>
            <desc>
                <p>Reserved for future use</p>
                <p/>
                <p>Not applicable at product level</p>
                <p/>
                <p>System field no input allowed</p>
            </desc>
        </t>
        <t>
            <field>ID.COMP.6</field>
            <desc>
                <p>Reserved for future use</p>
                <p/>
                <p>Not applicable at product level</p>
                <p/>
                <p>System field no input allowed</p>
            </desc>
        </t>
        <t>
            <field>K.TYPE</field>
            <desc>
                <p>Help Text for this field is unavailable.  Please refer to the T24 User Guides for further information.</p>
            </desc>
        </t>
        <t>
            <field>LINK</field>
            <desc>
                <p>For each attribute, it stores the Link in the order of Property*Product*ProductGroup*ProductLine*Currency separated by delimiter ~ to store the links wherever defined. </p>
                <p>This will be used to take the values/message against AA.ATTRIBUTE if more than 1 definition exist across.</p>
            </desc>
        </t>
        <t>
            <field>MESSAGE</field>
            <desc>
                <p>This field specifies whether to raise an error or override if the rule is broken in case of negotiation rule attributes.</p>
                <p>This will be defaulted from the AA.ATTRIBUTE if defined.</p>
            </desc>
        </t>
        <t>
            <field>NEGOTIATED.FLDS</field>
            <desc>
                <p>No input and multi value field that lists the attributes on the arrangement property record that have been fixed and/or negotiated. These are stored when the arrangement level record is committed. Once an attribute has been fixed or negotiated it will remain in negotiated field list on all subsequent dated versions of the property.</p>
            </desc>
        </t>
        <t>
            <field>NR.ATTRIBUTE</field>
            <desc>
                <p>Defines which individual attribute (field) has the negotiation rules defined in fields &quot;Nr.Negotiable&quot; through to &quot;Nr.Message&quot;</p>
                <p/>
                <p>Must be a valid field name within this property</p>
                <p/>
                <p>This field is part of a multi value set</p>
            </desc>
        </t>
        <t>
            <field>API.ATTRIBUTE</field>
            <desc>
                <p>Help Text for this field is unavailable.  Please refer to the T24 User Guides for further information.</p>
            </desc>
        </t>
        <t>
            <field>NR.ATTRIBUTE.RULE</field>
            <desc>
                <p>Help Text for this field is unavailable.  Please refer to the T24 User Guides for further information.</p>
            </desc>
        </t>
        <t>
            <field>NR.MESSAGE</field>
            <desc>
                <p>This field indicates whether to raise error or override message when rule is broken</p>
                <p/>
                <p>Allows only two values ERROR or OVERRIDE</p>
                <p/>
                <p>ERROR error message is raised</p>
                <p/>
                <p>OVERRIDE Override message is generated</p>
            </desc>
        </t>
        <t>
            <field>NR.OPTIONS</field>
            <desc>
                <p>Defines named values to indicate if an option applies to the associated NR.ATTRIBUTE. More than one option can be associated with the NR.ATTRIBUTE, with certain restrictions.</p>
                <p/>
                <p>Valid Inputs are NEGOTIABLE, NON-NEGOTIABLE, OVERRIDE, FIX-VALUE, MANDATORY, COUNT as described below: -</p>
                <p/>
                <p>NEGOTIABLE</p>
                <p/>
                <p>The value of NEGOTIABLE will indicate that the associated NR.ATTRIBUTE can be negotiated at the arrangement level.</p>
                <p/>
                <p>NON-NEGOTIABLE</p>
                <p/>
                <p>The value of NON-NEGOTIABLE will indicate that the associated NR.ATTRIBUTE cannot be negotiated at the arrangement level. Both NEGOTIABLE and NON-NEGOTIABLE cannot be defined together</p>
                <p/>
                <p>OVERRIDE</p>
                <p/>
                <p>Specifies if a default override message should be generated if the default attribute is amended at the arrangement level. If OVERRIDE is not specified, no override will be generated.</p>
                <p/>
                <p>FIX-VALUE</p>
                <p/>
                <p>Specified if the field value is to be fixed at the arrangement level. If FIX-VALUE is not specified the field value will vary with the changes to the underlying product condition.</p>
                <p/>
                <p>MANDATORY</p>
                <p/>
                <p>Specifies if the attribute is mandatory for this product condition. Can only be specified where the attribute is not defined as mandatory in the property class.</p>
                <p/>
                <p>COUNT</p>
                <p>Specified to restrict the number of values that should satisfy the rule specified in NR.ATTRIBUTE.RULE. In absence of a rule, the count refers to the number of multi-value/sub-value.</p>
                <p>If the rule is not satisfied then error/override will be raised based on the NR.MESSAGE mentioned.</p>
            </desc>
        </t>
        <t>
            <field>NR.STD.COMP</field>
            <desc>
                <p>Negotiation rules may be defined as a standard types in EB.STANDARD.COMPARISON. And those types may be used in this field.</p>
                <p/>
                <p>Input must be a valid record from EB.STANDARD.COMPARISON</p>
            </desc>
        </t>
        <t>
            <field>NR.TYPE</field>
            <desc>
                <p>Defines the negotiation rule that is linked to the field defined in &quot;Nr.Attribute&quot;. If an attribute has a negotiation rule linked to it (in associated fields NR.TYPE, NR.VALUE and NR.MESSAGE) the attribute must be defined as negotiable.</p>
                <p/>
                <p>It is possible to define more than one negotiation rule for an attribute</p>
                <p/>
                <p>Input must be a valid record from EB.COMPARISON.TYPE</p>
                <p/>
                <p>This is a multi value set of fields</p>
            </desc>
        </t>
        <t>
            <field>NR.VALUE</field>
            <desc>
                <p>Defines the value that links to the rule in field &quot;Nr.Type&quot;. For example, if the rule is not to allow a value to go below 10, then the Value of 10 has to be stated in this field and together with NR.TYPE would evaluate the rule.</p>
            </desc>
        </t>
        <t>
            <field>NR.VALUE.SOURCE</field>
            <desc>
                <p>Help Text for this field is unavailable.  Please refer to the T24 User Guides for further information.</p>
            </desc>
        </t>
        <t>
            <field>OWNING.COMPANY</field>
            <desc>
                <p>This field is used to capture the T24 Company(ies) that own the Product Condition record. There is no functionality attached to this field and can be used only for access control through SMS verification.</p>
                <p/>
                <p>The input in this field must be a valid record in company table and should belong to current financial group.</p>
                <p/>
                <p>This is a multi value field. Input in this field is optional.</p>
            </desc>
        </t>
        <t>
            <field>PR.APP.METHOD</field>
            <desc>
                <p>This will hold two values either DUE, CAPITALISE or DEFER. This Field denote which application method(DUE or CAPITALISE)should be taken while applying periodic rule charges. DEFER would not make anything DUE immediately. An option may be stated to define how long to defer.</p>
            </desc>
        </t>
        <t>
            <field>PR.APP.PERIOD</field>
            <desc>
                <p>This will have to accept a valid T24 period.The field indicates the period which is used for Evaluation of a rule. For example: If a field should not be allowed to increase more than 10000 with in a period of 1M, the field would actually hold the &quot;1M&quot; value.</p>
            </desc>
        </t>
        <t>
            <field>ATTRIBUTE</field>
            <desc>
                <p>This field specifies the AA.ATTRIBUTE for which the condition is defined.</p>
            </desc>
        </t>
        <t>
            <field>PR.ATTRIBUTE</field>
            <desc>
                <p>These are set of Attributes which define the names of the rule, which will be applied on certain attributes of property classes over a period of time.</p>
                <p/>
                <p>Input must be a valid record from AA.PERIODIC.ATTRIBUTE</p>
            </desc>
        </t>
        <t>
            <field>PR.BRK.CHARGE</field>
            <desc>
                <p>Charge can be collected when the periodic rule is broken.</p>
                <p>This field denotes the charge property. The property and its condition is defined the product designer and validated during publishing.</p>
                <p/>
                <p>Valid charge property</p>
            </desc>
        </t>
        <t>
            <field>PR.BRK.MSG</field>
            <desc>
                <p>Based on the PR.BRK.RES option selected, this will hold either an OVERRIDE or EB.ERROR id. By default the ids will be picked from the associated EB.COMPARISON.TYPE record. If CAP or FLOOR values are given, then the underlying AA.PERIODIC.ATTRIBUTE.CLASS should have this type defined in it.</p>
                <p/>
                <p>Input must be a valid OVERRIDE ID or EB.ERROR ID.</p>
            </desc>
        </t>
        <t>
            <field>PR.BRK.RES</field>
            <desc>
                <p>When a rule is broken what action needs to be taken is defined here. Currently, the various options available are</p>
                <p/>
                <p>Error - Blocks further processing</p>
                <p/>
                <p>Override - Gives an override</p>
                <p/>
                <p>Information - Records details only</p>
                <p/>
                <p>CAP the rule value is to be used as a CAP if the rule is broken(basically for Interest processing during COB)</p>
                <p/>
                <p>FLOOR the rule value is to be used as a FLOOR if the rule is broken.</p>
                <p/>
                <p>(basically for Interest processing during COB)</p>
                <p/>
                <p>Should be one of the above valid options</p>
            </desc>
        </t>
        <t>
            <field>PR.VALUE</field>
            <desc>
                <p>This is the actual rule value, which will be applied on certain attributes of the property classes over a period of time.</p>
                <p/>
                <p>Input must be a valid data type defined in the corresponding</p>
                <p/>
                <p>AA.PERIODIC.ATTRIBUTE.CLASS record.</p>
            </desc>
        </t>
        <t>
            <field>PRODUCT</field>
            <desc>
                <p>It defines the Product for which the condition is applicable. Could be left blank to define a condition for all the Products.</p>
            </desc>
        </t>
        <t>
            <field>PRODUCT.GROUP</field>
            <desc>
                <p>This defines the Product Group for which the condition is applicable. Could be left blank to define a condition for all the Product Groups.</p>
            </desc>
        </t>
        <t>
            <field>PRODUCT.KEY</field>
            <desc>
                <p>Help Text for this field is unavailable.  Please refer to the T24 User Guides for further information.</p>
            </desc>
        </t>
        <t>
            <field>PRODUCT.LINE</field>
            <desc>
                <p>It defines the Product Line for which the condition is applicable. Could be left blank to define a condition for all the Product Lines.</p>
            </desc>
        </t>
        <t>
            <field>PROPERTY</field>
            <desc>
                <p>This defines the Property for which the condition is applicable. Could be left blank to define a condition for all the Properties.</p>
            </desc>
        </t>
        <t>
            <field>CHANGED.FIELDS</field>
            <desc>
                <p>No input and multi value field - lists all fields that have been negotiated for each dated version of the property. This is system maintained and is crucial for Reverse and Replay functionality. This field indicates which attributes have undergone a change in this instance. The difference between this field in NEGOTIATED.FIELDS is that the latter would hold ALL the negotiations that have happened till this moment and CHANGED.FIELDS would only hold the negotiated fields for that activity.</p>
            </desc>
        </t>
        <t>
            <field>PROPERTY.CLASS</field>
            <desc>
                <p>System Maintained field to consolidate the details at Property Class level from AA.ATTRIBUTE.</p>
            </desc>
        </t>
        <t>
            <field>RESERVED.1</field>
            <desc>
                <p>Reserved for future use</p>
            </desc>
        </t>
        <t>
            <field>RESERVED.2</field>
            <desc>
                <p>Reserved for future use</p>
            </desc>
        </t>
        <t>
            <field>RESERVED.3</field>
            <desc>
                <p>Reserved for future use.</p>
            </desc>
        </t>
        <t>
            <field>RESERVED.4</field>
            <desc>
                <p>Reserved for future use.</p>
            </desc>
        </t>
        <t>
            <field>RESERVED.5</field>
            <desc>
                <p>Reserved for future use.</p>
            </desc>
        </t>
        <t>
            <field>STMT.NOS</field>
            <desc>
                <p>System field - not used for property conditions</p>
            </desc>
        </t>
        <t>
            <field>SYS.ATTRIBUTE</field>
            <desc>
                <p>System Maintained field to consolidate AA.ATTRIBUTE at Property Class level.</p>
            </desc>
        </t>
        <t>
            <field>TARGET.PRODUCT</field>
            <desc>
                <p>This field denotes the target classic product of the given property class</p>
                <p/>
                <p>The already existing T24 products are mapped using AA infrastructure</p>
                <p/>
                <p>These are called classic products</p>
                <p/>
                <p>These products are mapped to different property clases</p>
            </desc>
        </t>
        <t>
            <field>TYPE</field>
            <desc>
                <p>Indicates Negotiation Or Default Type.</p>
            </desc>
        </t>
        <t>
            <field>CURRENCY</field>
            <desc>
                <p>It defines the Currency for which the condition is applicable. Could be left blank to define a condition for all the Currencies.</p>
            </desc>
        </t>
        <t>
            <field>VALUE</field>
            <desc>
                <p>It specifies the value for the attribute. This value have to be a valid value for the attribute.</p>
                <p>For example: If the attribute is Minimum Term, then the value can be 2Y and cannot be 5%.</p>
                <p>This will be defaulted from the AA.ATTRIBUTE if defined.</p>
            </desc>
        </t>
        <t>
            <field>DEFAULT.ATTR.OPTION</field>
            <desc>
                <p>Optional field - Allowed Values are RESETTING and NON-RESETTING.</p>
                <p/>
                <p>RESETTING - During any Renewal Activities (for ex : CHANGE.PRODUCT) the property conditions will be reset from the product.</p>
                <p/>
                <p>NON-RESETTING - During any Renewal Activities property conditions will be maintained from the Arrangement level.</p>
                <p/>
                <p>The overall definition may be stated as RESETTING and certain individual attributes may be set to NON-RESETTING as well. This could be done using the NR.ATTRIBUTE fields.</p>
                <p/>
                <p>Leaving the field blank sets NON-RESETTING as the default option.</p>
            </desc>
        </t>
        <t>
            <field>DEFAULT.NEGOTIABLE</field>
            <desc>
                <p>Defines whether all attributes (fields) can be negotiable or not. The overall definition may be stated as NON-NEGOTIABLE and certain individual attributes may be set to NEGOTIABLE as well. This could be done using the NR.ATTRIBUTE fields.</p>
                <p/>
                <p>This field is Mandatory</p>
                <p/>
                <p>Valid options are YES and NO</p>
            </desc>
        </t>
        <t>
            <field>DESCRIPTION</field>
            <desc>
                <p>Used to define the Description of a product condition. Language specific field and multiple language descriptions are supported</p>
            </desc>
        </t>
        <t>
            <field>FULL.DESCRIPTION</field>
            <desc>
                <p>Help Text for this field is unavailable.  Please refer to the T24 User Guides for further information.</p>
            </desc>
        </t>
        <t>
            <field>ID.COMP.1</field>
            <desc>
                <p>Contains the arrangement number, extracted from the first component of the id</p>
                <p/>
                <p>Not applicable at product level</p>
                <p/>
                <p>System updated field no input allowed</p>
            </desc>
        </t>
    </menu>
</t24help>
