<?xml version="1.0" encoding="UTF-8" standalone="yes"?>
<t24help>
     <header>
        <product>HUWRNT</product>
		<title>
		</title>
        <table>AA.PRD.CAT.XWARRANT.CHECK</table>
    </header>
    <overview>
        <ovdesc>
            <p>The XWARRANT.CHECK Property Condition establishes basic information on the arrangement, specific to perform validation in T24 when a new warrant request is received. Information such as exempt amount required, clc allowed and warrant eligibility is setup within the product.
			</p>
            </ovdesc>
    </overview>
    <menu>
		<t>
            <field>EXEMPT.AMOUNT.REQUIRED</field>
            <desc>
                <p>Specifies whether product is eligible for exempt amount calculation. Valid input is Yes or No.</p>
            </desc>
        </t>
        <t>
            <field>CLC.ALLOWED</field>
            <desc>
                <p>Specifies whether CLC is allowed or not. Valid input is Yes or No.</p>
            </desc>
        </t>       
        <t>
            <field>WARRANT.ELIGIBILITY</field>
            <desc>
                <p>Specifies whether the account is eligible for warrant or not. Valid input is Yes or No.</p>
            </desc>
        </t>
    </menu>
</t24help>