<?xml version="1.0" encoding="utf-8"?>
<t24help xmlns:xsi="http://www.w3.org/2001/XMLSchema-instance">
    <header>
        <product>AA</product>
        <table>AA.PRD.CAT.PERIODIC.CHARGES</table>
    </header>
    <overview>
        <ovdesc>
            <p>The Periodic charges  Property Class is used by all products . </p>
            <p/>
            <p/>
        </ovdesc>
    </overview>
    <menu>
        <t>
            <field>FREE.CHARGE.GROUP</field>
            <desc>
                <p>This field has similar properties as that of ‘CHARGE.GROUP’ field, but will be associated with ‘FREE.TXN.CNT’ field, so as to allow definition of number of free transaction per group.</p>
            </desc>
        </t>
        <t>
            <field>FREE.TXN.CNT</field>
            <desc>
                <p>Defines the number of free transaction per group. Accepts a valid number or value ‘ALL’ denoting all transactions pertaining to group are exempted.</p>
            </desc>
        </t>
        <t>
            <field>FULL.DESCRIPTION</field>
            <desc>
                <p>Help Text for this field is unavailable.  Please refer to the T24 User Guides for further information.</p>
            </desc>
        </t>
        <t>
            <field>ID.COMP.1</field>
            <desc>
                <p>Contains the arrangement number, extracted from the first component of the id</p>
                <p>Not applicable at product level</p>
                <p>System updated field no input allowed</p>
                <p/>
            </desc>
        </t>
        <t>
            <field>ID.COMP.2</field>
            <desc>
                <p>The action that was triggered on the arrangement property</p>
                <p>The action is taken from ACTIVITY.CLASS record of the underlying AA.ARRANGEMENT.ACTIVITY request that caused the record to be modified.</p>
                <p/>
            </desc>
        </t>
        <t>
            <field>ID.COMP.3</field>
            <desc>
                <p>Contains the effective date of the property condition</p>
                <p>Not applicable at product level</p>
                <p>System updated field no input allowed</p>
                <p/>
            </desc>
        </t>
        <t>
            <field>ID.COMP.4</field>
            <desc>
                <p>Reserved for future use</p>
                <p>Not applicable at product level</p>
                <p>System field no input allowed</p>
                <p/>
            </desc>
        </t>
        <t>
            <field>ID.COMP.5</field>
            <desc>
                <p>Reserved for future use</p>
                <p>Not applicable at product level</p>
                <p>System field no input allowed</p>
                <p/>
            </desc>
        </t>
        <t>
            <field>ID.COMP.6</field>
            <desc>
                <p>Reserved for future use</p>
                <p>Not applicable at product level</p>
                <p>System field no input allowed</p>
                <p/>
            </desc>
        </t>
        <t>
            <field>INC.ALL.DEF.CHGS</field>
            <desc>
                <p>Indicates if all deferred charges should be included or not. Valid options - YES and NO </p>
                <p/>
                <p/>
            </desc>
        </t>
        <t>
            <field>ACTIVITY.ID</field>
            <desc>
                <p>Defines an activity on top of which charge amount is calculated. Activity defined here will be used to calculate base amount on top of which charge need to be calculated.</p>
            </desc>
        </t>
        <t>
            <field>INTERNAL.BOOKING</field>
            <desc>
                <p>If the field is flagged to YES, Income / expense will be posted to internal account category specified in Accounting condition instead of PL categories.  Default value would be NULL.</p>
            </desc>
        </t>
        <t>
            <field>MAX.CHG.AMOUNT</field>
            <desc>
                <p>Maximum charge amount can be specified for associated currency attribute. AA.CHARGE.DETAILS will be updated with the actual calculated charge amount and the charge amount that has been billed after applying MAX.CHG.AMOUNT. If currency is input either of Maximum or Minimum charge amount is mandatory.</p>
            </desc>
        </t>
        <t>
            <field>MAX.CHG.AMOUNT.CR</field>
            <desc>
                <p>Defines maximum charge amount to be paid for the currency attribute if the net charge amount is a Credit</p>
            </desc>
        </t>
        <t>
            <field>MIN.CHG.AMOUNT</field>
            <desc>
                <p>Minimum charge amount can be specified for associated currency attribute. AA.CHARGE.DETAILS will be updated with the actual calculated charge amount and the charge amount that has been billed after applying MIN.CHG.AMOUNT. If currency is input either of Maximum or Minimum charge amount is mandatory.</p>
            </desc>
        </t>
        <t>
            <field>MIN.CHG.AMOUNT.CR</field>
            <desc>
                <p>Defines minimum charge amount to be paid for the currency attribute if the net charge amount is a Credit</p>
            </desc>
        </t>
        <t>
            <field>NEGOTIATED.FLDS</field>
            <desc>
                <p>No input and multi value field that lists the attributes on the arrangement property record that have been fixed and/or negotiated. These are stored when the arrangement level record is committed. When the arrangement level record is next used all items in the NEGOTIATED.FIELDS list will be maintained.</p>
                <p>Once an attribute has been fixed or negotiated it will remain in negotiated field list on all subsequent dated versions of the property.</p>
            </desc>
        </t>
        <t>
            <field>NR.ATTRIBUTE</field>
            <desc>
                <p>Defines which individual attribute (field) has the negotiation rules defined in fields &quot;Nr.Negotiable&quot; through to &quot;Nr.Message&quot;</p>
                <p/>
                <p/>
                <p>Must be a valid field name within this property</p>
                <p>This field is part of a multi value set</p>
            </desc>
        </t>
        <t>
            <field>NR.MESSAGE</field>
            <desc>
                <p>This field indicates whether to raise error or override message when rule is broken</p>
                <p>Allows only two values ERROR or OVERRIDE</p>
                <p>ERROR error message is raised</p>
                <p>OVERRIDE Override message is generated</p>
                <p/>
            </desc>
        </t>
        <t>
            <field>NR.OPTIONS</field>
            <desc>
                <p>Defines named values to indicate if an option applies to the associated NR.ATTRIBUTE. More than one option can be associated with the NR.ATTRIBUTE, with certain restrictions.</p>
                <p/>
                <p/>
                <p>Valid Inputs are NEGOTIABLE, NON-NEGOTIABLE, OVERRIDE, FIX-VALUE, MANDATORY, COUNT as described below: -</p>
                <p/>
                <p>NEGOTIABLE</p>
                <p>The value of NEGOTIABLE will indicate that the associated NR.ATTRIBUTE can be negotiated at the arrangement level.</p>
                <p/>
                <p>NON-NEGOTIABLE</p>
                <p>The value of NON-NEGOTIABLE will indicate that the associated NR.ATTRIBUTE cannot be negotiated at the arrangement level. Both NEGOTIABLE and NON-NEGOTIABLE cannot be defined together</p>
                <p/>
                <p>OVERRIDE</p>
                <p>Specifies if a default override message should be generated if the default attribute is amended at the arrangement level. If OVERRIDE is not specified, no override will be generated.</p>
                <p/>
                <p>FIX-VALUE</p>
                <p>Specified if the field value is to be fixed at the arrangement level. If FIX-VALUE is not specified the field value will vary with the changes to the underlying product condition.</p>
                <p/>
                <p>MANDATORY</p>
                <p>Specifies if the attribute is mandatory for this product condition. Can only be specified where the attribute is not defined as mandatory in the property class.</p>
                <p/>
                <p>COUNT</p>
                <p>Specified to restrict the number of values that should satisfy the rule specified in NR.ATTRIBUTE.RULE. In absence of a rule, the count refers to the number of multi-value/sub-value.</p>
                <p>If the rule is not satisfied then error/override will be raised based on the NR.MESSAGE mentioned.</p>
            </desc>
        </t>
        <t>
            <field>NR.RESERVED1</field>
            <desc>
                <p>System Field - Reserved for future use</p>
                <p/>
            </desc>
        </t>
        <t>
            <field>CHANGED.FIELDS</field>
            <desc>
                <p>No input and multi value field - lists all fields that have been negotiated for each dated version of the property. For a subsequently dated property, the attributes listed in this field will appear in &quot;Negotiated.Fields&quot; and only newly negotiated fields will appear on &quot;Changed.Fields&quot;</p>
                <p/>
                <p/>
            </desc>
        </t>
        <t>
            <field>NR.RESERVED2</field>
            <desc>
                <p>System Field - Reserved for future use</p>
                <p/>
            </desc>
        </t>
        <t>
            <field>NR.STD.COMP</field>
            <desc>
                <p>It is possible to define negotiation rules in EB.COMPARISON.TYPE.</p>
                <p/>
                <p/>
                <p/>
                <p>Input must be a valid record from EB.STANDARD.COMPARISON</p>
            </desc>
        </t>
        <t>
            <field>NR.TYPE</field>
            <desc>
                <p>Defines the negotiation rule that is linked to the field defined in &quot;Nr.Attribute&quot;. If an attribute has a negotiation rule linked to it (in associated fields NR.TYPE, NR.VALUE and NR.MESSAGE) the attribute must be defined as negotiable.</p>
                <p>It is possible to define more than one negotiation rule for an attribute</p>
                <p/>
                <p/>
                <p>Input must be a valid record from EB.COMPARISON.TYPE</p>
                <p>This is a multi value set of fields</p>
            </desc>
        </t>
        <t>
            <field>NR.VALUE</field>
            <desc>
                <p>Defines the value that links to the rule in field &quot;Nr.Type&quot;</p>
            </desc>
        </t>
        <t>
            <field>OVERRIDE</field>
            <desc>
                <p>Standard Override field containing override messages generated by amendments to this property</p>
                <p/>
            </desc>
        </t>
        <t>
            <field>OWNING.COMPANY</field>
            <desc>
                <p>This field is used to capture the T24 Company(ies) that own the Product Condition record. There is no functionality attached to this field and can be used only for access control through SMS verification.</p>
                <p/>
                <p>The input in this field must be a valid record in company table and should belong to current financial group.</p>
                <p/>
                <p>This is a multi value field. Input in this field is optional.</p>
            </desc>
        </t>
        <t>
            <field>PR.APP.METHOD</field>
            <desc>
                <p>This field denotes the application method that needs to be applied to the periodic rule charges.</p>
                <p>Allowed values are</p>
                <p>Due - The periodic rule charges are made due</p>
                <p>Capitalise - The periodic rule charges are capitalised</p>
                <p/>
            </desc>
        </t>
        <t>
            <field>PR.APP.PERIOD</field>
            <desc>
                <p>This field denotes the application period for the given periodic rule charges.</p>
                <p>The periodic rule charges will be applied at the end of the period. If the value defined is zero, then the charges are applied immediately.</p>
                <p>Standard T24 period field.</p>
                <p/>
            </desc>
        </t>
        <t>
            <field>PR.ATTRIBUTE</field>
            <desc>
                <p>These are set of Attributes which define the names of the rule, which will be applied on certain attributes of property classes over a period of time.</p>
                <p/>
                <p/>
                <p>Input must be a valid record from AA.PERIODIC.ATTRIBUTE</p>
            </desc>
        </t>
        <t>
            <field>PR.BRK.CHARGE</field>
            <desc>
                <p>Charge can be collected when the periodic rule is broken</p>
                <p>This field denotes the charge property. The property and its condition is</p>
                <p>defined the product designer and validated during publishing</p>
                <p/>
                <p/>
                <p>Valid charge property</p>
            </desc>
        </t>
        <t>
            <field>CHARGE.GROUP</field>
            <desc>
                <p>Defines the Charge sub-group to which the charge property belongs to. Different charge groups can be defined in virtual table AA.CHARGE.GROUP, which will be available as a drop down for user to select.</p>
            </desc>
        </t>
        <t>
            <field>PR.BRK.MSG</field>
            <desc>
                <p>Based on the PR.BRK.RES option selected, this will hold either an OVERRIDE or EB.ERROR id. By default the ids will be picked from the associated EB.COMPARISON.TYPE record. If CAP or FLOOR values are given, then the underlying AA.PERIODIC.ATTRIBUTE.CLASS should have this type defined in it.</p>
                <p/>
                <p/>
                <p>Input must be a valid OVERRIDE ID or EB.ERROR ID.</p>
            </desc>
        </t>
        <t>
            <field>PR.BRK.RES</field>
            <desc>
                <p>When a rule is broken what action needs to be taken is defined here. Currently, the various options available are </p>
                <p/>
                <p>Error block further processing</p>
                <p>Override Give an override</p>
                <p>Information  Record details only</p>
                <p>CAP the rule value is to be used as a CAP if the rule is broken</p>
                <p>FLOOR the rule value is to be used as a FLOOR if the rule is broken</p>
                <p/>
                <p/>
                <p>Should be one of the above valid options</p>
            </desc>
        </t>
        <t>
            <field>PR.RESERVED.1</field>
            <desc>
                <p>System field - reserved for future use</p>
                <p/>
            </desc>
        </t>
        <t>
            <field>PR.RESERVED.2</field>
            <desc>
                <p>System field - reserved for future use</p>
                <p/>
            </desc>
        </t>
        <t>
            <field>PR.RESERVED.3</field>
            <desc>
                <p>System field - reserved for future use</p>
                <p/>
            </desc>
        </t>
        <t>
            <field>PR.VALUE</field>
            <desc>
                <p>This is the actual rule value, which will be applied on certain attributes of the property classes over a period of time.</p>
                <p/>
                <p/>
                <p>Input must be a valid data type defined in the corresponding</p>
                <p>AA.PERIODIC.ATTRIBUTE.CLASS record.</p>
            </desc>
        </t>
        <t>
            <field>PRODUCT.KEY</field>
            <desc>
                <p>This field represents the key to the product level conditions of a property class</p>
                <p>This field basically has three components seperated by a hyphen</p>
                <p>Condition id</p>
                <p>Currency - if the property class is currency based. By default takes up local currency</p>
                <p>Effective date - if the property class is dated</p>
                <p/>
            </desc>
        </t>
        <t>
            <field>STMT.NOS</field>
            <desc>
                <p>System field - not used for property conditions</p>
                <p/>
            </desc>
        </t>
        <t>
            <field>SYS.RESERVE1</field>
            <desc>
                <p>System field - reserved for future use</p>
                <p/>
            </desc>
        </t>
        <t>
            <field>SYS.RESERVE2</field>
            <desc>
                <p>System field - reserved for future use</p>
                <p/>
            </desc>
        </t>
        <t>
            <field>CHARGE.PROPERTY</field>
            <desc>
                <p>Charge property associated with Charge activity specifies charge to be applied on schedule date. There can be multiple activities attached to single charge property If an activity is associated with charge then source type for the charge property is expected to be ACTIVITY and source calc type can be TXN.AMOUNT or COUNT TXN.AMOUNT – Sum of transaction amount for the associated activity in the given period COUNT – Total number of times when the activity has been triggered within schedule period If no ACTIVITY.ID is specified then charge is calculated on base balance if defined in product catalog</p>
            </desc>
        </t>
        <t>
            <field>SYS.RESERVE3</field>
            <desc>
                <p>System field - reserved for future use</p>
                <p/>
            </desc>
        </t>
        <t>
            <field>SYS.RESERVE4</field>
            <desc>
                <p>System field - reserved for future use</p>
                <p/>
            </desc>
        </t>
        <t>
            <field>SYS.RESERVE5</field>
            <desc>
                <p>System field - reserved for future use</p>
                <p/>
            </desc>
        </t>
        <t>
            <field>SYS.RESERVE6</field>
            <desc>
                <p>System field - reserved for future use</p>
                <p/>
            </desc>
        </t>
        <t>
            <field>SYS.RESERVE7</field>
            <desc>
                <p>System field - reserved for future use</p>
                <p/>
            </desc>
        </t>
        <t>
            <field>TARGET.PRODUCT</field>
            <desc>
                <p>This field denotes the target classic product of the given property class</p>
                <p/>
                <p>The already existing T24 products are mapped using AA infrastructure</p>
                <p>These are called classic products</p>
                <p>These products are mapped to different property clases</p>
                <p/>
            </desc>
        </t>
        <t>
            <field>WAIVE.CHG</field>
            <desc>
                <p>Attribute to specify if the entire periodic charge amount to be waived or not. Allowed values are ‘YES’ and NONE YES – Entire periodic charge amount to be waived None – Periodic charge amount to be applied If periodic charge amount is waived no accounting and bill will be generated, but charge details table will be updated with calculated amount and waived amount for individual charge property for information purposes</p>
            </desc>
        </t>
                <t>
            <field>ADJUST.TYPE</field>
            <desc>
                <p>Specifies the type of adjustment being done on charge amount.</p>
                <p>Adjust – Adjusting the final charge amount.</p>
                <p>Override – Overriding the final charge amount with a different amount.</p>
                <p>Waive – Waiving the charge altogether.</p>                       
            </desc>
        </t>
        <t>
            <field>ADJUST.AMOUNT</field>
            <desc>
                <p>Specifies the discount / mark up amount that need to be applied to the calculated charge amount.</p>
                <p>Example, for a debit charge, if the calculated charge amount is $100 and Discount amount is specified as $25 then the final charge amount will be $75 i.e. $100 - $25. For a credit charge, the final amount would be $125.</p>
                <p>Allowed input only when Adjustment type is ‘Adjust’.</p>
                <p>Mutually exclusive with ‘Adjust Percentage’.</p>
                <p>If the amount specified is greater than the calculated charge amount, then the entire charge will be discounted.</p>
            </desc>
        </t>
        <t>
            <field>ADJUST.OVERRIDE.AMOUNT</field>
            <desc>
                <p>Specifies the Actual Charge Amount i.e. the amount specified here will be final charge amount and no calculation will be done based on </p>
                <p>the actual condition or discount rules.Allowed input only when Adjustment type is ‘Override’.</p>
            </desc>
        </t> 
          
        <t>
            <field>ADJUST.REASON</field>
            <desc>
                <p>Dropdown list from virtual table AA.ADJUSTMENT.REASON.</p>
            </desc>
        </t>
        <t>
            <field>ADJUST.EXPIRY.DATE</field>
            <desc>
                <p>Specifies the date on which any discretionary user adjustment is no longer applied, and the arrangement resumes its standard charge processing.</p>
                <p>This is a relative date, allowing to the user to an expiry such as R_START + 2Y.</p>
            </desc>
        </t>
        <t>
            <field>REGIONAL.PRICING.LEVEL</field>
            <desc>
                <p>Specifies the Organization Level whose pricing is given to the arrangement.</p>
            </desc>
        </t>
        <t>
            <field>REGIONAL.PRICING.CODE</field>
            <desc>
                <p>Specifies the Organization code whose pricing is given to the arrangement.</p>
            </desc>
        </t>
        <t>
            <field>REGIONAL.PRICING.ADJ.OPERAND</field>
            <desc>
                <p>Specifies the ‘Adjustment Operand’ i.e. whether the specified Pricing Rules ‘Adjustment Amount’ or ‘Adjustment Percentage’ </p>
                <p>gets added, subtracted, or multiplied to the calculated charge amount.</p>
            </desc>
        </t>        
        <t>
            <field>REGIONAL.PRICING.ADJ.PERCENTAGE</field>
            <desc>
                <p>Specifies the Regional Pricing Adjustment Percentage by which the charge amount will be ‘Increased’ or ‘Decreased’ or ‘Multiplied’ based on the operand.</p>
            </desc>
        </t>
        <t>
            <field>REGIONAL.PRICING.ADJ.AMOUNT</field>
            <desc>
                <p>Specifies the Regional Pricing adjustment amount that need to be ‘added to’ or ‘subtracted from’ or ‘multiplied with’ the charge amount.</p>
            </desc>
        </t>
        <t>
            <field>REGIONAL.PRICING.AMOUNT</field>
            <desc>
                <p>Specifies the Actual Charge Amount i.e. the amount specified here will be the final charge amount and no further calculation will be done.</p>
            </desc>
        </t>
		<t>
            <field>REGIONAL.PRODUCT</field>
            <desc>
                <p>Field to indicate the Regional Product from which the Property control process change has happened</p>
				<p>System maintained field that will be loaded during the Regional Pricing process stage</p>
				<p>Would be a valid REGIONAL.VARIATIONS product</p>
            </desc>
        </t>
		<t>
            <field>REGIONAL.PROPERTY.CONTROL</field>
            <desc>
                <p>Field to store the Property Control operation for Regional Variation process</p>
				<p>Specifies the Process option which is Merge or Replace or Suppress based on Property Control definition</p>
				<p>System maintained field that will be loaded during the Regional Pricing process stage</p>
            </desc>
        </t>
        <t>
            <field>RELATIONSHIP.PRODUCT</field>
            <desc>
                <p>Field to indicate the relationship pricing plan(if any) that has influenced the rate on this arrangement. If a customer has a relationship with the bank which entitles for special margins, then the plan which has contributed to this margin would be updated here. Validation: System maintained field. Would be a valid RELATIONSHIP.PRICING product for this customer</p>
            </desc>
        </t>
        <t>
            <field>RELATIONSHIP.VARIATION</field>
            <desc>
                <p>This field holds the variation selected for the arrangement for charge pricing condition</p>
                <p/>
                <p>Validation Rules</p>
                <p/>
                <p>System maintained, NOINPUT allowed</p>
            </desc>
        </t>
        <t>
            <field>RELATIONSHIP.ADJ.OPERAND</field>
            <desc>
                <p>Specifies the ‘Adjustment Operand’ i.e. whether specified ‘Adjustment Amount’ or ‘Adjustment Percentage’ gets added or subtracted or multiplied to the calculated charge amount.</p>
            </desc>
        </t>
        <t>
            <field>RELATIONSHIP.ADJ.PERCENTAGE</field>
            <desc>
                <p>Specifies the Relationship Pricing Adjustment Percentage by which the charge amount will be ‘Increased’ or ‘Decreased’ or ‘Multiplied’ based on the operand.</p>
            </desc>
        </t>
        <t>
            <field>RELATIONSHIP.ADJ.AMOUNT</field>
            <desc>
                <p>Specifies the Relationship pricing adjustment amount that has to be ‘added to’ or ‘subtracted from’ or ‘multiplied with’ the charge amount.</p>
            </desc>
        </t>
        <t>
            <field>RELATIONSHIP.AMOUNT</field>
            <desc>
                <p>Flat amount as evaluated by the relationship of the customer with the bank. Would be evaluated based on the RELATIONSHIP arrangements held by the customer and also the definitions in PREFERENTIAL.PRICING as well as the rules in PRICING.RULES of this arrangement product. Validation: System maintained field. Would replace the system calculated amount for this property.</p>
            </desc>
        </t>
        <t>
            <field>PRICING.RULES.BENEFIT</field>
            <desc>
                <p>Specifies the name of the benefit the customer is receiving. * Will be updated with the Pricing Name specified in Pricing Rules.</p>
            </desc>
        </t>
        <t>
            <field>PRICING.RULES.ADJ.OPERAND</field>
            <desc>
                <p>Specifies the ‘Adjustment Operand’ i.e. whether the specified Pricing Rules ‘Adjustment Amount’ or ‘Adjustment Percentage’ gets added or subtracted or multiplied to the calculated charge amount.</p>
            </desc>
        </t>
        <t>
            <field>PRICING.RULES.ADJ.PERCENTAGE</field>
            <desc>
                <p>Specifies the Pricing Rules Adjustment Percentage by which the charge amount will be ‘Increased’ or ‘Decreased’ or ‘Multiplied’ based on the operand.</p>
            </desc>
        </t>
        <t>
            <field>PRICING.RULES.ADJ.AMOUNT</field>
            <desc>
                <p>Specifies the Pricing Rules adjustment amount that need to be ‘added to’ or ‘subtracted from’ or ‘multiplied with’ the charge amount.</p>
            </desc>
        </t>
        <t>
            <field>PRICING.RULES.AMOUNT</field>
            <desc>
                <p>Specifies the Actual Charge Amount i.e. the amount specified here will be final charge amount and no calculation will be done based on the actual condition or discount rules.</p>
            </desc>
        </t>
        <t>
            <field>ADJUST.PERCENTAGE</field>
            <desc>
                <p>Specifes the percentage by which the calculated charge amount will have to be reduced / increased.</p>
                <p>Allowed input only when Adjustment type is ‘Adjust’.</p>
                <p>Mutually exclusive with ‘Adjust Amount’.</p>
            </desc>
        </t>
        <t>
            <field>HANDOFF.CHARGE</field>
            <desc>
                <p> When the HANDOFF.CHARGE field value set as YES system will handover charge amount to settlement account and NO or NULL will continue the existing flow.</p>
            </desc>
        </t>
        <t>
            <field>CURRENCY</field>
            <desc>
                <p>It is possible to specify minimum and maximum periodic charge amount to be applied based on currency. If arrangement currency is not defined then no minimum or maximum periodic charge amount will be applied. It is associated with MAX.CHG.AMOUNT and MIN.CHG.AMOUNT attributes</p>
            </desc>
        </t>
        <t>
            <field>DEFAULT.ATTR.OPTION</field>
            <desc>
                <p>Optional field - Allowed Values are RESETTING and NON-RESETTING.</p>
                <p/>
                <p> RESETTING - During any Renewal Activities (for eg : change.product, rollover or reset) the property conditions will be reset from the product.</p>
                <p/>
                <p> NON-RESETTING - During any Renewal Activities property conditions will be maintained from the Arrangement level.</p>
                <p/>
                <p> Leaving the field blank sets NON-RESETTING as the default option.</p>
                <p/>
            </desc>
        </t>
        <t>
            <field>DEFAULT.NEGOTIABLE</field>
            <desc>
                <p>Defines whether all attributes (fields) can be negotiable or not.</p>
                <p/>
                <p/>
                <p>This field is Mandatory</p>
                <p>Valid options are YES and NO</p>
            </desc>
        </t>
        <t>
            <field>DEFERRED.CHARGE</field>
            <desc>
                <p>Represents a reference to the deferred charges which should be part of periodic charges processing </p>
            </desc>
        </t>
        <t>
            <field>DESCRIPTION</field>
            <desc>
                <p>Describes this condition record and is used for enrichment.</p>
                <p/>
                <p>This field can be expanded to allow the User to enter the Description of the property condition in various languages. Each expansion of the field will correspond to a new Language as defined in the LANGUAGE table (Ref: GENERAL TABLES), and will indicate to the User the Language in which the Description must be entered.</p>
                <p/>
                <p/>
                <p>Up to 35 type A (alphanumeric) characters</p>
                <p/>
            </desc>
        </t>
    <t><field>NR.ATTRIBUTE.RULE</field><desc><p>Help Text for this field is unavailable.  Please refer to the T24 User Guides for further information.</p></desc></t><t><field>NR.VALUE.SOURCE</field><desc><p>Help Text for this field is unavailable.  Please refer to the T24 User Guides for further information.</p></desc></t><t><field>REGIONAL.PRICING.ADJ.PERCENT</field><desc><p>Help Text for this field is unavailable.  Please refer to the T24 User Guides for further information.</p></desc></t><t><field>PROGRAM.LIMIT</field><desc><p>Help Text for this field is unavailable.  Please refer to the T24 User Guides for further information.</p></desc></t><t><field>PACKAGE.PRODUCT</field><desc><p>Help Text for this field is unavailable.  Please refer to the T24 User Guides for further information.</p></desc></t><t><field>PACKAGE.PROPERTY.CONTROL</field><desc><p>Help Text for this field is unavailable.  Please refer to the T24 User Guides for further information.</p></desc></t><t><field>API.ATTRIBUTE</field><desc><p>Help Text for this field is unavailable.  Please refer to the T24 User Guides for further information.</p></desc></t><t><field>SUPPRESS</field><desc><p>Help Text for this field is unavailable.  Please refer to the T24 User Guides for further information.</p></desc></t></menu>
</t24help>
