<?xml version="1.0" encoding="utf-8"?>
<t24help>
    <header>
        <product>AA</product>
        <table>AA.PRD.DES.PERIODIC.CHARGES</table>
    </header>
    <menu>
        <t>
            <field>DESCRIPTION</field>
            <desc>
                <p>Please provide the description</p>
            </desc>
        </t>
        <t>
            <field>CURRENCY</field>
            <desc>
                <p>Please specify the currency if the  minimum and maximum periodic charge amount to be applied based on currency</p>
            </desc>
        </t>
        <t>
            <field>MIN.CHG.AMOUNT</field>
            <desc>
                <p>Pleasee specify Minimum charge amount for the associated currency attribute</p>
            </desc>
        </t>
        <t>
            <field>MAX.CHG.AMOUNT</field>
            <desc>
                <p>Pleasee specify Maximum charge amount for the associated currency attribute</p>
            </desc>
        </t>
        <t>
            <field>WAIVE.CHG</field>
            <desc>
                <p>Please specify if the entire periodic charge amount to be waived or no</p>
            </desc>
        </t>
        <t>
            <field>CHARGE.PROPERTY</field>
            <desc>
                <p>Specify the charge property to be applied along with the charge activity </p>
            </desc>
        </t>
        <t>
            <field>CHARGE.GROUP</field>
            <desc>
                <p>Define the Charge sub-group to which the charge property belongs to. </p>
            </desc>
        </t>
        <t>
            <field>ACTIVITY.ID</field>
            <desc>
                <p>Specify the CHARGE.PROPERTY to apply charges on scheduled date.</p>
            </desc>
        </t>
        <t>
            <field>FREE.CHARGE.GROUP</field>
            <desc>
                <p>Specify the number of free transactions per CHARGE.GROUP</p>
            </desc>
        </t>
        <t>
            <field>FREE.TXN.CNT</field>
            <desc>
                <p>Define the number of free transactions per group</p>
            </desc>
        </t>
        <t>
            <field>INC.ALL.DEF.CHGS</field>
            <desc>
                <p>Please indicate if all deferred charges should be included or not</p>
            </desc>
        </t>
        <t>
            <field>DEFERRED.CHARGE</field>
            <desc>
                <p>Please specify the deferred charge which needs to be considered for periodic charges processing </p>
            </desc>
        </t>
        <t>
            <field>PR.ATTRIBUTE</field>
            <desc>
                <p>Mention the attributes which define the names of the rule</p>
            </desc>
        </t>
        <t>
            <field>PR.VALUE</field>
            <desc>
                <p>Please enter a value from the AA.PERIODIC.ATTRIBUTE.CLASS which will be applied on certain attributes of the property classes over a period of time.</p>
            </desc>
        </t>
        <t>
            <field>PR.BRK.RES</field>
            <desc>
                <p>Define the action to be applied when a rule is broken</p>
            </desc>
        </t>
        <t>
            <field>PR.BRK.CHARGE</field>
            <desc>
                <p>Define the charge which needs to be applied when a rule is broken</p>
            </desc>
        </t>
        <t>
            <field>PR.APP.METHOD</field>
            <desc>
                <p>Define the application period for current application method</p>
            </desc>
        </t>
        <t>
            <field>PR.APP.PERIOD</field>
            <desc>
                <p>Define the application method to be taken while applying periodic rule charges</p>
            </desc>
        </t>
        <t>
            <field>DEFAULT.NEGOTIABLE</field>
            <desc>
                <p>Indicate if all fields are negotiable.</p>
            </desc>
        </t>
        <t>
            <field>DEFAULT.ATTR.OPTION</field>
            <desc>
                <p>Define if the renewal conditions are to be reset from the product or not.</p>
            </desc>
        </t>
        <t>
            <field>NR.ATTRIBUTE</field>
            <desc>
                <p>Mention the attributes which have the defined negotiation rules set</p>
            </desc>
        </t>
        <t>
            <field>NR.OPTIONS</field>
            <desc>
                <p>Indicate a value applicable to the associated NR.ATTRIBUTE</p>
            </desc>
        </t>
        <t>
            <field>NR.TYPE</field>
            <desc>
                <p>Define the negotiation rule that needs to be linked to the field defined in NR.ATTRIBUTE</p>
            </desc>
        </t>
        <t>
            <field>NR.VALUE</field>
            <desc>
                <p>Define the value that links to the rule in field NR.RULE</p>
            </desc>
        </t>
        <t>
            <field>NR.MESSAGE</field>
            <desc>
                <p>Indicate whether to raise an ERROR message or an OVERRIDE message when the rule is broken</p>
            </desc>
        </t>
    </menu>
</t24help>
