<?xml version="1.0" encoding="utf-8"?>
<t24help xmlns:xsi="http://www.w3.org/2001/XMLSchema-instance">
    <header>
        <product>AA</product>
        <table>AA.PRD.DES.TERM.AMOUNT</table>
    </header>
    <overview>
        <ovdesc>
            <p>The TERM AMOUNT Property Class is used by all products which involve an amount of money that is lent or deposited for a specified period of time. This property class controls the commitment made by the bank and the customer.</p>
            <p/>
        </ovdesc>
    </overview>
    <menu>
        <t>
            <field>COOLING.PERIOD</field>
            <desc>
                <p>Determine the period of time during which the amount can be redeemed without making due any accrued interest in the case of pre-closure of an arrangement.  In the case of interest already made due, redeem arrangement activity during cooling period will only stop paying the accrued interest and due interest paid will not be reversed back.</p>
            </desc>
        </t>
        <t>
            <field>DEFAULT.ATTR.OPTION</field>
            <desc>
                <p>Optional field - Allowed Values are RESETTING and NON-RESETTING.</p>
                <p/>
                <p> RESETTING - During any Renewal Activities (for eg : change.product, rollover or reset) the property conditions will be reset from the product.</p>
                <p/>
                <p> NON-RESETTING - During any Renewal Activities property conditions will be maintained from the Arrangement level.</p>
                <p/>
                <p> Leaving the field blank sets NON-RESETTING as the default option.</p>
                <p/>
            </desc>
        </t>
        <t>
            <field>DEFAULT.NEGOTIABLE</field>
            <desc>
                <p>Defines whether all attributes (fields) can be negotiable or not.</p>
                <p/>
                <p/>
                <p>This field is Mandatory</p>
                <p>Valid options are YES and NO</p>
            </desc>
        </t>
        <t>
            <field>DESCRIPTION</field>
            <desc>
                <p>Describes this condition record and is used for enrichment.</p>
                <p/>
                <p>This field can be expanded to allow the User to enter the Description of the property condition in various languages. Each expansion of the field will correspond to a new Language as defined in the LANGUAGE table (Ref: GENERAL TABLES), and will indicate to the User the Language in which the Description must be entered.</p>
                <p/>
                <p/>
                <p>Up to 35 type A (alphanumeric) characters</p>
                <p/>
            </desc>
        </t>
        <t>
            <field>EXPIRY.DATE</field>
            <desc>
                <p>It is an optional field.This field will represent the last date after which new drawings cannot be created under the facility or further disbursement cannot be made under a lending arrangement, including Forward dated activities.</p>
                <p/>
                <p>The Expiry date can be a fixed date or a relative date based on the start date or maturity date of an arrangement.</p>
                <p/>
                <p>Available commitment if any will no longer be available.</p>
                <p/>
                <p>Only repayments can be done after this date and any further repayments will not reinstate commitment balance for revolving type of facility.</p>
                <p/>
                <p>Commitment schedules such as increasing or decreasing commitment, commitment unavailability periods will not be allowed after this date.</p>
                <p/>
            </desc>
        </t>
        <t>
            <field>FULL.COMMITTMENT.ACTIVITY</field>
            <desc>
                <p>This field when set as YES trigger an activity(given below) when the loan /deposit is fully disbursed / funded. </p>
                <p> LENDING-FULL.DISBURSE-ARRANGEMENT</p>
                <p> DEPOSITS-FULL.FUND-ARRANGEMENT</p>
                <p/>
            </desc>
        </t>
        <t>
            <field>FULL.DESCRIPTION</field>
            <desc>
                <p>Standard T24 description field</p>
            </desc>
        </t>
        <t>
            <field>ID.COMP.1</field>
            <desc>
                <p>Contains the arrangement number, extracted from the first component of the id</p>
                <p>Not applicable at product level</p>
                <p>System updated field no input allowed</p>
                <p/>
            </desc>
        </t>
        <t>
            <field>ID.COMP.2</field>
            <desc>
                <p>The action that was triggered on the arrangement property</p>
                <p>The action is taken from ACTIVITY.CLASS record of the underlying AA.ARRANGEMENT.ACTIVITY request that caused the record to be modified.</p>
                <p/>
            </desc>
        </t>
        <t>
            <field>ID.COMP.3</field>
            <desc>
                <p>Contains the effective date of the property condition</p>
                <p>Not applicable at product level</p>
                <p>System updated field no input allowed</p>
                <p/>
            </desc>
        </t>
        <t>
            <field>ID.COMP.4</field>
            <desc>
                <p>Reserved for future use</p>
                <p>Not applicable at product level</p>
                <p>System field no input allowed</p>
                <p/>
            </desc>
        </t>
        <t>
            <field>AMOUNT</field>
            <desc>
                <p>Defines the total amount which will be lent or deposited for the term (i.e. the committed amount).</p>
                <p/>
                <p>               In English Language text it is possible to use &apos;T&apos; to indicate the thousands and an &apos;M&apos; to indicate the millions. </p>
                <p>               e.g. INPUT VALUE</p>
                <p>               1T 1,000.00 </p>
                <p>               2M 2,000,000.00</p>
                <p/>
                <p/>
                <p>               1-14 type AMT (standard amount format) characters plus a decimal point. </p>
                <p/>
                <p/>
                <p/>
            </desc>
        </t>
        <t>
            <field>ID.COMP.5</field>
            <desc>
                <p>Reserved for future use</p>
                <p>Not applicable at product level</p>
                <p>System field no input allowed</p>
                <p/>
            </desc>
        </t>
        <t>
            <field>ID.COMP.6</field>
            <desc>
                <p>Reserved for future use</p>
                <p>Not applicable at product level</p>
                <p>System field no input allowed</p>
                <p/>
            </desc>
        </t>
        <t>
            <field>LOAN.RIGHTS</field>
            <desc>
                <p>Field will be used only if FRPLCL product is available. Refers to gross capitalized interest as on the previous anniversary date of a PEL or regular deposit stop date. Loan rights can be consumed either partially or in full at the time of taking a loan arrangement  </p>
            </desc>
        </t>
        <t>
            <field>MAT.DATE.CONVENTION</field>
            <desc>
                <p>The calculation of maturity date will now be influenced by the value defined in this field. It holds significance when the maturity date calculated from term falls on a holiday.</p>
                <p>A value YES indicates that the system will arrive at the Maturity date by applying the DATE.CONVENTION setup of ACCOUNT property to the date arrived from the Term.</p>
                <p>A value NULL indicates that the system will check the Maturity date against business day definition and raise an override if it falls on a holiday. </p>
                <p>Note: If a HOLIDAY event is declared after the adjustment of MATURITY.DATE, as above, the date will not be automatically adjusted by the system.</p>
                <p>Validation:</p>
                <p>Can accept either of YES or NULL.</p>
            </desc>
        </t>
        <t>
            <field>MAT.DATE.TYPE</field>
            <desc>
                <p>This field is used to indicate the maturity date type. </p>
                <p>Allowed values are PAYMENT.END.DATE and NULL. </p>
                <p>PAYMENT.END.DATE - System will calculate the maturity date based on number of installment and installment start date of the loan and update the maturity date. </p>
                <p>NULL - System  will follow the default behaviour. </p>
                <p>Validation rule: </p>
                <p>This feature is allowed only for lending products.</p>
                <p>If MAT.DATE.TYPE is set to PAYMENT.END.DATE term/maturity date cannot be specified and it is mandatory to define the amount attribute.</p>
            </desc>
        </t>
        <t>
            <field>MATURITY.DATE</field>
            <desc>
                <p>This field will represent the end of availability for the committed loan amount.</p>
                <p>              This field will contain the date on which the committed loan amount will fully be repaid based on TERM and arrangement start date.</p>
                <p>              This field will be no input field at designer level. When a new arrangement is input maturity date will be calculated for the TERM from arrangement start date and will be defaulted.</p>
                <p>              Maturity date can be changed at the arrangement level. If maturity date is changed then TERM will be calculated in DAYS format.</p>
                <p>              If TERM and maturity date is present and TERM is changed then an internal maturity date will be calculated. If this date is not equal to the existing maturity date then TERM will be recalculated and updated in DAYS format.</p>
                <p>              If TERM is changed and maturity date has to be recalculated then existing maturity date should be cleared.</p>
                <p/>
                <p>              Example :</p>
                <p>              Term                                  :  24M </p>
                <p>              Arrangement Start date    :  01st January 2007 </p>
                <p>              Maturity date                     :  01st January 2009 </p>
                <p/>
                <p/>
                <p>              Standard Date format</p>
                <p>              No input field at designer level</p>
                <p>              Maturity date should be greater than today and should be greater than effective date.</p>
            </desc>
        </t>
        <t>
            <field>NEGOTIATED.FLDS</field>
            <desc>
                <p>No input and multi value field that lists the attributes on the arrangement property record that have been fixed and/or negotiated. These are stored when the arrangement level record is committed. When the arrangement level record is next used all items in the NEGOTIATED.FIELDS list will be maintained.</p>
                <p>Once an attribute has been fixed or negotiated it will remain in negotiated field list on all subsequent dated versions of the property.</p>
            </desc>
        </t>
        <t>
            <field>NR.ATTRIBUTE</field>
            <desc>
                <p>Defines which individual attribute (field) has the negotiation rules defined in fields &quot;Nr.Negotiable&quot; through to &quot;Nr.Message&quot;</p>
                <p/>
                <p/>
                <p>Must be a valid field name within this property</p>
                <p>This field is part of a multi value set</p>
            </desc>
        </t>
        <t>
            <field>NR.ATTRIBUTE.RULE</field>
            <desc>
                <p>Field is use to indicate the rules to be executed against certain fields for a property during product creation or arrangement creation.</p>
                <p>Rule here is specified as conditional expression with fields in the product condition to be evaluated.</p>
                <p>Multi-valued for a product condition.</p>
                <p>Attribute Rules can be specified based upon the value of a single field or the values from multiple fields.</p>
                <p> A user can then specify comparison operators (i.e. ==, !=. symbols for GT, GE, LT, LE) ,AND and OR, as well as brackets/parentheses for grouping.</p>
                <p/>
                <p> Eg: For Interest product condition, a rule can be formed as follows </p>
                <p>((FLOATING.INDEX !=  OR PERIODIC.INDEX != ) AND MARGIN.TYPE == SINGLE)</p>
                <p> Where FLOATING.INDEX, PERIODIC.INDEX and MARGIN.TYPE are fields with values and string after == are the values to be compared.</p>
            </desc>
        </t>
        <t>
            <field>NR.MESSAGE</field>
            <desc>
                <p>This field indicates whether to raise error or override message when rule is broken</p>
                <p>Allows only two values ERROR or OVERRIDE</p>
                <p>ERROR error message is raised</p>
                <p>OVERRIDE Override message is generated</p>
                <p>CAP - Term is capped to maximum. </p>
                <p>FLOOR - Term is brought down to Minimum </p>
                <p/>
            </desc>
        </t>
        <t>
            <field>API.ATTRIBUTE</field>
        </t>
        <t>
            <field>NR.OPTIONS</field>
            <desc>
                <p>Defines named values to indicate if an option applies to the associated NR.ATTRIBUTE. More than one option can be associated with the NR.ATTRIBUTE, with certain restrictions.</p>
                <p/>
                <p/>
                <p>Valid Inputs are NEGOTIABLE, NON-NEGOTIABLE, OVERRIDE, FIX-VALUE, MANDATORY, COUNT as described below: -</p>
                <p/>
                <p>NEGOTIABLE</p>
                <p>The value of NEGOTIABLE will indicate that the associated NR.ATTRIBUTE can be negotiated at the arrangement level.</p>
                <p/>
                <p>NON-NEGOTIABLE</p>
                <p>The value of NON-NEGOTIABLE will indicate that the associated NR.ATTRIBUTE cannot be negotiated at the arrangement level. Both NEGOTIABLE and NON-NEGOTIABLE cannot be defined together</p>
                <p/>
                <p>OVERRIDE</p>
                <p>Specifies if a default override message should be generated if the default attribute is amended at the arrangement level. If OVERRIDE is not specified, no override will be generated.</p>
                <p/>
                <p>FIX-VALUE</p>
                <p>Specified if the field value is to be fixed at the arrangement level. If FIX-VALUE is not specified the field value will vary with the changes to the underlying product condition.</p>
                <p/>
                <p>MANDATORY</p>
                <p>Specifies if the attribute is mandatory for this product condition. Can only be specified where the attribute is not defined as mandatory in the property class.</p>
                <p/>
                <p>COUNT</p>
                <p>Specified to restrict the number of values that should satisfy the rule specified in NR.ATTRIBUTE.RULE. In absence of a rule, the count refers to the number of multi-value/sub-value.</p>
                <p>If the rule is not satisfied then error/override will be raised based on the NR.MESSAGE mentioned.</p>
            </desc>
        </t>
        <t>
            <field>NR.STD.COMP</field>
            <desc>
                <p>It is possible to define negotiation rules in EB.COMPARISON.TYPE.</p>
                <p/>
                <p/>
                <p/>
                <p>Input must be a valid record from EB.STANDARD.COMPARISON</p>
            </desc>
        </t>
        <t>
            <field>NR.TYPE</field>
            <desc>
                <p>Defines the negotiation rule that is linked to the field defined in &quot;Nr.Attribute&quot;. If an attribute has a negotiation rule linked to it (in associated fields NR.TYPE, NR.VALUE and NR.MESSAGE) the attribute must be defined as negotiable.</p>
                <p>It is possible to define more than one negotiation rule for an attribute</p>
                <p/>
                <p/>
                <p>Input must be a valid record from EB.COMPARISON.TYPE</p>
                <p>This is a multi value set of fields</p>
            </desc>
        </t>
        <t>
            <field>NR.VALUE</field>
            <desc>
                <p>Defines the value that links to the rule in field &quot;Nr.Type&quot;</p>
            </desc>
        </t>
        <t>
            <field>NR.VALUE.SOURCE</field>
            <desc>
                <p>Specifies the source to be used for validating the limit for payment. Should be a valid record from AC.BALANCE.TYPE.</p>
                <p>When bank wants to limit the user payment on certain balance, this field would be used to give the balanec to be used for limiting the payment.</p>
                <p>Currently, only Balance type keyword is allowed, no validations are in place as of now, this can be expanded for future use.</p>
                <p> Eg: - BALANCE.TYPE > TOTTERMAMOUNT, can be specified in this format.</p>
            </desc>
        </t>
        <t>
            <field>ON.MATURITY</field>
            <desc>
                <p>    This field is currently not in use and has no  functional impact   </p>
                <p/>
            </desc>
        </t>
        <t>
            <field>OVERRIDE</field>
            <desc>
                <p>Standard Override field containing override messages generated by amendments to this property</p>
                <p/>
            </desc>
        </t>
        <t>
            <field>OWNING.COMPANY</field>
            <desc>
                <p>This field is used to capture the T24 Company(ies) that own the Product Condition record. There is no functionality attached to this field and can be used only for access control through SMS verification.</p>
                <p/>
                <p>The input in this field must be a valid record in company table and should belong to current financial group.</p>
                <p/>
                <p>This is a multi value field. Input in this field is optional.</p>
            </desc>
        </t>
        <t>
            <field>PR.APP.METHOD</field>
            <desc>
                <p>This field denotes the application method that needs to be applied to the periodic rule charges.</p>
                <p>Allowed values are</p>
                <p>Due - The periodic rule charges are made due</p>
                <p>Capitalise - The periodic rule charges are capitalised</p>
                <p/>
            </desc>
        </t>
        <t>
            <field>PR.APP.PERIOD</field>
            <desc>
                <p>This field denotes the application period for the given periodic rule charges.</p>
                <p>The periodic rule charges will be applied at the end of the period. If the value defined is zero, then the charges are applied immediately.</p>
                <p>Standard T24 period field.</p>
                <p/>
            </desc>
        </t>
        <t>
            <field>CANCEL.PERIOD</field>
            <desc>
                <p>The Period after which if full committed deposit amount is not paid by the customer, then system shall trigger cancellation of deposits. For lending , cancel arrangement activity will be triggered if the loan amount is not disbursed fully.</p>
                <p>Applicable for Deposits , Lending , Agents and Rewards product line</p>
                <p>Standard PERIOD type of field</p>
                <p/>
            </desc>
        </t>
        <t>
            <field>PR.ATTRIBUTE</field>
            <desc>
                <p>These are set of Attributes which define the names of the rule, which will be applied on certain attributes of property classes over a period of time.</p>
                <p/>
                <p/>
                <p>Input must be a valid record from AA.PERIODIC.ATTRIBUTE</p>
            </desc>
        </t>
        <t>
            <field>PR.BRK.CHARGE</field>
            <desc>
                <p>Charge can be collected when the periodic rule is broken</p>
                <p>This field denotes the charge property. The property and its condition is</p>
                <p>defined the product designer and validated during publishing</p>
                <p/>
                <p/>
                <p>Valid charge property</p>
            </desc>
        </t>
        <t>
            <field>PR.BRK.MSG</field>
            <desc>
                <p>Based on the PR.BRK.RES option selected, this will hold either an OVERRIDE or EB.ERROR id. By default the ids will be picked from the associated EB.COMPARISON.TYPE record. If CAP or FLOOR values are given, then the underlying AA.PERIODIC.ATTRIBUTE.CLASS should have this type defined in it.</p>
                <p/>
                <p/>
                <p>Input must be a valid OVERRIDE ID or EB.ERROR ID.</p>
            </desc>
        </t>
        <t>
            <field>PR.BRK.RES</field>
            <desc>
                <p>When a rule is broken what action needs to be taken is defined here. Currently, the various options available are </p>
                <p/>
                <p>Error block further processing</p>
                <p>Override Give an override</p>
                <p>Information  Record details only</p>
                <p>CAP the rule value is to be used as a CAP if the rule is broken</p>
                <p>FLOOR the rule value is to be used as a FLOOR if the rule is broken</p>
                <p/>
                <p/>
                <p>Should be one of the above valid options</p>
            </desc>
        </t>
        <t>
            <field>PR.RESERVED.1</field>
            <desc>
                <p>System field - reserved for future use</p>
                <p/>
            </desc>
        </t>
        <t>
            <field>PR.RESERVED.2</field>
            <desc>
                <p>System field - reserved for future use</p>
                <p/>
            </desc>
        </t>
        <t>
            <field>PR.RESERVED.3</field>
            <desc>
                <p>System field - reserved for future use</p>
                <p/>
            </desc>
        </t>
        <t>
            <field>PR.VALUE</field>
            <desc>
                <p>This is the actual rule value, which will be applied on certain attributes of the property classes over a period of time.</p>
                <p/>
                <p/>
                <p>Input must be a valid data type defined in the corresponding</p>
                <p>AA.PERIODIC.ATTRIBUTE.CLASS record.</p>
            </desc>
        </t>
        <t>
            <field>PRODUCT.KEY</field>
            <desc>
                <p>This field represents the key to the product level conditions of a property class</p>
                <p>This field basically has three components seperated by a hyphen</p>
                <p>Condition id</p>
                <p>Currency - if the property class is currency based. By default takes up local currency</p>
                <p>Effective date - if the property class is dated</p>
                <p/>
            </desc>
        </t>
        <t>
            <field>REVOLVING</field>
            <desc>
                <p>Defines the revolving term amounts for lending products. The effect of a revolving product is to increase the available amount from which a customer may drawdown as a result of certain payments. The options are:</p>
                <p>                 NO - the available amount will not increase when any payments are made.</p>
                <p>                 PAYMENT - any payment against the outstanding amount(due or not due) will result in the available amount increasing </p>
                <p>                 PREPAYMENT - only repayments agains the outstanding amount (balance not yet due) will result in the available amount increasing</p>
            </desc>
        </t>
        <t>
            <field>CHANGE.AMOUNT</field>
            <desc>
                <p/>
                <p>      The original commitment amout can be increased or decreased using INCREASE or DECREASE action. This field represent the amount to increase or decrease on the original amount.</p>
                <p/>
                <p>     For increase action, the input in this field should be greater than zero.</p>
                <p>     For decrease action the input in this field should be less than zero.</p>
                <p/>
                <p/>
                <p>     Standard T24 amount field</p>
                <p/>
            </desc>
        </t>
        <t>
            <field>STMT.NOS</field>
            <desc>
                <p>System field - not used for property conditions</p>
                <p/>
            </desc>
        </t>
        <t>
            <field>SYS.RESERVE1</field>
            <desc>
                <p>System field - reserved for future use</p>
                <p/>
            </desc>
        </t>
        <t>
            <field>SYS.RESERVE2</field>
            <desc>
                <p>System field - reserved for future use</p>
                <p/>
            </desc>
        </t>
        <t>
            <field>SYS.RESERVE3</field>
            <desc>
                <p>System field - reserved for future use</p>
                <p/>
            </desc>
        </t>
        <t>
            <field>SYS.RESERVE6</field>
            <desc>
                <p>System field - reserved for future use</p>
                <p/>
            </desc>
        </t>
        <t>
            <field>SYS.RESERVE7</field>
            <desc>
                <p>System field - reserved for future use</p>
                <p/>
            </desc>
        </t>
        <t>
            <field>TARGET.PRODUCT</field>
            <desc>
                <p>This field denotes the target classic product of the given property class</p>
                <p/>
                <p>The already existing T24 products are mapped using AA infrastructure</p>
                <p>These are called classic products</p>
                <p>These products are mapped to different property clases</p>
                <p/>
            </desc>
        </t>
        <t>
            <field>TERM</field>
            <desc>
                <p>Determines the period of time by which the amount must be repaid (either to the bank in the case of a loan or to the customer in the case of a deposit) During product definition it will be common to default the term (e.g. a 30 year mortgage)</p>
                <p/>
                <p>                 The term can be entered as a number of:</p>
                <p>                 Days (D), Weeks(W), Months(M) or Years(Y)</p>
                <p>                 This field is mandatory input at arrangement level</p>
            </desc>
        </t>
        <t>
            <field>TERM.TOL.DAYS</field>
            <desc>
                <p>Tolerance value to be set in days indicates that the TERM will be recalculated only if the adjustment in MATURITY.DATE is greater than the TERM.TOL.DAYS value. If it is less than or equal to the TERM.TOL.DAYS value, then TERM will not be recalculated.</p>
                <p>Validation:</p>
                <p>If Null, it means 0 days as Tolerance</p>
                <p>Accepts any values between 0 to 999 which represents the tolerance in days.</p>
            </desc>
        </t>
        <t>
            <field>COMMITMENT.DRAWDOWN</field>
            <desc>
                <p>Specifies the disbursement type of the contract.</p>
                <p>Applicable only for LENDING product line.</p>
                <p>Allowed values are AUTO,SCHEDULE,MANUAL,NULL.</p>
                <p>AUTO     - Disburses 100% of the available commitment amount.</p>
                <p>SCHEDULE - Disburses the commitment amount based on payment schedule definition so that the various amount can be disbursed on multiple days.</p>
                <p>MANUAL   - Manually disburse the available commitment amount using FT, TT, and CQ etc.</p>
            </desc>
        </t>
        <t>
            <field>TRANCHE.AMOUNT</field>
            <desc>
                <p>Specifies the tranche amount allotted for the tranche period defined in fields TRANCHE.START.DATE and TRANCHE.END.DATE</p>
                <p>Available when TRANCHES=YES</p>
                <p>Associated multi-value field with TRANCHE.START.DATE and TRANCHE.END.DATE.</p>
                <p>Aggregate of the TRANCHE.AMOUNT field should be less than or equal to the total loan amount.</p>
                <p>Mandatory input when &quot;Start or End date&quot; is defined.</p>
            </desc>
        </t>
        <t>
            <field>CHANGED.FIELDS</field>
            <desc>
                <p>No input and multi value field - lists all fields that have been negotiated for each dated version of the property. For a subsequently dated property, the attributes listed in this field will appear in &quot;Negotiated.Fields&quot; and only newly negotiated fields will appear on &quot;Changed.Fields&quot;</p>
                <p/>
                <p/>
            </desc>
        </t>
        <t>
            <field>TRANCHE.END.DATE</field>
            <desc>
                <p>Specifies the date after which tranche amount will be not available for disbursements.</p>
                <p>Available when TRANCHES=YES</p>
                <p>Associated multi-value field with TRANCHE.START.DATE and TRANCHE.AMOUNT</p>
                <p>Optional Input.Override will be given when not defined.</p>
                <p>Date entered must be greater than or equal to the Arrangement creation date.</p>
                <p>Date entered must be less than or equal to final maturity date.</p>
                <p>Date entered must be greater than or equal to date defined in &quot;Start Date&quot;.</p>
                <p>Date entered must be greater than or equal to &quot;Activity Effective Date&quot;.</p>
            </desc>
        </t>
        <t>
            <field>TRANCHE.START.DATE</field>
            <desc>
                <p>Specifies the date from which tranche amount will be made available to disbursements.</p>
                <p>Available when TRANCHES=YES</p>
                <p>Associated multi-value field with TRANCHE.END.DATE and TRANCHE.AMOUNT</p>
                <p>Mandatory input when &quot;Tranche Amount or End Date&quot; is defined.</p>
                <p>Date entered must be greater than or equal to the Arrangement creation date.</p>
                <p>Date entered must be less than or equal to final maturity date.</p>
                <p>Date entered must be less than or equal to date defined in &quot;End Date&quot;.</p>
                <p>Date entered must be greater than or equal to &quot;Activity Effective Date&quot;.</p>
            </desc>
        </t>
        <t>
            <field>TRANCHES</field>
            <desc>
                <p>Specifies whether tranches are defined for this arrangement.</p>
                <p>Standard T24 &quot;Yes/No&quot; field.  </p>
                <p>A null value is equivalent to No. </p>
                <p>No Change field.</p>
            </desc>
        </t>
        <t>
            <field>UPDATE.COMMIT.ON.CAP</field>
            <desc>
                <p>Specifies how a capitalisation should be handled as to consider capitalisation as over-utilisation or utilisation on availability.</p>
                <p>For a drawing under a Facility, this field should have the same value for as that of the facility.</p>
                <p>The allowed options are :</p>
                <p/>
                <p>1. Current or Null</p>
                <p>Current Unutilised Commitment(CUR) will always be decreased on Capitalisation until it is fully utilised.</p>
                <p>Current Unutilised Commitment will immediately be reinstated on Repayment ignoring any over-utilisation.</p>
                <p>Overdrawn Commitment (OVD) will never be raised for this option.</p>
                <p/>
                <p>2. Current and Overdraw </p>
                <p>Allowed only if UPDATE.UTILISATION is set to Yes.</p>
                <p>Current Commitment will be decreased on a Capitalisation until it is fully utilised, and Overdrawn Commitment will be increased for anything above that.</p>
                <p>Overdrawn Commitment will be cleared first on a Repayment and then the Current unutilised Commitment will be reinstated in case of revolving arrangements.</p>
                <p/>
                <p>3. Overdraw</p>
                <p>Allowed only if UPDATE.UTILISATION is set to Yes.</p>
                <p>Only Overdrawn Commitment will be affected on a Capitalisation signifying that the Current Unutilised commitment will still be available. From a commitment point of view, there is an overdraft situation, i.e., CUR + OVD commitment is more than TOT commitment.</p>
                <p>Overdrawn Commitment will be cleared first on a Repayment and then the Current unutilised Commitment will be reinstated in case of revolving arrangements.</p>
            </desc>
        </t>
        <t>
            <field>UPDATE.COMMT.LIMIT</field>
            <desc>
                <p>Defines whether the commitment amount of the Limit used for the arrangement should be updated and shown on the LIMIT record.</p>
            </desc>
        </t>
        <t>
            <field>UPDATE.UTILISATION</field>
            <desc>
                <p>Specifies whether the Utilized Commitment balance accounting has to be raised or not. </p>
                <p>This will be applicable for Lending and Facility Product Lines. For a drawing under a Facility, this field should have the same value for as that of the facility.</p>
                <p>The allowed options are :</p>
                <p/>
                <p>1. Null or No</p>
                <p>Utilised balance accounting will not be raised. Only total and current available commitment will be accounted.</p>
                <p/>
                <p>2. Yes</p>
                <p>Utilised balance accounting will be raised. This will show the total utilization of the arrangement.</p>
            </desc>
        </t>
        <t>
            <field>COMMITMENT.TYPE</field>
            <desc>
                <p>This field specifies the type of the schedule defined.</p>
                <p>The start date, end date and amount assoiated sub-value set of fields are used to specify the complete definition.</p>
                <p>Allowed values are :</p>
                <p/>
                <p>Commitment Schedule - This option is used to specify a commitment schedule.</p>
                <p>The schedule changes the total commitment amount of the facility to the amount specified in the COMMT.AMOUNT field starting from the date specified in the COMMT.START.DATE.</p>
                <p>COMMT.END.DATE is not applicable for this option.</p>
                <p/>
                <p>Unavailability Schedule - This option is used to define the unavailability periods.</p>
                <p>The amount specified in the COMMT.AMOUNT field is made unavailable from the COMMT.START.DATE to the COMMT.END.DATE.</p>
            </desc>
        </t>
        <t>
            <field>COMMT.AMOUNT</field>
            <desc>
                <p>Specifies the amount for the schedule defined in fields COMMITMENT.START.DATE and COMMITMENT.END.DATE</p>
                <p>Allowed to input when COMMITMENT.TYPE is provided</p>
                <p>Associated multi-value field with COMMITMENT.START.DATE and COMMITMENT.END.DATE.</p>
                <p>COMMITMENT.AMOUNT should be less than or equal to the total loan amount.</p>
                <p>Mandatory input when "Start or End date" is defined.</p>
            </desc>
        </t>
        <t>
            <field>COMMT.END.DATE</field>
            <desc>
                <p>Specifies the end date of the unavailability schedule.The field does not take a value for Commitment schedules schedule type.</p>
                <p>Allowed to input when COMMITMENT.TYPE is provided</p>
                <p>UNAVAILABILITY SCHEDULE - Optional Input.Override will be given when not defined for Unavailability Schedule.</p>
                <p>Date entered must be greater than or equal to the Arrangement creation date</p>
                <p>Date entered must be less than or equal to final maturity date.</p>
                <p>Date entered must be greater than or equal to date defined in "Start Date".</p>
                <p>Date entered must be greater than or equal to "Activity Effective Date".</p>
                <p>If end date not provided maturity date is considered as the end date.</p>
            </desc>
        </t>
        <t>
            <field>COMMT.START.DATE</field>
            <desc>
                <p>Specifies the start date of the Commitment or Unavailability schedule.</p>
                <p>Allowed to input when COMMITMENT.TYPE is provided</p>
                <p>Associated multi-value field with COMMITMENT.AMOUNT</p>
                <p>Date entered must be greater than or equal to the Arrangement creation date.</p>
                <p>Date entered must be less than or equal to final maturity date.</p>
                <p>Date entered must be greater than or equal to "Activity Effective Date".</p>
                <p>UNAVAILABILITY SCHEDULE - Mandatory input when "Commitment Amount or End Date" is defined.</p>
                <p>Date entered must be less than or equal to date defined in "End Date".</p>
                <p>Start date should not be duplicated.</p>
                <p>Start date should not be change once date is reached.</p>
            </desc>
        </t>
        <t>
            <field>NUMBER.OF.DAYS</field>
            <desc>
                <p>Stores the number of working days for the arrangement. The number of days calculation will be based on the regulatory norms. It will be used for further calculations done in Advance withdrawal (Total and partial) and for information purposes (Enquiries).</p>
            </desc>
        </t>
        <t>
            <field>QUANTITY.ISSUED</field>
            <desc>
                <p>Stores the number of quantity issued for the arrangement (Quantity of Bonds Issued). This value in conjunction with UNIT.PRICE field will be used to calculate the AMOUNT field of the condition (Amount = Quantity Issued by Unit Price).</p>
            </desc>
        </t>
        <t>
            <field>UNIT.PRICE</field>
            <desc>
                <p>Stores the Unit price (Unit Price of Issuance).  This value in conjunction with QUANTITY.ISSUED field will be used to calculate the AMOUNT field of the condition (Amount = Quantity Issued by Unit Price).</p>
            </desc>
        </t>
        <t>
            <field>NEW.LOAN.OFFSET.PERIOD</field>
            <desc>
                <p>It is used to configure the offset due date for new loan.</p>
            </desc>
        </t>
        <t>
            <field>EXIST.LOAN.OFFSET.PERIOD</field>
            <desc>
                <p>It is used to configure the offset due date during the life cycle of the loan.</p>
            </desc>
        </t>
        <t>
            <field>INITIAL.DEPOSIT</field>
            <desc>
                <p>Store the initial value of the deposit in UVA index</p>
            </desc>
        </t>
        <t>
            <field>IOF.FINANCED</field>
            <desc>
                <p>It indicates if the IOF will be financed by the Financial Institution. Possible Value: Yes, No or null (blank)</p>
            </desc>
        </t>
        <t>
            <field>FWD.ACCTING</field>
            <desc>
                <p>Specify whether FWD balances has to be used for forward dated drawings/Facility.</p>
                <p>Values – Yes, Accounting will be made to FWD balances.</p>
                <p>No/[Blank] – Existing functionality, Accounting will be to actual live balances.</p>
            </desc>
        </t>
    <t><field>AVAILABILITY.DATE</field><desc><p>Help Text for this field is unavailable.  Please refer to the T24 User Guides for further information.</p></desc></t></menu>
</t24help>
