<?xml version="1.0" encoding="utf-8"?>
<t24help>
    <header>
        <product>AA</product>
        <table>AA.PRD.DES.ACTIVITY.MAPPING</table>
    </header>
    <menu>
        <t>
            <field>DESCRIPTION</field>
            <desc>
                <p>Provide the description</p>
            </desc>
        </t>
        <t>
            <field>TRANSACTION</field>
            <desc>
                <p>Enter a valid transaction code to link the external applications to the arrangement activity </p>
            </desc>
        </t>
        <t>
            <field>TXN.SERVICE.GROUP</field>
            <desc>
                <p>Indicate the service group of the transaction activity it belongs to</p>
            </desc>
        </t>
        <t>
            <field>TXN.ACTIVITY</field>
            <desc>
                <p>Specify the activity that will be performed against an arrangement when a movement with the associated TRANSACTION code is posted from an external application to an Arrangement Account.</p>
            </desc>
        </t>
        <t>
            <field>DEF.CR.ACTIVITY</field>
            <desc>
                <p>Indicate the default AA Activity to be used for AA credit transactions</p>
            </desc>
        </t>
        <t>
            <field>DEF.DB.ACTIVITY</field>
            <desc>
                <p>Indicate the default AA Activity to be used for AA debit transactions</p>
            </desc>
        </t>
        <t>
            <field>EVENT.REF</field>
            <desc>
                <p>This field links AA to the other applications. When non-financial action(Facility/Service request) is made to the non-AA application then the corresponding action will be qualified by the TEC framework. Once the event is qualified then the event is emitted through the corresponding arrangement activity mapped to this event reference.</p>
                <p/>
                <p>Validation Rules:</p>
                <p>Valid entry in the table TEC.ITEMS.</p>
                <p>The tec reference needs to be classified as SERVICE</p>
                <p/>
            </desc>
        </t>
        <t>
            <field>EVENT.ACTIVITY</field>
            <desc>
                <p>The activity name that could be triggered when the corresponding external application event is qualified for this arrangement account.</p>
                <p/>
                <p>Validation Rules:</p>
                <p>Valid entry in to the table AA.ACTIVITY.</p>
                <p>The corresponding activity class should be &lt;Product Line&gt;-RECORD.EVENT-ARRANGEMENT.</p>
                <p/>
            </desc>
        </t>
        <t>
            <field>EVENT.SERVICE.GROUP</field>
            <desc>
                <p>It will indicate the service group of the event activity belongs to</p>
                <p/>
                <p>Validation Rules:</p>
                <p>Should have a valid entry in the virtual table AA.SERVICE.</p>
            </desc>
        </t>
        <t>
            <field>DEFAULT.NEGOTIABLE</field>
            <desc>
                <p>Indicate if all fields are negotiable.</p>
            </desc>
        </t>
        <t>
            <field>DEFAULT.ATTR.OPTION</field>
            <desc>
                <p>Define if the renewal conditions are to be reset from the product or not.</p>
            </desc>
        </t>
        <t>
            <field>NR.ATTRIBUTE</field>
            <desc>
                <p>Mention the attributes which have the defined negotiation rules set</p>
            </desc>
        </t>
        <t>
            <field>NR.OPTIONS</field>
            <desc>
                <p>Indicate a value applicable to the associated NR.ATTRIBUTE</p>
            </desc>
        </t>
        <t>
            <field>NR.TYPE</field>
            <desc>
                <p>Define the negotiation rule that needs to be linked to the field defined in NR.ATTRIBUTE</p>
            </desc>
        </t>
        <t>
            <field>NR.VALUE</field>
            <desc>
                <p>Define the value that links to the rule in field NR.RULE</p>
            </desc>
        </t>
        <t>
            <field>NR.MESSAGE</field>
            <desc>
                <p>Indicate whether to raise an ERROR message or an OVERRIDE message when the rule is broken</p>
            </desc>
        </t>
    </menu>
</t24help>
