<?xml version="1.0" encoding="utf-8"?>
<t24help xmlns:xsi="http://www.w3.org/2001/XMLSchema-instance">
    <header>
        <product>AA</product>
        <table>AA.PAYMENT.TYPE</table>
    </header>
    <overview>
        <ovdesc>
            <p>This applciation enables users to define the standard payment types that can be used by a product.  A payment type is required for every payment schedule definition.</p>
        </ovdesc>
    </overview>
    <menu>
        <t>
            <field>PAYMENT.TYPE</field>
            <desc>
                <p>Any alphanumeric characters can be used to define the name of the payment type.</p>
                <p/>
                <p/>
                <p>             Up to 30 type A (alphanumeric) characters. </p>
            </desc>
        </t>
        <t>
            <field>SCHEDULE.TYPE</field>
            <desc>
                <p>This field will decide whether the payment type should follow any special schedule processing.</p>
                <p>Currently will support ONLINE option only.</p>
                <p/>
                <p>ONLINE - This will decide whether the payment type should have to process immediately whenever the start date has given as current system date.</p>
            </desc>
        </t>
        <t>
                    <field>SYSTEM.PAYMENT</field>
            <desc>
                <p> This field denotes whether the payment type is a user defined payment type or system defined. for the system defined payment types this field is set to yes.  All fields except description is noinput if the field SYSTEM.PAYMENT is set to YES</p>
            </desc>
        </t>
        <t>
            <field>TAX.INCLUSIVE</field>
            <desc>
                <p>Indicates if TAX to be included as part of Annuity calculation. If set to Yes then tax attached to this payment type will be included for tax calculation. It can be set to YES only when CALC.TYPE is set to CONSTANT.</p>
            </desc>
        </t>
        <t>
            <field>TERM.TOLERANCE</field>
            <desc>
                <p>Help Text for this field is unavailable.  Please refer to the T24 User Guides for further information.</p>
            </desc>
        </t>
        <t>
            <field>TYPE</field>
            <desc>
                <p>This field indicates whether the payment type is ‘Calculated’ or ‘Manual’.  </p>
                <p>             The majority of the defined payment types will be defined as ‘Calculated’.  During the setup of each arrangement it may be possible for the user to negotiate a different payment amount than the one determined by T24.</p>
                <p>             For arrangements with ad-hoc payment schedules a financial institution can create a ‘Manual’ payment type which indicates that the payment amounts will be entered manually and not be calculated by T24.</p>
                <p/>
                <p>             This field is Mandatory.</p>
                <p/>
                <p/>
                <p>          Input allowed is CALCULATED or MANUAL.</p>
            </desc>
        </t>
        <t>
            <field>ALT.PAYMENT.METHOD</field>
            <desc>
                <p>This field denotes Alternate Payment Method.If this field is set as Cap and Inv, then during capitalization system will raise due bill based on balance in the account.</p>
                <p>If the account is having negative balance it will raise Due bill or if account balance is more than charge capitalized amount, then system will raise capitalized bill.</p>
                <p/>
                <p>Charge is Mandatory if Alternate Payment Method is set. This type of payment type can be set only for CAPITALISED method.</p>
            </desc>
        </t>
        <t>
            <field>ALT.PAYMENT.ROUTINE</field>
            <desc>
                <p>When Alternate Payment Method is CAP.AND.INV,hook routine can be specified in this field. This allows to determine if balance in account can be utilized to settle current bill or  blocked amount if any should be considered. Note that these blocked amount are not maintained in AC.BLOCKED.EVENTS. The mechanism based on which blocked amount is derived resides in hook routine.</p>
                <p/>
                <p>Validations rules:</p>
                <p>This field allowed to input only when ALT.PAYMENT.METHOD is set as CAP.AND.INV. This field must be a valid EB.API id.</p>
            </desc>
        </t>
        <t>
            <field>CALC.ROUTINE</field>
            <desc>
                <p>This field enables the user to define a routine to calculate the payment amount.</p>
                <p/>
                <p>Input in this field is allowed when the field CALC.TYPE is equal to OTHER</p>
                <p/>
                <p>This field must be a valid EB.API id.</p>
                <p/>
                <p>To enable a java component implementation the EB.API record must have a source type of METHOD and implement an interface defined in the EB.API record HOOK.AA.PAYMENT.TYPE.CALC.ROUTINE.</p>
                <p/>
                <p>See the EB.API record HOOK.AA.PAYMENT.TYPE.CALC.ROUTINE for the full list of supported interfaces, initially AA.CalculationHook.calculatePayment().</p>
                <p/>
            </desc>
        </t>
        <t>
            <field>CALC.TYPE</field>
            <desc>
                <p>This fields denotes different types of calculated payments that could be applied.</p>
                <p>         T24 supports five types of calculated payments:</p>
                <p>             • Constant – results in equal repayments.  This is used for ‘Annuity’ arrangements and requires both a Term Amount and Interest property to be specified. </p>
                <p>             • Linear – the Term Amount repayment remains fixed over the lifetime of the arrangement. Optional properties such as Interest, Charge, and Tax may be included.  The actual amounts calculated by these properties will be added to the fixed Term Amount repayment.  </p>
                <p>             • Actual – is used for repayment of calculated property classes (i.e. Interest, Charge, and Tax) and will be determined on each payment schedule date.</p>
                <p>             • Progressive – On choosing this type, a progressive percentage should be defined in the field PROG.PAY.PERC. System will calculate an amount which will be progressing by the rate specified in PROG.PAY.PERC. Exactly same as CONSTANT type when PROG.PAY.PERC is defined as 0. Optionally user routine could be attached for this type.</p>
                <p>             • Other – indicates that a user routine will calculate the repayment amounts.  </p>
                <p>             • Accelerated - In this calculation type payment amount would be calculated using Monthly frequency (e0Y e1M e0W e0D e0F) even if user has given the payment frequency as weekly or Bi-weekly.             Then the amount calculated for monthly will then be factored to the payment frequency defined in payment schedule to arrive at the final payment amount for each period i.e. divided by 2 or 4 based on whether frequency is Bi-weekly or weekly.    </p>
                <p/>
                <p>             This field is Mandatory.</p>
                <p/>
                <p>          Options are CONSTANT, LINEAR, ACTUAL, PROGRESSIVE, ACCELERATE or OTHER.</p>
                <p/>
                <p>             • Fixed Equal – is a blended payment that mandatorily includes principal and interest components and optionally can include charges. The FER is the amount the customer has adviced / agreed to repay towards the loan on a regular basis. In case of FER, the term can be defined or left blank for system to calculate the term based on FER specified.</p>
                <p/>
                <p>             • TRANSACTION - is used to generate due bill whenever there is a Disbursement activity on an loan Arrangement and the due amount calculated based on the disbursement amount. Account Property class and Schedule type are mandatory. </p>
                <p/>
            </desc>
        </t>
        <t>
            <field>COMBINE.BILL.AT.PARENT</field>
            <desc>
                <p>Help Text for this field is unavailable.  Please refer to the T24 User Guides for further information.</p>
            </desc>
        </t>
        <t>
            <field>DESCRIPTION</field>
            <desc>
                <p>This field describes the AA.PAYMENT.TYPE and is used for enrichment.</p>
                <p/>
                <p>           This is a Mandatory field.</p>
            </desc>
        </t>
        <t>
                    <field>EXTEND.CYCLE</field>
            <desc>
                <p> Indicates whether the property class needs to be extended beyond the payment end date. For example, if a scheduled ACTUAL payment type used for collecting specific charge needs to be collected even after the payment end date, the charge needs to be stated in this field</p>
                <p> Interest by default gets extended even after payment end date </p>
                <p> No cycling would happen for CONSTANT payment type even beyond payment end date though.</p>
                <p/>
            </desc>
        </t>
        <t>
            <field>MAND.PROP.CLASS</field>
            <desc>
                <p>This field represents the mandatory property classes that would be necessary for the payments.</p>
                <p/>
                <p>         The property classes entered in this field will be validated against the property field in payment schedule for a given payment type.Depending on the Calculation Type there may be rules as to the Property Classes specified:</p>
                <p>             • Constant – both Account and Interest properties are required. </p>
                <p>             • Linear – Account property is required</p>
                <p>             • Actual – Account property cannot be specified. </p>
                <p/>
                <p>             This is a multi value field.</p>
                <p/>
                <p/>
                <p>          Input must be a valid record from AA.PROPERTY.CLASS.</p>
                <p/>
            </desc>
        </t>
        <t>
            <field>PAYMENT.MODE</field>
            <desc>
                <p>This field will allow a user to collect the Interest amount upfront (at the start of the interest period)</p>
                <p/>
                <p>To achieve the above case, this field should be set to ADVANCE.</p>
                <p/>
                <p>Input in this field is allowed only when the CALC.TYPE is set to ACTUAL and MAND.PROP.CLASS is equal to INTEREST</p>
                <p/>
            </desc>
        </t>
        <t>
            <field>FINALISE.BILL</field>
            <desc>
                <p>Defines the number of days prior to the actual payment, when a bill needs to be finalised.</p>
            </desc>
        </t>
        <t>
            <field>ISSUE.BILL</field>
            <desc>
                <p/>
                <p>Flag to indicate whether we need to run ISSUEBILL and MAKEDUE separately or together. If the field is set to NO, then both would be combined and there would be no activity called ISSUEBILL and everything happens in Makedue. But bills would continue to exist normally even with NO.  Validations Option are NO or NULL. Default option is NULL which means ISSUEBILL activity would always run. BILL.PRODUCED should be set to 0 if option chosen is NO. </p>
                <p/>
            </desc>
        </t>
		<t>
            <field>MAX.PERCENTAGE</field>
            <desc>
                <p>To define the percentage in numerical value. The purpose of the field is to restrict the percentage definition in Percentage attribute in PAYMENT.SCHEDULE product conditions.</p>
                <p/>
            </desc>
        </t>
        <t>
            <field>NUM.PAYMENTS</field>
            <desc>
                <p>If a frequency has been specified the user can specify a Start Date or it can be defaulted from the Base Date.  Additionally an End Date or a Number of Payments can be specified to indicate to T24 when the payments should terminate. </p>
                <p/>
            </desc>
        </t>
        <t>
            <field>PAYMENT.FREQ</field>
            <desc>
                <p>This field indicates the frequency at which the payments will be made due. The actual payment date moves forward or backward depending on the values in the fields DATE.ADJUSTMENT and DATE.CONVENTION. One can also define a holiday period for the payment with the combination of the fields START.DATE, NO.OF.PAYMENTS and PAYMENT.FREQUENCY. </p>
                <p/>
            </desc>
        </t>
        <t>
            <field>PAYMENT.METHOD</field>
            <desc>
                <p>The user can specify whether the amount will be DUE/PAY/CAPITALISE</p>
            </desc>
        </t>
        <t>
            <field>PROPERTY</field>
            <desc>
                <p>For each Payment definition the user must specify the Properties.</p>
                <p>The property defined should match with the allowed property class defined for the payment type. </p>
                <p>Input must be a valid record from AA.PROPERTY.</p>
            </desc>
        </t>
		<t>
            <field>PERCENTAGE</field>
            <desc>
                <p>This field allows the user to define a percentage that would be applied on the outstanding balances and made due.</p>
            </desc>
        </t>
        <t>
            <field>PROG.PAY.PERC</field>
            <desc>
                <p/>
                <p>Used to specify the progressive percentage with which the system calculated payment amount has to progress on every payment. This is valid only for PAYMENT.TYPEs whose CALC.TYPE is set to PROGRESSIVE. This requires additional setup as defining the MAKEDUE activity in the field ON.ACTIVITY and setting RECALCULATE option as PROGRESSIVE.PAYMENT.  Validations:  Rate field. Can accept both positive and Negative progressivity Valid only for Payment types which are set to PROGRESSIVE </p>
                <p/>
            </desc>
        </t>
		<t>
            <field>START.DATE</field>
            <desc>
                <p>This field indicates the actual payment start date. If Start date is mentioned then the payment frequecy if specified is applied on the start date else it is defaulted from the Base Date.  Additionally an End Date or a Number of Payments can be specified to indicate to T24 when the payments should terminate. Adhoc payment dates can be defined by expanding the multivalue sets and defining the dates in the field START.DATE. Payment and Due Frequency needs to be null</p>
            </desc>
        </t>
		<t>
            <field>BILL.PRODUCED</field>
            <desc>
                <p>By default T24 will create the Bill on the due date, however for products which require a Bill notice to be sent in advance of the due date, it is possible for the user  to enter the number of days prior.  This will result in the due amounts being projected and recorded on the bill. Number of working days prior to the due date when the bill needs to be produced is defined in the field BILL.PRODUCED.</p>
            </desc>
        </t>
        <t>
            <field>BILL.TYPE</field>
            <desc>
                <p>Bill Type would be picked from EB.LOOKUP instead of the hard-coded values of PAYMENT, EXPECTED. However all the options would not be available for this field within PAYMENT.SCHEDULE</p>
            </desc>
        </t>
		<t>
            <field>END.DATE</field>
            <desc>
                <p>If a frequency has been specified the user can specify a Start Date or it can be defaulted from the Base Date.  Additionally an End Date or a Number of Payments can be specified to indicate to T24 when the payments should terminate.</p>
            </desc>
        </t>
    <t><field>K.TYPE</field><desc><p>Help Text for this field is unavailable.  Please refer to the T24 User Guides for further information.</p></desc></t></menu>
</t24help>
