<?xml version="1.0" encoding="utf-8"?>
<t24help xmlns:xsi="http://www.w3.org/2001/XMLSchema-instance">
    <header>
        <product>AA</product>
        <table>AA.PRD.DES.PREFERENTIAL.PRICING</table>
    </header>
    <overview>
        <ovdesc>
            <p>The table would allow for the configuration of the &quot;preferential&quot; pricing adjustments that should be made to financial arrangement for customers who have a certain relationship with the bank.</p>
        </ovdesc>
    </overview>
    <menu>
        <t>
            <field>BONUS.PROPERTY</field>
            <desc>
                <p>Credit Charge Property. Could be left blank to indicate the definition is applicable for ALL charge properties of this product/line.</p>
                <p/>
            </desc>
        </t>
        <t>
            <field>BONUS.UPLIFT</field>
            <desc>
                <p>Percentage Uplift – if specified as 50 the calculated bonus will be increased by 50%.  (mutually exclusive with BONUS.AMOUNT)</p>
                <p>Rate field to indicate the percentage value. If stated, cannot exceed 100 and cannot be less than 0.</p>
            </desc>
        </t>
        <t>
            <field>CHANGED.FIELDS</field>
            <desc>
                <p>No input and multi value field - lists all fields that have been negotiated for each dated version of the property. For a subsequently dated property, the attributes listed in this field will appear in &quot;Negotiated.Fields&quot; and only newly negotiated fields will appear on &quot;Changed.Fields&quot;</p>
            </desc>
        </t>
        <t>
            <field>CHARGE.ADJ.AMOUNT</field>
            <desc>
                <p>Adjustment Amount – Specifies the amount that has to be ‘added to’ or ‘subtracted from’ or ‘multiplied with’ the charge amount based on the Adjustment Operand.</p>
                <p>If Operand is not specified, the adjustment amount will be subtracted from the calculated / specified charge amount.</p>
                <p/>
                <p>Validation rules:</p>
                <p>Mutually exclusive with CHARGE.ADJ.PERCENTAGE and CHARGE.AMOUNT</p>
            </desc>
        </t>
        <t>
            <field>CHARGE.ADJ.OPERAND</field>
            <desc>
                <p>Adjustment Operand – Specifies whether the value in ‘Adjustment Amount’ or ‘Adjustment Percentage’ is added, subtracted, or multiplied to the calculated charge amount.</p>
                <p/>
                <p>Validation rules:</p>
                <p>1. Options – Add, Subtract and Multiply</p>
                <p>2. Optional Field, when left blank will be treated as ‘Subtract’ option.</p>
                <p>3. When defined, either CHARGE.ADJ.PERCENTAGE or CHARGE.ADJ.AMOUNT have to be mandatorily specified.</p>
            </desc>
        </t>
        <t>
            <field>CHARGE.AMOUNT</field>
            <desc>
                <p>Actual Charge Amount - if an amount is specified it will replace the amount calculated/specified on the arrangement (mutually exclusive with CHG.DISCOUNT).</p>
                <p/>
                <p/>
                <p>An amount specified hear must still adhere to the &quot;Minimum Charge&quot; and &quot;Charge Waive&quot; fields and any Periodic Attributes of the Charge Property Class.</p>
            </desc>
        </t>
        <t>
            <field>CHARGE.CURRENCY</field>
            <desc>
                <p>Currency of the arrangement and amount if specified. (mandatory if CHG.AMOUNT is populated)</p>
            </desc>
        </t>
        <t>
            <field>CHARGE.DISCOUNT</field>
            <desc>
                <p>Discount Percentage - if specified as 20 the calculated charge will be reduced by 20% (mutually exclusive with CHG.AMOUNT).</p>
                <p/>
                <p/>
                <p>Rate field to indicate the percentage value. If stated, cannot exceed 100 and cannot be less than 0.</p>
            </desc>
        </t>
        <t>
            <field>CHARGE.EXCLUDE</field>
            <desc>
                <p>Allows a user to mark a Property/Currency combination to be excluded from Preferential Pricing. This can be used in the case where there is a &quot;generic&quot; setting for preferential pricing (e.g. 20% off all charges) and the user wants to exclude a specific charge (e.g. ATM fee) or currency from the preferential pricing.</p>
            </desc>
        </t>
		<t>
            <field>CHARGE.SOURCE.PRODUCT</field>
            <desc>
                <p>Specifies the Source Product from which the charge related Preferential pricing condition is inherited </p>
				<p>No input field attribute</p>
				<p>This will be loaded only at the stage of Proof and Publish process</p>
				<p>Applicable only for REGIONAL.VARIATIONS Product line</p>
				<p>Would be a valid REGIONAL.VARIATIONS product</p>
            </desc>
        </t>
        <t>
            <field>CHARGE.PROD.GROUP</field>
            <desc>
                <p>Product Group for which this charge pricing is valid. Could be left blank to indicate the definition is applicable for ALL product groups.</p>
            </desc>
        </t>
        <t>
            <field>BONUS.ADJ.AMOUNT</field>
            <desc>
                <p>Adjustment Amount – Specifies the amount that has to be ‘added to’ or ‘subtracted from’ or ‘multiplied with’ the Bonus amount based on the Adjustment Operand.</p>
                <p>If Operand is not specified, the adjustment amount will be added to the calculated / specified Bonus amount.</p>
                <p/>
                <p>Validation rules:</p>
                <p>Mutually exclusive with BONUS.ADJ.PERCENTAGE and BONUS.AMOUNT</p>
            </desc>
        </t>
        <t>
            <field>CHARGE.PROD.LINE</field>
            <desc>
                <p>Product line for which this charge pricing is valid. Could be left blank to indicate the definition is applicable for ALL product lines for this relationship customer.</p>
            </desc>
        </t>
        <t>
            <field>CHARGE.PROD.VAR</field>
            <desc>
                <p>Product Variation for which this charge pricing is valid. Could be left blank to indicate the definition is applicable for ALL variations for this product.</p>
            </desc>
        </t>
        <t>
            <field>CHARGE.PRODUCT</field>
            <desc>
                <p>Specific Product for which this charge pricing is valid. Could be left blank to indicate the definition is applicable for ALL products.</p>
            </desc>
        </t>
        <t>
            <field>CHARGE.PROPERTY</field>
            <desc>
                <p>Debit Charge Property. Could be left blank to indicate the definition is applicable for ALL charge properties of this product/line.</p>
            </desc>
        </t>
        <t>
            <field>DEFAULT.ATTR.OPTION</field>
            <desc>
                <p>Optional field - Allowed Values are RESETTING and NON-RESETTING.</p>
                <p/>
                <p/>
                <p/>
                <p/>
                <p>RESETTING - During any Renewal Activities (for eg : change.product, rollover or reset) the property conditions will be reset from the product.</p>
                <p/>
                <p/>
                <p/>
                <p/>
                <p>NON-RESETTING - During any Renewal Activities property conditions will be maintained from the Arrangement level.</p>
                <p/>
                <p/>
                <p/>
                <p/>
                <p>Leaving the field blank sets NON-RESETTING as the default option.</p>
            </desc>
        </t>
        <t>
            <field>DEFAULT.NEGOTIABLE</field>
            <desc>
                <p>Defines whether all attributes (fields) can be negotiable or not.</p>
            </desc>
        </t>
        <t>
            <field>DESCRIPTION</field>
            <desc>
                <p>This field holds the language specific short description for the condition.</p>
            </desc>
        </t>
        <t>
            <field>FULL.DESCRIPTION</field>
            <desc>
                <p>This field holds the Full description for the condition. It </p>
            </desc>
        </t>
        <t>
            <field>ID.COMP.1</field>
            <desc>
                <p>Contains the arrangement number, extracted from the first component of the id</p>
                <p/>
                <p/>
                <p>Not applicable at product level</p>
                <p/>
                <p/>
                <p>System updated field no input allowed</p>
            </desc>
        </t>
        <t>
            <field>ID.COMP.2</field>
            <desc>
                <p>The action that was triggered on the arrangement property</p>
                <p/>
                <p/>
                <p>The action is taken from ACTIVITY.CLASS record of the underlying AA.ARRANGEMENT.ACTIVITY request that caused the record to be modified.</p>
            </desc>
        </t>
        <t>
            <field>BONUS.ADJ.OPERAND</field>
            <desc>
                <p>Adjustment Operand – Specifies whether the value in ‘Adjustment Amount’ or ‘Adjustment Percentage’ gets added or subtracted or multiplied to the calculated Bonus amount.</p>
                <p/>
                <p>Validation rules:</p>
                <p>1. Options – Add, Subtract and Multiply</p>
                <p>2. Optional Field, when left blank will be treated as ‘Add’ option.</p>
                <p>3. When defined, either BONUS.ADJ.PERCENTAGE or BONUS.ADJ.AMOUNT have to be mandatorily specified.</p>
            </desc>
        </t>
        <t>
            <field>ID.COMP.3</field>
            <desc>
                <p>Contains the effective date of the property condition</p>
                <p/>
                <p/>
                <p>Not applicable at product level</p>
                <p/>
                <p/>
                <p>System updated field no input allowed</p>
            </desc>
        </t>
        <t>
            <field>ID.COMP.4</field>
            <desc>
                <p>Reserved for future use</p>
                <p/>
                <p/>
                <p>Not applicable at product level</p>
                <p/>
                <p/>
                <p>System field no input allowed</p>
            </desc>
        </t>
        <t>
            <field>ID.COMP.5</field>
            <desc>
                <p>Reserved for future use</p>
                <p/>
                <p/>
                <p>Not applicable at product level</p>
                <p/>
                <p/>
                <p>System field no input allowed</p>
            </desc>
        </t>
        <t>
            <field>ID.COMP.6</field>
            <desc>
                <p>Reserved for future use</p>
                <p/>
                <p/>
                <p>Not applicable at product level</p>
                <p/>
                <p/>
                <p>System field no input allowed</p>
            </desc>
        </t>
        <t>
            <field>INT.CURRENCY</field>
            <desc>
                <p>Arrangement Currency (mandatory in all cases except when &quot;exclude&quot; is checked)</p>
                <p/>
            </desc>
        </t>
        <t>
            <field>INT.EXCLUDE</field>
            <desc>
                <p>Allows a user to mark a Property/Currency combination to be excluded from Preferential Pricing.  This can be used in the case where there is a &quot;generic&quot; setting for preferential pricing (e.g. Subtract 0.2 from all debit interest) and the user wants to exclude a specific product/property (e.g. debit interest on the special mortgage product) from the preferential pricing.</p>
            </desc>
        </t>
		<t>
            <field>INT.SOURCE.PRODUCT</field>
            <desc>
                <p>Specifies the Source Product from which the interest related Preferential pricing condition is inherited </p>
				<p>No input field attribute</p>
				<p>This will be loaded only at the stage of Proof and Publish process</p>
				<p>Applicable only for REGIONAL.VARIATIONS Product line</p>
				<p>Would be a valid REGIONAL.VARIATIONS product</p>
            </desc>
        </t>
        <t>
            <field>INT.FIXED.RATE</field>
            <desc>
                <p>Specifies a flat rate that overrides the rate specified in the product.</p>
                <p/>
                <p>Validation rules:</p>
                <p>A valid Rate to be specified</p>
            </desc>
        </t>
        <t>
            <field>INT.MARGIN</field>
            <desc>
                <p>Preferential Margin</p>
                <p>The final rate including the preferential margin would still respect all Periodic Attributes that have been defined.</p>
            </desc>
        </t>
        <t>
            <field>INT.OPERAND</field>
            <desc>
                <p>Operand to &apos;Add to&apos;, &apos;Subtract from&apos;, or &apos;Multiply&apos; the standard rate with the preferential margin.</p>
                <p/>
            </desc>
        </t>
        <t>
            <field>INT.PROD.GROUP</field>
            <desc>
                <p>Product Group for which this interest pricing is valid. Could be left blank to indicate the definition is applicable for ALL product groups.</p>
                <p/>
            </desc>
        </t>
        <t>
            <field>BONUS.AMOUNT</field>
            <desc>
                <p>Actual Bonus Amount  - if an amount is specified it will replace the amount calculated/specified on the arrangement (mutually exclusive with BONUS.UPLIFT)</p>
                <p>An amount specified here must still adhere to the &quot;Minimum Charge&quot; and &quot;Charge Waive&quot; fields and any Periodic Attributes of the Charge Property Class.</p>
            </desc>
        </t>
        <t>
            <field>INT.PROD.LINE</field>
            <desc>
                <p>Product line for which this Interest pricing is valid. Could be left blank to indicate the definition is applicable for ALL product lines for this relationship customer.</p>
                <p/>
            </desc>
        </t>
        <t>
            <field>INT.PROD.VAR</field>
            <desc>
                <p>Product Variation for which this charge pricing is valid. Could be left blank to indicate the definition is applicable for ALL variations for this product.</p>
                <p/>
            </desc>
        </t>
        <t>
            <field>INT.PRODUCT</field>
            <desc>
                <p>Specific Product for which this charge pricing is valid. Could be left blank to indicate the definition is applicable for ALL products.</p>
                <p/>
            </desc>
        </t>
        <t>
            <field>INT.PROPERTY</field>
            <desc>
                <p>Interest Property. Could be left blank to indicate the definition is applicable for ALL interest properties of this product/line.</p>
                <p/>
            </desc>
        </t>
        <t>
            <field>NEGOTIATED.FLDS</field>
            <desc>
                <p>No input and multi value field that lists the attributes on the arrangement property record that have been fixed and/or negotiated. These are stored when the arrangement level record is committed. When the arrangement level record is next used all items in the NEGOTIATED.FIELDS list will be maintained.</p>
                <p/>
                <p/>
                <p>Once an attribute has been fixed or negotiated it will remain in negotiated field list on all subsequent dated versions of the property.</p>
            </desc>
        </t>
        <t>
            <field>NR.ATTRIBUTE</field>
            <desc>
                <p>Defines which individual attribute (field) has the negotiation rules defined in fields &quot;Nr.Negotiable&quot; through to &quot;Nr.Message&quot;</p>
                <p>Must be a valid field name within this property</p>
                <p/>
                <p/>
                <p>This field is part of a multi value set</p>
            </desc>
        </t>
        <t>
            <field>NR.ATTRIBUTE.RULE</field>
            <desc>
                <p>Help Text for this field is unavailable.  Please refer to the T24 User Guides for further information.</p>
            </desc>
        </t>
        <t>
            <field>NR.MESSAGE</field>
            <desc>
                <p>This field indicates whether to raise error or override message when rule is broken</p>
                <p/>
                <p/>
                <p>Allows only two values ERROR or OVERRIDE</p>
                <p/>
                <p/>
                <p>ERROR error message is raised</p>
                <p/>
                <p/>
                <p>OVERRIDE Override message is generated</p>
            </desc>
        </t>
        <t>
            <field>NR.OPTIONS</field>
            <desc>
                <p>Defines named values to indicate if an option applies to the associated NR.ATTRIBUTE. More than one option can be associated with the NR.ATTRIBUTE, with certain restrictions.</p>
                <p/>
                <p/>
                <p/>
                <p/>
                <p/>
                <p/>
                <p>Valid Inputs are NEGOTIABLE, NON-NEGOTIABLE, OVERRIDE, FIX-VALUE, MANDATORY, COUNT as described below: -</p>
                <p/>
                <p/>
                <p/>
                <p/>
                <p>NEGOTIABLE</p>
                <p/>
                <p/>
                <p>The value of NEGOTIABLE will indicate that the associated NR.ATTRIBUTE can be negotiated at the arrangement level.</p>
                <p/>
                <p/>
                <p/>
                <p/>
                <p>NON-NEGOTIABLE</p>
                <p/>
                <p/>
                <p>The value of NON-NEGOTIABLE will indicate that the associated NR.ATTRIBUTE cannot be negotiated at the arrangement level. Both NEGOTIABLE and NON-NEGOTIABLE cannot be defined together</p>
                <p/>
                <p/>
                <p/>
                <p/>
                <p>OVERRIDE</p>
                <p/>
                <p/>
                <p>Specifies if a default override message should be generated if the default attribute is amended at the arrangement level. If OVERRIDE is not specified, no override will be generated.</p>
                <p/>
                <p/>
                <p/>
                <p/>
                <p>FIX-VALUE</p>
                <p/>
                <p/>
                <p>Specified if the field value is to be fixed at the arrangement level. If FIX-VALUE is not specified the field value will vary with the changes to the underlying product condition.</p>
                <p/>
                <p/>
                <p/>
                <p/>
                <p>MANDATORY</p>
                <p/>
                <p/>
                <p>Specifies if the attribute is mandatory for this product condition. Can only be specified where the attribute is not defined as mandatory in the property class.</p>
                <p/>
                <p>COUNT</p>
                <p>Specified to restrict the number of values that should satisfy the rule specified in NR.ATTRIBUTE.RULE. In absence of a rule, the count refers to the number of multi-value/sub-value.</p>
                <p>If the rule is not satisfied then error/override will be raised based on the NR.MESSAGE mentioned.</p>
            </desc>
        </t>
        <t>
            <field>NR.STD.COMP</field>
            <desc>
                <p>It is possible to define negotiation rules in EB.COMPARISON.TYPE.</p>
                <p>Input must be a valid record from EB.STANDARD.COMPARISON</p>
            </desc>
        </t>
        <t>
            <field>BONUS.CURRENCY</field>
            <desc>
                <p>Currency of the arrangement and amount if specified. (mandatory if BON.AMOUNT is populated)</p>
                <p>Should be a valid record in CURRENCY application</p>
            </desc>
        </t>
        <t>
            <field>NR.TYPE</field>
            <desc>
                <p>Defines the negotiation rule that is linked to the field defined in &quot;Nr.Attribute&quot;. If an attribute has a negotiation rule linked to it (in associated fields NR.TYPE, NR.VALUE and NR.MESSAGE) the attribute must be defined as negotiable.</p>
                <p/>
                <p/>
                <p>It is possible to define more than one negotiation rule for an attribute</p>
                <p/>
                <p/>
                <p/>
                <p/>
                <p/>
                <p/>
                <p>Input must be a valid record from EB.COMPARISON.TYPE</p>
                <p/>
                <p/>
                <p>This is a multi value set of fields</p>
            </desc>
        </t>
        <t>
            <field>NR.VALUE</field>
            <desc>
                <p>Defines the value that links to the rule in field &quot;Nr.Type&quot;</p>
            </desc>
        </t>
        <t>
            <field>NR.VALUE.SOURCE</field>
            <desc>
                <p>Help Text for this field is unavailable.  Please refer to the T24 User Guides for further information.</p>
            </desc>
        </t>
        <t>
            <field>OVERRIDE</field>
            <desc>
                <p>Standard Override field containing override messages generated by amendments to this property</p>
            </desc>
        </t>
        <t>
            <field>OWNING.COMPANY</field>
            <desc>
                <p>This field is used to capture the T24 Company(ies) that own the Product Condition record. There is no functionality attached to this field and can be used only for access control through SMS verification.</p>
                <p/>
                <p>The input in this field must be a valid record in company table and should belong to current financial group.</p>
                <p/>
                <p>This is a multi value field. Input in this field is optional.</p>
            </desc>
        </t>
        <t>
            <field>PERIODIC.CHG.ADJ.AMOUNT</field>
            <desc>
                <p>Adjustment Amount – Specifies the amount that has to be ‘added to’ or ‘subtracted from’ or ‘multiplied with’ the charge amount based on the Adjustment Operand.</p>
                <p/>
                <p>Validation rules:</p>
                <p>1. If Operand is not specified, the adjustment amount will be subtracted from the calculated / specified charge amount.</p>
                <p>2. Mutually exclusive with PERIODIC.CHG.ADJ.PERCENTAGE and PERIODIC.CHG.AMOUNT</p>
            </desc>
        </t>
        <t>
            <field>PERIODIC.CHG.ADJ.OPERAND</field>
            <desc>
                <p>Adjustment Operand – Specifies whether the value in ‘Adjustment Amount’ or ‘Adjustment Percentage’ is added, subtracted, or multiplied to the calculated debit charge amount.</p>
                <p/>
                <p>Validation rules:</p>
                <p>1. Options – Add, Subtract and Multiply</p>
                <p>2. Optional Field, when left blank will be treated as ‘Subtract’ option.</p>
                <p>3. When defined, either PERIODIC.CHG.ADJ.PERCENTAGE or PERIODIC.CHG.ADJ.AMOUNT have to be mandatorily specified.</p>
            </desc>
        </t>
        <t>
            <field>PERIODIC.CHG.ADJ.PERCENTAGE</field>
            <desc>
                <p>Adjustment Percentage – Specifies the Percentage by which the charge amount will be ‘Increased’ or ‘Decreased’ or ‘Multiplied’ based on the Adjustment Operand.</p>
                <p/>
                <p>Validation rules:</p>
                <p>1. If Operand is not specified, the charge amount will be decreased by the percentage.</p>
                <p>2. Mutually exclusive with PERIODIC.CHG.AMOUNT and PERIODIC.CHG.ADJ.AMOUNT</p>
            </desc>
        </t>
        <t>
            <field>PERIODIC.CHG.AMOUNT</field>
            <desc>
                <p>Actual Periodic Charge amount – Amount specified here will replace the debit charge amount calculated / specified at arrangement.</p>
                <p/>
                <p>Validation rules:</p>
                <p>Mutually exclusive with PERIODIC.CHG.ADJ.PERCENTAGE and PERIODIC.CHG.ADJ.AMOUNT</p>
            </desc>
        </t>
        <t>
            <field>PERIODIC.CHG.CURRENCY</field>
            <desc>
                <p>Currency of the Arrangement</p>
                <p/>
                <p>Validation rules:</p>
                <p>Mandatory is Periodic Charge Amount is specified</p>
            </desc>
        </t>
        <t>
            <field>BONUS.EXCLUDE</field>
            <desc>
                <p>Allows a user to mark a Property/Currency combination to be excluded from Preferential Pricing.  This can be used in the case where there is a &quot;generic&quot; setting for preferential pricing (e.g. 50% uplift for all bonuses) and the user wants to exclude a specific bonus (e.g. New Arrangement Rebate) or currency from the preferential pricing.</p>
            </desc>
        </t>
		<t>
            <field>BONUS.SOURCE.PRODUCT</field>
            <desc>
                <p>Specifies the Source Product from which the bonus related Preferential pricing condition is inherited </p>
				<p>No input field attribute</p>
				<p>This will be loaded only at the stage of Proof and Publish process</p>
				<p>Applicable only for REGIONAL.VARIATIONS Product line</p>
				<p>Would be a valid REGIONAL.VARIATIONS product</p>
            </desc>
        </t>
        <t>
            <field>PERIODIC.CHG.EXCLUDE</field>
            <desc>
                <p>Periodic Charge that has to be excluded from the pricing discount.</p>
                <p/>
                <p>Validation rules:</p>
                <p>Valid Values are YES or Null</p>
            </desc>
        </t>
		<t>
            <field>PERIODIC.CHG.SOURCE.PRODUCT</field>
            <desc>
                <p>Specifies the Source Product from which the periodic charge related Preferential pricing condition is inherited </p>
				<p>No input field attribute</p>
				<p>This will be loaded only at the stage of Proof and Publish process</p>
				<p>Applicable only for REGIONAL.VARIATIONS Product line</p>
				<p>Would be a valid REGIONAL.VARIATIONS product</p>
            </desc>
        </t>
        <t>
            <field>PERIODIC.CHG.PROD.GROUP</field>
            <desc>
                <p>Product Group to which the Periodic Charge Pricing should be applied</p>
                <p/>
                <p>Validation rules:</p>
                <p>The pricing will apply for all product groups in case the field is left blank</p>
            </desc>
        </t>
        <t>
            <field>PERIODIC.CHG.PROD.LINE</field>
            <desc>
                <p>Product Line to which the Periodic Charge Pricing should be applied.</p>
                <p/>
                <p>Validation rules:</p>
                <p>The pricing will apply for all product lines in case the field is left blank</p>
            </desc>
        </t>
        <t>
            <field>PERIODIC.CHG.PROD.VAR</field>
            <desc>
                <p>Product Variation to which the Periodic Charge Pricing should be applied</p>
                <p/>
                <p>Validation rules:</p>
                <p>The pricing will apply for all product variations in case the field is left blank</p>
            </desc>
        </t>
        <t>
            <field>PERIODIC.CHG.PRODUCT</field>
            <desc>
                <p>Product to which the Periodic Charge Pricing should be applied</p>
                <p/>
                <p>Validation rules:</p>
                <p>The pricing will apply for all products in case the field is left blank</p>
            </desc>
        </t>
        <t>
            <field>PERIODIC.CHG.PROPERTY</field>
            <desc>
                <p>Perioidic Charge Property to which the Periodic Charge Pricing should be applied</p>
                <p/>
                <p>Validation rules:</p>
                <p>1. The pricing will apply for all periodic charge propertiess in case the field is left blank.</p>
                <p>2. Should be DEBIT charge</p>
            </desc>
        </t>
        <t>
            <field>PR.APP.METHOD</field>
            <desc>
                <p>This will hold two values either DUE or CAPITALISE. This Field denote which application method(DUE or CAPITALISE)should be taken while applying periodic rule charges.</p>
            </desc>
        </t>
        <t>
            <field>PR.APP.PERIOD</field>
            <desc>
                <p>This will have to accept a valid T24 period. This Field will denote the application period for current application method.</p>
            </desc>
        </t>
        <t>
            <field>PR.ATTRIBUTE</field>
            <desc>
                <p>These are set of Attributes which define the names of the rule, which will be applied on certain attributes of property classes over a period of time.</p>
                <p>Input must be a valid record from AA.PERIODIC.ATTRIBUTE</p>
            </desc>
        </t>
        <t>
            <field>PR.BRK.CHARGE</field>
            <desc>
                <p>Charge can be collected when the periodic rule is broken</p>
                <p/>
                <p/>
                <p>This field denotes the charge property. The property and its condition is</p>
                <p/>
                <p/>
                <p>defined the product designer and validated during publishing</p>
                <p/>
                <p/>
                <p/>
                <p/>
                <p/>
                <p/>
                <p>Valid charge property</p>
            </desc>
        </t>
        <t>
            <field>BONUS.PROD.GROUP</field>
            <desc>
                <p>Product Group for which this charge pricing is valid. Could be left blank to indicate the definition is applicable for ALL product groups.</p>
                <p/>
            </desc>
        </t>
        <t>
            <field>PR.BRK.MSG</field>
            <desc>
                <p>Based on the PR.BRK.RES option selected, this will hold either an OVERRIDE or EB.ERROR id. By default the ids will be picked from the associated EB.COMPARISON.TYPE record. If CAP or FLOOR values are given, then the underlying AA.PERIODIC.ATTRIBUTE.CLASS should have this type defined in it.</p>
                <p>Input must be a valid OVERRIDE ID or EB.ERROR ID.</p>
            </desc>
        </t>
        <t>
            <field>PR.BRK.RES</field>
            <desc>
                <p>When a rule is broken what action needs to be taken is defined here. Currently, the various options available are </p>
                <p/>
                <p/>
                <p/>
                <p/>
                <p>Error block further processing</p>
                <p/>
                <p/>
                <p>Override Give an override</p>
                <p/>
                <p/>
                <p>Information Record details only</p>
                <p/>
                <p/>
                <p>CAP the rule value is to be used as a CAP if the rule is broken</p>
                <p/>
                <p/>
                <p>FLOOR the rule value is to be used as a FLOOR if the rule is broken</p>
                <p/>
                <p/>
                <p/>
                <p/>
                <p>Validation rules</p>
                <p/>
                <p/>
                <p>Should be one of the above valid options</p>
            </desc>
        </t>
        <t>
            <field>PR.RESERVED.1</field>
            <desc>
                <p>System field - reserved for future use</p>
            </desc>
        </t>
        <t>
            <field>PR.RESERVED.2</field>
            <desc>
                <p>System field - reserved for future use</p>
            </desc>
        </t>
        <t>
            <field>PR.RESERVED.3</field>
            <desc>
                <p>System field - reserved for future use</p>
            </desc>
        </t>
        <t>
            <field>PR.VALUE</field>
            <desc>
                <p>This is the actual rule value, which will be applied on certain attributes of the property classes over a period of time.</p>
                <p>Input must be a valid data type defined in the corresponding</p>
                <p/>
                <p/>
                <p>AA.PERIODIC.ATTRIBUTE.CLASS record.</p>
            </desc>
        </t>
        <t>
            <field>PRODUCT.KEY</field>
            <desc>
                <p>This field represents the key to the product level conditions of a property class</p>
                <p/>
                <p/>
                <p>This field basically has three components seperated by a hyphen</p>
                <p/>
                <p/>
                <p>Condition id</p>
                <p/>
                <p/>
                <p>Currency - if the property class is currency based. By default takes up local currency</p>
                <p/>
                <p/>
                <p>Effective date - if the property class is dated</p>
            </desc>
        </t>
        <t>
            <field>STMT.NOS</field>
            <desc>
                <p>System field - not used for property conditions</p>
            </desc>
        </t>
        <t>
            <field>SYS.RESERVE1</field>
            <desc>
                <p>System field - reserved for future use</p>
            </desc>
        </t>
        <t>
            <field>SYS.RESERVE2</field>
            <desc>
                <p>System field - reserved for future use</p>
            </desc>
        </t>
        <t>
            <field>BONUS.PROD.LINE</field>
            <desc>
                <p>Product line for which this charge pricing is valid. Could be left blank to indicate the definition is applicable for ALL product lines for this relationship customer.</p>
                <p/>
            </desc>
        </t>
        <t>
            <field>SYS.RESERVE3</field>
            <desc>
                <p>System field - reserved for future use</p>
            </desc>
        </t>
        <t>
            <field>SYS.RESERVE4</field>
            <desc>
                <p>System field - reserved for future use</p>
            </desc>
        </t>
        <t>
            <field>SYS.RESERVE6</field>
            <desc>
                <p>System field - reserved for future use</p>
            </desc>
        </t>
        <t>
            <field>SYS.RESERVE7</field>
            <desc>
                <p>System field - reserved for future use</p>
            </desc>
        </t>
        <t>
            <field>TARGET.PRODUCT</field>
            <desc>
                <p>This field denotes the target classic product of the given property class</p>
                <p/>
                <p/>
                <p/>
                <p/>
                <p>The already existing T24 products are mapped using AA infrastructure</p>
                <p/>
                <p/>
                <p>These are called classic products</p>
                <p/>
                <p/>
                <p>These products are mapped to different property classes</p>
            </desc>
        </t>
        <t>
            <field>BONUS.PROD.VAR</field>
            <desc>
                <p>Product Variation for which this charge pricing is valid. Could be left blank to indicate the definition is applicable for ALL variations for this product.</p>
                <p>Should be a valid record in EB.LOOKUP of AA.PRODUCT.VARIATION type.</p>
            </desc>
        </t>
        <t>
            <field>BONUS.PRODUCT</field>
            <desc>
                <p>Specific Product for which this charge pricing is valid. Could be left blank to indicate the definition is applicable for ALL producs.</p>
                <p/>
            </desc>
        </t>
    <t><field>API.ATTRIBUTE</field><desc><p>Help Text for this field is unavailable.  Please refer to the T24 User Guides for further information.</p></desc></t></menu>
</t24help>
