<?xml version="1.0" encoding="utf-8"?>
<t24help xmlns:xsi="http://www.w3.org/2001/XMLSchema-instance">
    <header>
        <product>AA</product>
        <table>AA.PRD.PRF.PRICING.RULES</table>
    </header>
    <menu>
        <t>
            <field>FILTER.BY.PRODUCT</field>
            <desc>
                <p>Certain Periodic Attributes are capable of evaluating the rule on multiple Arrangements (either based on associated arrangements from the Bundle or based on CRA). This is controlled by the Attribute Multi Arrangement in AA.PERIODIC.ATTRIBUTE. However, if there is a need to filter these multiple arrangements down to a sub-set based on the Products to which they belong, the same could be specified in this field.</p>
                <p>Before evaluating the Source on each of those Arrangements, system would filter that list down to only those belonging to the Product(s) specified here.</p>
                <p>Validation - Only valid AA.PRODUCT allowed</p>
            </desc>
        </t>
        <t>
            <field>ID.COMP.1</field>
            <desc>
                <p>Contains the arrangement number, extracted from the first component of the id</p>
                <p>Not applicable at product level</p>
                <p>System updated field no input allowed</p>
            </desc>
        </t>
        <t>
            <field>ID.COMP.2</field>
            <desc>
                <p>The action that was triggered on the arrangement property</p>
            </desc>
        </t>
        <t>
            <field>ID.COMP.3</field>
            <desc>
                <p>Contains the effective date of the property condition</p>
                <p>Not applicable at product level</p>
                <p>System updated field no input allowed</p>
            </desc>
        </t>
        <t>
            <field>ID.COMP.4</field>
            <desc>
                <p>Reserved for future use</p>
                <p>Not applicable at product level</p>
                <p>System field no input allowed</p>
            </desc>
        </t>
        <t>
            <field>ID.COMP.5</field>
            <desc>
                <p>Reserved for future use</p>
                <p>Not applicable at product level</p>
                <p>System field no input allowed</p>
            </desc>
        </t>
        <t>
            <field>ID.COMP.6</field>
            <desc>
                <p>Reserved for future use</p>
                <p>Not applicable at product level</p>
                <p>System field no input allowed</p>
            </desc>
        </t>
        <t>
            <field>LOGICAL.OPERAND</field>
            <desc>
                <p>In case of multiple rules defined in PRICING.RULE.NAME, value in this field specifies whether all rule or any one of the rule should pass to qualify for the pricing benefit.</p>
                <p>Mandatory field if multiple rules are defined in PRICING.RULE.NAME.</p>
            </desc>
        </t>
        <t>
            <field>NEGOTIATED.FLDS</field>
            <desc>
                <p>No input and multi value field that lists the attributes on the arrangement property record that have been fixed and/or negotiated. These are stored when the arrangement level record is committed. When the arrangement level record is next used all items in the NEGOTIATED.FIELDS list will be maintained.</p>
                <p>Once an attribute has been fixed or negotiated it will remain in negotiated field list on all subsequent dated versions of the property.</p>
            </desc>
        </t>
        <t>
            <field>NR.ATTRIBUTE</field>
            <desc>
                <p>Defines which individual attribute (field) has the negotiation rules defined in fields &quot;Nr.Negotiable&quot; through to &quot;Nr.Message&quot;</p>
                <p>Validation Rules:</p>
                <p>Must be a valid field name within this property</p>
                <p>This field is part of a multi value set</p>
            </desc>
        </t>
        <t>
            <field>NR.MESSAGE</field>
            <desc>
                <p>This field indicates whether to raise error or override message when rule is broken</p>
                <p>Allows only two values ERROR or OVERRIDE</p>
                <p>ERROR error message is raised</p>
                <p>OVERRIDE Override message is generated</p>
            </desc>
        </t>
        <t>
            <field>ADJUST.AMOUNT</field>
            <desc>
                <p>Specifies the Pricing Rules adjustment amount that need to be &apos;added to&apos; or &apos;subtracted from&apos; or &apos;multiplied with&apos; the charge amount.</p>
            </desc>
        </t>
		<t>
            <field>REGIONAL.PRODUCT</field>
            <desc>
                <p>Field to indicate the Regional Product from which the Property control process change has happened</p>
				<p>System maintained field that will be loaded during the Regional Pricing process stage</p>
				<p>Would be a valid REGIONAL.VARIATIONS product</p>
            </desc>
        </t>
		<t>
            <field>REGIONAL.PROPERTY.CONTROL</field>
            <desc>
                <p>Field to store the Property Control operation for Regional Variation process</p>
				<p>Specifies the Process option which is Merge or Replace or Suppress based on Property Control definition</p>
				<p>System maintained field that will be loaded during the Regional Pricing process stage</p>
            </desc>
        </t>
        <t>
            <field>NR.OPTIONS</field>
            <desc>
                <p>Defines named values to indicate if an option applies to the associated NR.ATTRIBUTE. More than one option can be associated with the NR.ATTRIBUTE, with certain restrictions.</p>
                <p>Validation Rules:</p>
                <p>Valid Inputs are NEGOTIABLE, NON-NEGOTIABLE, OVERRIDE, FIX-VALUE, MANDATORY, COUNT as described below: -</p>
                <p>NEGOTIABLE</p>
                <p>The value of NEGOTIABLE will indicate that the associated NR.ATTRIBUTE can be negotiated at the arrangement level.</p>
                <p>NON-NEGOTIABLE</p>
                <p>The value of NON-NEGOTIABLE will indicate that the associated NR.ATTRIBUTE cannot be negotiated at the arrangement level. Both NEGOTIABLE and NON-NEGOTIABLE cannot be defined together</p>
                <p>OVERRIDE</p>
                <p>Specifies if a default override message should be generated if the default attribute is amended at the arrangement level. If OVERRIDE is not specified, no override will be generated.</p>
                <p>FIX-VALUE</p>
                <p>Specified if the field value is to be fixed at the arrangement level. If FIX-VALUE is not specified the field value will vary with the changes to the underlying product condition.</p>
                <p>MANDATORY</p>
                <p>Specifies if the attribute is mandatory for this product condition. Can only be specified where the attribute is not defined as mandatory in the property class.</p>
                <p/>
                <p>COUNT</p>
                <p>Specified to restrict the number of values that should satisfy the rule specified in NR.ATTRIBUTE.RULE. In absence of a rule, the count refers to the number of multi-value/sub-value.</p>
                <p>If the rule is not satisfied then error/override will be raised based on the NR.MESSAGE mentioned.</p>
            </desc>
        </t>
        <t>
            <field>NR.STD.COMP</field>
            <desc>
                <p>It is possible to define negotiation rules in EB.COMPARISON.TYPE.</p>
                <p>Validation Rules:</p>
                <p>Input must be a valid record from EB.STANDARD.COMPARISON</p>
            </desc>
        </t>
        <t>
            <field>NR.TYPE</field>
            <desc>
                <p>Defines the negotiation rule that is linked to the field defined in &quot;Nr.Attribute&quot;. If an attribute has a negotiation rule linked to it (in associated fields NR.TYPE, NR.VALUE and NR.MESSAGE) the attribute must be defined as negotiable.</p>
                <p>It is possible to define more than one negotiation rule for an attribute</p>
                <p>Validation Rules:</p>
                <p>Input must be a valid record from EB.COMPARISON.TYPE</p>
                <p>This is a multi value set of fields</p>
            </desc>
        </t>
        <t>
            <field>NR.VALUE</field>
            <desc>
                <p>Defines the value that links to the rule in field &quot;Nr.Type&quot;</p>
            </desc>
        </t>
        <t>
            <field>OVERRIDE.VALUE</field>
            <desc>
                <p>If PRICING.PROPERTY is Charge / Periodic Charge, Specifies the Actual Charge Amount i.e. the amount specified here will be final charge amount and no calculation will be done based on the actual condition or discount rules. </p>
                <p>If PRICING.PROPERTY is Interest, Specifies the overriding Pricing Rules fixed rate that will replace the evaluated rate.</p>
            </desc>
        </t>
        <t>
            <field>OWNING.COMPANY</field>
            <desc>
                <p>This field is used to capture the T24 Company(ies) that own the Product Condition record. There is no functionality attached to this field and can be used only for access control through SMS verification.</p>
                <p/>
                <p>The input in this field must be a valid record in company table and should belong to current financial group.</p>
                <p/>
                <p>This is a multi value field. Input in this field is optional.</p>
            </desc>
        </t>
        <t>
            <field>PERIODIC.ATTRIBUTE</field>
            <desc>
                <p>Specifies the PERIODIC.ATTRIBUTE that has to be used for the evaluation.</p>
                <p>Mandatory input when PRICING.PROGRAM is specified.</p>
                <p>Dropdown list from AA.PERIODIC.ATTRIBUTE table.</p>
                <p>Only the Periodic attributes that belong to Pricing Rules are allowed.</p>
            </desc>
        </t>
        <t>
            <field>PLAN.RESET.FREQ</field>
            <desc>
                <p>Frequency on which to reset the plan to apply on to the financial arrangement from the customer’s current relationship plans.</p>
                <p>(Optional and Only Valid if method is “Automatic")</p>
                <p>This provides the option for the customer to periodically check that the client is still on the best plan taking into account any changes that may have been made to any of the plans for which the client is eligible.  This review will be done as a batch process.</p>
            </desc>
        </t>
        <t>
            <field>PLAN.RESET.FREQUENCY</field>
            <desc>
                <p>Frequency on which to reset the plan to apply on to the financial arrangement from the customer’s current relationship plans.</p>
                <p>(Optional and Only Valid if method is “Automatic")</p>
                <p>This provides the option for the customer to periodically check that the client is still on the best plan taking into account any changes that may have been made to any of the plans for which the client is eligible.  This review will be done as a batch process.</p>
            </desc>
        </t>
        <t>
            <field>PLAN.RESET.ON.ACT</field>
            <desc>
                <p>Activity to trigger a reset of the pricing plan.</p>
                <p>(Optional and Only Valid if method is &quot;Automatic&quot;)</p>
            </desc>
        </t>
        <t>
            <field>ADJUST.OPERAND</field>
            <desc>
                <p>Specifies the &apos;Adjustment Operand&apos; i.e. whether the specified Pricing Rules &apos;Adjustment Amount&apos; or &apos;Adjustment Percentage&apos; gets added or subtracted or multiplied to the calculated charge amount or interest rate</p>
            </desc>
        </t>
        <t>
            <field>PLAN.SELECT.METHOD</field>
            <desc>
                <p>Method used to select a Relationship Pricing arrangement to assign a financial arrangement.</p>
                <p>Automatic – The rules in this property will determine the pricing plan to apply.  </p>
                <p>Automatic or Manual – Same as automatic, but it allows a user to manually override this by assigning a plan manually.  Please note than in case a manually assigned plan is no longer available during a plan reset, the arrangement will go back to automatically choosing a plan.</p>
                <p>None – No plan will be selected and none can be entered manually.  Relationship pricing will not apply to the arrangement.</p>
                <p>(Mandatory)</p>
                <p/>
            </desc>
        </t>
        <t>
            <field>PLAN.SELECT.PROPERTY</field>
            <desc>
                <p>If "Best" is specified as the type, this specifies which arrangement interest property (e.g. DEPOSITINT) will be compared across eligible arrangements to determine which plan to select (i.e. which is best) following the following rules:</p>
                <p>Credit Interest – biggest increase</p>
                <p>Debit Interest – biggest rate decrease</p>
                <p/>
                <p>This is currently restricted to interest properties.</p>
                <p>Additionally, if two or more plans are "equal" then the system will automatically choose the more recent of the pricing arrangements.</p>
        <p>
            <p value="1">Should be a valid AA.PROPERTY belonging to INTEREST class.</p>
            <p value="2">It is an input-field only if the PLAN.SELECT.TYPE is BEST</p>
            <p value="3">Mandatory if the PLAN.SELECT.TYPE is BEST</p>
        </p>

            </desc>
        </t>
        <t>
            <field>PLAN.SELECT.TYPE</field>
            <desc>
                <p>If "Automatic" is specified as the method, this field denotes the type of automatic selection that will be done.</p>
                <p>Best – will use the best plan based on a single interest property.  Please note that in case that there is more than one pricing arrangement with an identical "best" benefit, the system will choose the one which was established most recently.</p>
            </desc>
        </t>
        <t>
            <field>PR.APP.METHOD</field>
            <desc>
                <p>This field denotes the application method that needs to be applied to the periodic rule charges.</p>
                <p>Allowed values are</p>
                <p>Due - The periodic rule charges are made due</p>
                <p>Capitalise - The periodic rule charges are capitalised</p>
            </desc>
        </t>
        <t>
            <field>PR.APP.PERIOD</field>
            <desc>
                <p>This field denotes the application period for the given periodic rule charges.</p>
                <p>The periodic rule charges will be applied at the end of the period. If the value defined is zero, then the charges are applied immediately.</p>
                <p>Standard T24 period field.</p>
            </desc>
        </t>
        <t>
            <field>PR.ATTRIBUTE</field>
            <desc>
                <p>These are set of Attributes which define the names of the rule, which will be applied on certain attributes of property classes over a period of time.</p>
                <p>Validation Rules:</p>
                <p>Input must be a valid record from AA.PERIODIC.ATTRIBUTE</p>
            </desc>
        </t>
        <t>
            <field>PR.BRK.CHARGE</field>
            <desc>
                <p>Charge can be collected when the periodic rule is broken</p>
                <p>This field denotes the charge property. The property and its condition is</p>
                <p>defined the product designer and validated during publishing</p>
                <p>Validation Rules:</p>
                <p>Valid charge property</p>
            </desc>
        </t>
        <t>
            <field>PR.BRK.MSG</field>
            <desc>
                <p>Based on the PR.BRK.RES option selected, this will hold either an OVERRIDE or EB.ERROR id. By default the ids will be picked from the associated EB.COMPARISON.TYPE record. If CAP or FLOOR values are given, then the underlying AA.PERIODIC.ATTRIBUTE.CLASS should have this type defined in it.</p>
                <p>Validation Rules:</p>
                <p>Input must be a valid OVERRIDE ID or EB.ERROR ID.</p>
            </desc>
        </t>
        <t>
            <field>PR.BRK.RES</field>
            <desc>
                <p>When a rule is broken what action needs to be taken is defined here. Currently, the various options available are</p>
                <p>Error block further processing</p>
                <p>Override Give an override</p>
                <p>Information Record details only</p>
                <p>CAP the rule value is to be used as a CAP if the rule is broken</p>
                <p>FLOOR the rule value is to be used as a FLOOR if the rule is broken</p>
                <p>Validation Rules:</p>
                <p>Should be one of the above valid options</p>
            </desc>
        </t>
        <t>
            <field>PR.VALUE</field>
            <desc>
                <p>his is the actual rule value, which will be applied on certain attributes of the property classes over a period of time.</p>
                <p>Validation Rules:</p>
                <p>Input must be a valid data type defined in the corresponding</p>
                <p>AA.PERIODIC.ATTRIBUTE.CLASS record.</p>
            </desc>
        </t>
        <t>
            <field>ADJUST.PERCENTAGE</field>
            <desc>
                <p>Specifies the Pricing Rules Adjustment Percentage by which the charge amount or interest rate will be &apos;Increased&apos; or &apos;Decreased&apos; or &apos;Multiplied&apos; based on the operand.</p>
            </desc>
        </t>
        <t>
            <field>PRICE.UPDATE.LINK</field>
            <desc>
                <p>Reserved for future use</p>
            </desc>
        </t>
        <t>
            <field>PRICE.UPDATE.ON.ACT</field>
            <desc>
                <p>This field specifies one or more activities that will result in the arrangement updating the preferential pricing that it is using. (e.g. resetting the relationship pricing on a deposit on each rollover date without changing plans).</p>
                <p>Should be a valid entry in AA.ACTIVITY.</p>
            </desc>
        </t>
        <t>
            <field>PRICING.BENEFIT</field>
            <desc>
                <p>Specifies the name of the benefit the customer is receiving.</p>
                <p>Dropdown from virtual table AA.PRICING.BENEFIT</p>
            </desc>
        </t>
        <t>
            <field>PRICING.PROGRAM</field>
            <desc>
                <p>Specifies the Pricing Program to which the Pricing Benefit rule belongs to.</p>
                <p>Dropdown from AA.PRICING.PROGRAM virtual table.</p>
                <p>Mandatory if any of the other fields in multi-value is defined.</p>
            </desc>
        </t>
        <t>
            <field>PRICING.PROPERTY</field>
            <desc>
                <p>Specifies the property for which the rule will be evaluated.</p>
                <p>Mandatory Input when PRICING.BENEFIT is defined.</p>
                <p>Dropdown list from AA.PROPERTY table.</p>
                <p>Only Properties that belong to property class that support pricing will be allowed i.e. Charge, Interest and Periodic Charges.</p>
            </desc>
        </t>
        <t>
            <field>PRICING.RULE.NAME</field>
            <desc>
                <p>Rule that is defined in RULE.NAME is allowed here. Multiple rules can be specified</p>
            </desc>
        </t>
        <t>
            <field>PRODUCT.KEY</field>
            <desc>
                <p>This field represents the key to the product level conditions of a property class</p>
                <p>This field basically has three components seperated by a hyphen</p>
                <p>Condition id</p>
                <p>Currency - if the property class is currency based. By default takes up local currency</p>
                <p>Effective date - if the property class is dated</p>
            </desc>
        </t>
        <t>
            <field>PROGRAM.LIMIT</field>
            <desc>
                <p>Specifies the maximum number of Program whose benefit can be applied.</p>
                <p>Optional Field</p>
                <p>Numeric 1-99</p>
                <p>If not specified, the benefits will be stacked</p>
            </desc>
        </t>
        <t>
            <field>RULE.NAME</field>
            <desc>
                <p>Specifies the name of the rule that needs to be evaluated. This is mapped to PRICING.RULE.NAME field.</p>
                <p>Free text</p>
            </desc>
        </t>
        <t>
            <field>RULE.SOURCE</field>
            <desc>
                <p>Specifies the rule source for the periodic attribute evaluation.</p>
            </desc>
        </t>
        <t>
            <field>CHANGED.FIELDS</field>
            <desc>
                <p>No input and multi value field - lists all fields that have been negotiated for each dated version of the property. For a subsequently dated property, the attributes listed in this field will appear in &quot;Negotiated.Fields&quot; and only newly negotiated fields will appear on &quot;Changed.Fields&quot;</p>
            </desc>
        </t>
        <t>
            <field>RULE.VALUE</field>
            <desc>
                <p>The rule value that will be used for evaluation of the rule.</p>
                <p>Mandatory Input when RULE.NAME is specified.</p>
                <p>Free Text, but value input will be validated based on the data type defined in the periodic attribute specified.</p>
            </desc>
        </t>
        <t>
            <field>SELECTED.PROGRAM</field>
            <desc>
                <p>Specifies the program selected to receive benefits.</p>
                <p>Dropdown from AA.PRICING.PROGRAM virtual table.</p>
                <p>If PROGRAM.LIMIT is specified, the number of multi-value cannot exceed the maximum number of program specified.</p>
                <p>Input not allowed when PROGRAM.LIMIT is not specified.</p>
            </desc>
        </t>
        <t>
            <field>STMT.NOS</field>
            <desc>
                <p>System field - not used for property conditions</p>
            </desc>
        </t>
        <t>
            <field>TARGET.PRODUCT</field>
            <desc>
                <p>This field denotes the target classic product of the given property class</p>
                <p>The already existing T24 products are mapped using AA infrastructure</p>
                <p>These products are mapped to different property clases</p>
            </desc>
        </t>
        <t>
            <field>TRIGGER</field>
            <desc>
                <p>Specifies when the rule will be run i.e. trigger event. Allowed options are :</p>
                <p>On Assessment – during the assessment of the property.</p>
                <p>After Assessment – post assessment of the property. Pricing benefits will be applied to the next period by updating the pricing fields in arrangement condition.</p>
                <p>On Accrual – on every accrual. This option is allowed only when PRICING.PROPERTY specified belongs to Interest </p>
            </desc>
        </t>
        <t>
            <field>DEFAULT.ATTR.OPTION</field>
            <desc>
                <p>Optional field - Allowed Values are RESETTING and NON-RESETTING.</p>
                <p>RESETTING - During any Renewal Activities (for eg : change.product) the property conditions will be reset from the product.</p>
                <p>NON-RESETTING - During any Renewal Activities property conditions will be maintained from the Arrangement level.</p>
                <p>Leaving the field blank sets NON-RESETTING as the default option.</p>
            </desc>
        </t>
        <t>
            <field>DEFAULT.NEGOTIABLE</field>
            <desc>
                <p>Defines whether all attributes (fields) can be negotiated or not.</p>
                <p>Validation Rules:</p>
                <p>This field is Mandatory at the designer level</p>
                <p>Valid options are YES and NO</p>
            </desc>
        </t>
        <t>
            <field>DESCRIPTION</field>
            <desc>
                <p>Describes this condition record and is used for enrichment.</p>
                <p>This field can be expanded to allow the User to enter the Description of the property condition in various languages. Each expansion of the field will correspond to a new Language as defined in the LANGUAGE table (Ref: GENERAL TABLES), and will indicate to the User the Language in which the Description must be entered.</p>
                <p>Validation Rules:</p>
                <p>Up to 35 type A (alphanumeric) characters</p>
                <p/>
            </desc>
        </t>
        <t>
            <field>EVALUATION</field>
            <desc>
                <p>Specifies when the Pricing benefit will be deemed as qualified.</p>
                <p>Pass – When the specified rule is satisifed.</p>
                <p>Fail – When the specified rule is broken.</p>
            </desc>
        </t>
        <t>
            <field>EVALUATION.RESULT</field>
            <desc>
                <p>Specifies the resultant action to be taken on the pricing property.</p>
                <p>Adjust – Adjusting the final value.</p>
                <p>Override – Overriding the final value with a different value.</p>
                <p>Waive – Waiving the value altogether.</p>
            </desc>
        </t>
        <t>
            <field>PERIODIC.RULE</field>
            <desc>
                <p>It holds the id of the AA.PERIODIC.RULE record</p>
                 <p>Defines that associated periodicattribute ,filterbyproduct and rules source fields are not required to input.
                    As those field values are taken from AA.PERIODIC.RULE.CATALOG record for evaluation.s</p>
            </desc>
        </t>
         <t>
         <field>PRICING.BENEFIT.PROGRAM</field>
            <desc>
                 <p>Specifies the Pricing Program to which the Pricing Benefit rule belongs to.</p>
                <p>Dropdown from AA.PRICING.PROGRAM virtual table.</p>
                <p>Mandatory when RULE.NAME is not specified.</p>
                <p>New field which accepts a valid program from AA.PRICING.PROGRAM. </p>
                  <p>  Mandatory when a PRICING.RULE.NAME is not specified.</p>
                  <p>  Mandatory if the same RULE.NAME is used more than once with different PRICING.PROGRAMs. This is so that the system can identify which specific rule must be run for the benefit.</p>
            </desc>
        </t>
        
        <t>
            <field>PRICING.CLASS</field>
            <desc>
                <p>It accepts CHARGE, INTEREST or PERIODIC.CHARGE Property Classes.
                If no PRICING.PROPERTIES are specified this means that the benefit applies to all CHARGE properties with the exception of any specified in PRICING.PROPERTY.EXCLUDE
                </p>
            </desc>
        </t>
        
        <t>
            <field>PRICING.PROPERTY.FILTER</field>
            <desc>
                <p>When a PRICING.CLASS is specified, the user must select whether the benefit applies to those properties. Although this is the most common use case, any TYPE can be specified here and will be used to filter out which Properties of a class the benefit applies to.</p>
                <p>Dropdown from AA.PROPERTY.PROPERTY.TYPE virtual table.</p>

            </desc>
        </t>
        
         <t>
            <field>PRICNG.PROPERTY.EXCLUE</field>
            <desc>
                <p>It accepts  YES/NO  which indicates if the properties specified in PRICING.PROPERTY are to be excluded from the benefit.
                Only allowed if PRICING.PROPERTY.CLASS and PRICING.PROPERTY are both specified..</p>

            </desc>
        </t>
        
    <t><field>FULL.DESCRIPTION</field><desc><p>Help Text for this field is unavailable.  Please refer to the T24 User Guides for further information.</p></desc></t><t><field>NR.ATTRIBUTE.RULE</field><desc><p>Help Text for this field is unavailable.  Please refer to the T24 User Guides for further information.</p></desc></t><t><field>NR.VALUE.SOURCE</field><desc><p>Help Text for this field is unavailable.  Please refer to the T24 User Guides for further information.</p></desc></t><t><field>API.ATTRIBUTE</field><desc><p>Help Text for this field is unavailable.  Please refer to the T24 User Guides for further information.</p></desc></t><t><field>PACKAGE.PRODUCT</field><desc><p>Help Text for this field is unavailable.  Please refer to the T24 User Guides for further information.</p></desc></t><t><field>EXPIRY.PERIOD</field><desc><p>Help Text for this field is unavailable.  Please refer to the T24 User Guides for further information.</p></desc></t><t><field>EXPIRY.DATE</field><desc><p>Help Text for this field is unavailable.  Please refer to the T24 User Guides for further information.</p></desc></t><t><field>PACKAGE.PROPERTY.CONTROL</field><desc><p>Help Text for this field is unavailable.  Please refer to the T24 User Guides for further information.</p></desc></t><t><field>PRICING.PROPERTY.EXCLUDE</field><desc><p>Help Text for this field is unavailable.  Please refer to the T24 User Guides for further information.</p></desc></t></menu>
</t24help>
